2025-06-29 14:27:10,649 - ERROR - ❌ Error in main execution: AWS credentials not found. Set AWS_ACCESS_KEY_ID and AWS_SECRET_ACCESS_KEY environment variables.
2025-06-29 14:27:54,135 - INFO - 🔍 Starting program analysis from bucket 'ddsfocustime'
2025-06-29 14:27:55,398 - WARNING - ⚠️ Skipping malformed key: screenshots/amirishaque67_at_gmail.com/DDSFocusPro_v1.3/2025-06-16_15-44-33_2025-06-16_15-44-32.webp
2025-06-29 14:27:55,399 - WARNING - ⚠️ Skipping malformed key: screenshots/amirishaque67_at_gmail.com/DDSFocusPro_v1.3/2025-06-16_15-44-42_2025-06-16_15-44-41.webp
2025-06-29 14:27:55,399 - WARNING - ⚠️ Skipping malformed key: screenshots/amirishaque67_at_gmail.com/DDSFocusPro_v1.3/2025-06-16_15-44-56_2025-06-16_15-44-56.webp
2025-06-29 14:27:55,399 - WARNING - ⚠️ Skipping malformed key: screenshots/amirishaque67_at_gmail.com/DSSFocus_Pro_Admin_Panel_Task/2025-06-10_17-48-25_2025-06-10_17-48-25.webp
2025-06-29 14:27:55,399 - WARNING - ⚠️ Skipping malformed key: screenshots/amirishaque67_at_gmail.com/DSSFocus_Pro_Admin_Panel_Task/2025-06-10_17-48-35_2025-06-10_17-48-34.webp
2025-06-29 14:27:55,399 - WARNING - ⚠️ Skipping malformed key: screenshots/amirishaque67_at_gmail.com/DSSFocus_Pro_Admin_Panel_Task/2025-06-10_17-48-44_2025-06-10_17-48-44.webp
2025-06-29 14:27:55,399 - WARNING - ⚠️ Skipping malformed key: screenshots/amirishaque67_at_gmail.com/DSSFocus_Pro_Admin_Panel_Task/2025-06-10_17-48-53_2025-06-10_17-48-53.webp
2025-06-29 14:27:55,399 - WARNING - ⚠️ Skipping malformed key: screenshots/amirishaque67_at_gmail.com/DSSFocus_Pro_Admin_Panel_Task/2025-06-10_17-49-02_2025-06-10_17-49-02.webp
2025-06-29 14:27:55,399 - WARNING - ⚠️ Skipping malformed key: screenshots/amirishaque67_at_gmail.com/DSSFocus_Pro_Admin_Panel_Task/2025-06-10_17-49-11_2025-06-10_17-49-11.webp
2025-06-29 14:27:55,399 - WARNING - ⚠️ Skipping malformed key: screenshots/amirishaque67_at_gmail.com/DSSFocus_Pro_Admin_Panel_Task/2025-06-10_17-49-22_2025-06-10_17-49-21.webp
2025-06-29 14:27:55,399 - WARNING - ⚠️ Skipping malformed key: screenshots/amirishaque67_at_gmail.com/DSSFocus_Pro_Admin_Panel_Task/2025-06-10_17-49-31_2025-06-10_17-49-30.webp
2025-06-29 14:27:55,400 - WARNING - ⚠️ Skipping malformed key: screenshots/amirishaque67_at_gmail.com/DSSFocus_Pro_Admin_Panel_Task/2025-06-10_17-49-40_2025-06-10_17-49-40.webp
2025-06-29 14:27:55,400 - WARNING - ⚠️ Skipping malformed key: screenshots/amirishaque67_at_gmail.com/DSSFocus_Pro_Admin_Panel_Task/2025-06-10_17-49-50_2025-06-10_17-49-50.webp
2025-06-29 14:27:55,400 - WARNING - ⚠️ Skipping malformed key: screenshots/amirishaque67_at_gmail.com/DSSFocus_Pro_Admin_Panel_Task/2025-06-10_17-49-59_2025-06-10_17-49-59.webp
2025-06-29 14:27:55,400 - WARNING - ⚠️ Skipping malformed key: screenshots/amirishaque67_at_gmail.com/DSSFocus_Pro_Admin_Panel_Task/2025-06-10_17-50-08_2025-06-10_17-50-08.webp
2025-06-29 14:27:55,400 - WARNING - ⚠️ Skipping malformed key: screenshots/amirishaque67_at_gmail.com/DSSFocus_Pro_Admin_Panel_Task/2025-06-10_17-50-17_2025-06-10_17-50-17.webp
2025-06-29 14:27:55,400 - WARNING - ⚠️ Skipping malformed key: screenshots/amirishaque67_at_gmail.com/DSSFocus_Pro_Admin_Panel_Task/2025-06-10_17-50-26_2025-06-10_17-50-26.webp
2025-06-29 14:27:55,400 - WARNING - ⚠️ Skipping malformed key: screenshots/amirishaque67_at_gmail.com/DSSFocus_Pro_Admin_Panel_Task/2025-06-10_17-50-35_2025-06-10_17-50-35.webp
2025-06-29 14:27:55,400 - WARNING - ⚠️ Skipping malformed key: screenshots/amirishaque67_at_gmail.com/DSSFocus_Pro_Admin_Panel_Task/2025-06-10_17-50-45_2025-06-10_17-50-45.webp
2025-06-29 14:27:55,400 - WARNING - ⚠️ Skipping malformed key: screenshots/amirishaque67_at_gmail.com/DSSFocus_Pro_Admin_Panel_Task/2025-06-10_17-50-54_2025-06-10_17-50-54.webp
2025-06-29 14:27:55,400 - WARNING - ⚠️ Skipping malformed key: screenshots/amirishaque67_at_gmail.com/DSSFocus_Pro_Admin_Panel_Task/2025-06-10_17-51-03_2025-06-10_17-51-03.webp
2025-06-29 14:27:55,400 - WARNING - ⚠️ Skipping malformed key: screenshots/amirishaque67_at_gmail.com/DSSFocus_Pro_Admin_Panel_Task/2025-06-10_17-51-12_2025-06-10_17-51-12.webp
2025-06-29 14:27:55,400 - WARNING - ⚠️ Skipping malformed key: screenshots/amirishaque67_at_gmail.com/DSSFocus_Pro_Admin_Panel_Task/2025-06-10_17-51-21_2025-06-10_17-51-20.webp
2025-06-29 14:27:55,400 - WARNING - ⚠️ Skipping malformed key: screenshots/amirishaque67_at_gmail.com/DSSFocus_Pro_Admin_Panel_Task/2025-06-10_17-51-29_2025-06-10_17-51-29.webp
2025-06-29 14:27:55,400 - WARNING - ⚠️ Skipping malformed key: screenshots/amirishaque67_at_gmail.com/DSSFocus_Pro_Admin_Panel_Task/2025-06-10_17-51-39_2025-06-10_17-51-38.webp
2025-06-29 14:27:55,401 - WARNING - ⚠️ Skipping malformed key: screenshots/amirishaque67_at_gmail.com/DSSFocus_Pro_Admin_Panel_Task/2025-06-10_17-51-49_2025-06-10_17-51-49.webp
2025-06-29 14:27:55,401 - WARNING - ⚠️ Skipping malformed key: screenshots/amirishaque67_at_gmail.com/DSSFocus_Pro_Admin_Panel_Task/2025-06-10_17-51-57_2025-06-10_17-51-57.webp
2025-06-29 14:27:55,401 - WARNING - ⚠️ Skipping malformed key: screenshots/amirishaque67_at_gmail.com/DSSFocus_Pro_Admin_Panel_Task/2025-06-10_17-52-07_2025-06-10_17-52-07.webp
2025-06-29 14:27:55,401 - WARNING - ⚠️ Skipping malformed key: screenshots/amirishaque67_at_gmail.com/DSSFocus_Pro_Admin_Panel_Task/2025-06-10_17-52-16_2025-06-10_17-52-15.webp
2025-06-29 14:27:55,401 - WARNING - ⚠️ Skipping malformed key: screenshots/amirishaque67_at_gmail.com/DSSFocus_Pro_Admin_Panel_Task/2025-06-10_17-52-25_2025-06-10_17-52-25.webp
2025-06-29 14:27:55,401 - WARNING - ⚠️ Skipping malformed key: screenshots/amirishaque67_at_gmail.com/DSSFocus_Pro_Admin_Panel_Task/2025-06-10_17-52-36_2025-06-10_17-52-35.webp
2025-06-29 14:27:55,401 - WARNING - ⚠️ Skipping malformed key: screenshots/amirishaque67_at_gmail.com/DSSFocus_Pro_Admin_Panel_Task/2025-06-10_17-52-44_2025-06-10_17-52-44.webp
2025-06-29 14:27:55,401 - WARNING - ⚠️ Skipping malformed key: screenshots/amirishaque67_at_gmail.com/DSSFocus_Pro_Admin_Panel_Task/2025-06-10_17-52-55_2025-06-10_17-52-55.webp
2025-06-29 14:27:55,401 - WARNING - ⚠️ Skipping malformed key: screenshots/amirishaque67_at_gmail.com/DSSFocus_Pro_Admin_Panel_Task/2025-06-10_17-53-04_2025-06-10_17-53-04.webp
2025-06-29 14:27:55,401 - WARNING - ⚠️ Skipping malformed key: screenshots/amirishaque67_at_gmail.com/DSSFocus_Pro_Admin_Panel_Task/2025-06-10_17-53-13_2025-06-10_17-53-13.webp
2025-06-29 14:27:55,401 - WARNING - ⚠️ Skipping malformed key: screenshots/amirishaque67_at_gmail.com/DSSFocus_Pro_Admin_Panel_Task/2025-06-10_17-53-22_2025-06-10_17-53-22.webp
2025-06-29 14:27:55,401 - WARNING - ⚠️ Skipping malformed key: screenshots/amirishaque67_at_gmail.com/DSSFocus_Pro_Admin_Panel_Task/2025-06-10_17-53-31_2025-06-10_17-53-31.webp
2025-06-29 14:27:55,401 - WARNING - ⚠️ Skipping malformed key: screenshots/amirishaque67_at_gmail.com/DSSFocus_Pro_Admin_Panel_Task/2025-06-10_17-53-40_2025-06-10_17-53-40.webp
2025-06-29 14:27:55,401 - WARNING - ⚠️ Skipping malformed key: screenshots/amirishaque67_at_gmail.com/DSSFocus_Pro_Admin_Panel_Task/2025-06-10_17-53-49_2025-06-10_17-53-49.webp
2025-06-29 14:27:55,401 - WARNING - ⚠️ Skipping malformed key: screenshots/amirishaque67_at_gmail.com/DSSFocus_Pro_Admin_Panel_Task/2025-06-10_17-53-59_2025-06-10_17-53-58.webp
2025-06-29 14:27:55,402 - WARNING - ⚠️ Skipping malformed key: screenshots/amirishaque67_at_gmail.com/DSSFocus_Pro_Admin_Panel_Task/2025-06-10_17-54-07_2025-06-10_17-54-07.webp
2025-06-29 14:27:55,402 - WARNING - ⚠️ Skipping malformed key: screenshots/amirishaque67_at_gmail.com/DSSFocus_Pro_Admin_Panel_Task/2025-06-10_17-54-16_2025-06-10_17-54-16.webp
2025-06-29 14:27:55,402 - WARNING - ⚠️ Skipping malformed key: screenshots/amirishaque67_at_gmail.com/DSSFocus_Pro_Admin_Panel_Task/2025-06-10_17-54-26_2025-06-10_17-54-26.webp
2025-06-29 14:27:55,402 - WARNING - ⚠️ Skipping malformed key: screenshots/amirishaque67_at_gmail.com/DSSFocus_Pro_Admin_Panel_Task/2025-06-10_17-54-36_2025-06-10_17-54-35.webp
2025-06-29 14:27:55,402 - WARNING - ⚠️ Skipping malformed key: screenshots/amirishaque67_at_gmail.com/DSSFocus_Pro_Admin_Panel_Task/2025-06-10_17-54-45_2025-06-10_17-54-45.webp
2025-06-29 14:27:55,402 - WARNING - ⚠️ Skipping malformed key: screenshots/amirishaque67_at_gmail.com/DSSFocus_Pro_Admin_Panel_Task/2025-06-10_17-54-55_2025-06-10_17-54-54.webp
2025-06-29 14:27:55,402 - WARNING - ⚠️ Skipping malformed key: screenshots/amirishaque67_at_gmail.com/DSSFocus_Pro_Admin_Panel_Task/2025-06-10_17-55-04_2025-06-10_17-55-04.webp
2025-06-29 14:27:55,402 - WARNING - ⚠️ Skipping malformed key: screenshots/amirishaque67_at_gmail.com/DSSFocus_Pro_Admin_Panel_Task/2025-06-10_17-55-14_2025-06-10_17-55-14.webp
2025-06-29 14:27:55,402 - WARNING - ⚠️ Skipping malformed key: screenshots/amirishaque67_at_gmail.com/DSSFocus_Pro_Admin_Panel_Task/2025-06-10_17-55-23_2025-06-10_17-55-23.webp
2025-06-29 14:27:55,402 - WARNING - ⚠️ Skipping malformed key: screenshots/amirishaque67_at_gmail.com/DSSFocus_Pro_Admin_Panel_Task/2025-06-10_17-55-33_2025-06-10_17-55-33.webp
2025-06-29 14:27:55,402 - WARNING - ⚠️ Skipping malformed key: screenshots/amirishaque67_at_gmail.com/DSSFocus_Pro_Admin_Panel_Task/2025-06-10_17-55-46_2025-06-10_17-55-46.webp
2025-06-29 14:27:55,402 - WARNING - ⚠️ Skipping malformed key: screenshots/amirishaque67_at_gmail.com/DSSFocus_Pro_Admin_Panel_Task/2025-06-10_17-55-58_2025-06-10_17-55-57.webp
2025-06-29 14:27:55,402 - WARNING - ⚠️ Skipping malformed key: screenshots/amirishaque67_at_gmail.com/DSSFocus_Pro_Admin_Panel_Task/2025-06-10_17-56-07_2025-06-10_17-56-07.webp
2025-06-29 14:27:55,402 - WARNING - ⚠️ Skipping malformed key: screenshots/amirishaque67_at_gmail.com/DSSFocus_Pro_Admin_Panel_Task/2025-06-10_17-56-16_2025-06-10_17-56-16.webp
2025-06-29 14:27:55,402 - WARNING - ⚠️ Skipping malformed key: screenshots/amirishaque67_at_gmail.com/DSSFocus_Pro_Admin_Panel_Task/2025-06-10_17-56-26_2025-06-10_17-56-25.webp
2025-06-29 14:27:55,403 - WARNING - ⚠️ Skipping malformed key: screenshots/amirishaque67_at_gmail.com/DSSFocus_Pro_Admin_Panel_Task/2025-06-10_17-56-35_2025-06-10_17-56-35.webp
2025-06-29 14:27:55,403 - WARNING - ⚠️ Skipping malformed key: screenshots/amirishaque67_at_gmail.com/DSSFocus_Pro_Admin_Panel_Task/2025-06-10_17-56-44_2025-06-10_17-56-44.webp
2025-06-29 14:27:55,403 - WARNING - ⚠️ Skipping malformed key: screenshots/amirishaque67_at_gmail.com/DSSFocus_Pro_Admin_Panel_Task/2025-06-10_17-56-54_2025-06-10_17-56-53.webp
2025-06-29 14:27:55,403 - WARNING - ⚠️ Skipping malformed key: screenshots/amirishaque67_at_gmail.com/DSSFocus_Pro_Admin_Panel_Task/2025-06-10_17-57-03_2025-06-10_17-57-02.webp
2025-06-29 14:27:55,403 - WARNING - ⚠️ Skipping malformed key: screenshots/amirishaque67_at_gmail.com/DSSFocus_Pro_Admin_Panel_Task/2025-06-10_17-57-12_2025-06-10_17-57-12.webp
2025-06-29 14:27:55,403 - WARNING - ⚠️ Skipping malformed key: screenshots/amirishaque67_at_gmail.com/DSSFocus_Pro_Admin_Panel_Task/2025-06-10_17-57-21_2025-06-10_17-57-21.webp
2025-06-29 14:27:55,403 - WARNING - ⚠️ Skipping malformed key: screenshots/amirishaque67_at_gmail.com/DSSFocus_Pro_Admin_Panel_Task/2025-06-10_17-57-30_2025-06-10_17-57-30.webp
2025-06-29 14:27:55,403 - WARNING - ⚠️ Skipping malformed key: screenshots/amirishaque67_at_gmail.com/DSSFocus_Pro_Admin_Panel_Task/2025-06-10_17-57-40_2025-06-10_17-57-39.webp
2025-06-29 14:27:55,403 - WARNING - ⚠️ Skipping malformed key: screenshots/amirishaque67_at_gmail.com/DSSFocus_Pro_Admin_Panel_Task/2025-06-10_17-57-49_2025-06-10_17-57-49.webp
2025-06-29 14:27:55,403 - WARNING - ⚠️ Skipping malformed key: screenshots/amirishaque67_at_gmail.com/DSSFocus_Pro_Admin_Panel_Task/2025-06-10_17-58-00_2025-06-10_17-58-00.webp
2025-06-29 14:27:55,403 - WARNING - ⚠️ Skipping malformed key: screenshots/amirishaque67_at_gmail.com/DSSFocus_Pro_Admin_Panel_Task/2025-06-10_17-58-09_2025-06-10_17-58-09.webp
2025-06-29 14:27:55,403 - WARNING - ⚠️ Skipping malformed key: screenshots/amirishaque67_at_gmail.com/DSSFocus_Pro_Admin_Panel_Task/2025-06-10_17-58-18_2025-06-10_17-58-18.webp
2025-06-29 14:27:55,403 - WARNING - ⚠️ Skipping malformed key: screenshots/amirishaque67_at_gmail.com/DSSFocus_Pro_Admin_Panel_Task/2025-06-10_17-58-28_2025-06-10_17-58-27.webp
2025-06-29 14:27:55,403 - WARNING - ⚠️ Skipping malformed key: screenshots/amirishaque67_at_gmail.com/DSSFocus_Pro_Admin_Panel_Task/2025-06-10_17-58-39_2025-06-10_17-58-39.webp
2025-06-29 14:27:55,404 - WARNING - ⚠️ Skipping malformed key: screenshots/amirishaque67_at_gmail.com/DSSFocus_Pro_Admin_Panel_Task/2025-06-10_17-58-48_2025-06-10_17-58-48.webp
2025-06-29 14:27:55,404 - WARNING - ⚠️ Skipping malformed key: screenshots/amirishaque67_at_gmail.com/DSSFocus_Pro_Admin_Panel_Task/2025-06-10_17-58-59_2025-06-10_17-58-58.webp
2025-06-29 14:27:55,404 - WARNING - ⚠️ Skipping malformed key: screenshots/amirishaque67_at_gmail.com/DSSFocus_Pro_Admin_Panel_Task/2025-06-10_17-59-10_2025-06-10_17-59-09.webp
2025-06-29 14:27:55,404 - WARNING - ⚠️ Skipping malformed key: screenshots/amirishaque67_at_gmail.com/DSSFocus_Pro_Admin_Panel_Task/2025-06-10_17-59-20_2025-06-10_17-59-20.webp
2025-06-29 14:27:55,404 - WARNING - ⚠️ Skipping malformed key: screenshots/amirishaque67_at_gmail.com/DSSFocus_Pro_Admin_Panel_Task/2025-06-10_17-59-30_2025-06-10_17-59-30.webp
2025-06-29 14:27:55,405 - WARNING - ⚠️ Skipping malformed key: screenshots/amirishaque67_at_gmail.com/DSSFocus_Pro_Admin_Panel_Task/2025-06-10_17-59-40_2025-06-10_17-59-39.webp
2025-06-29 14:27:55,405 - WARNING - ⚠️ Skipping malformed key: screenshots/amirishaque67_at_gmail.com/DSSFocus_Pro_Admin_Panel_Task/2025-06-10_17-59-50_2025-06-10_17-59-49.webp
2025-06-29 14:27:55,405 - WARNING - ⚠️ Skipping malformed key: screenshots/amirishaque67_at_gmail.com/DSSFocus_Pro_Admin_Panel_Task/2025-06-10_18-00-04_2025-06-10_18-00-04.webp
2025-06-29 14:27:55,405 - WARNING - ⚠️ Skipping malformed key: screenshots/amirishaque67_at_gmail.com/DSSFocus_Pro_Admin_Panel_Task/2025-06-10_18-00-14_2025-06-10_18-00-14.webp
2025-06-29 14:27:55,405 - WARNING - ⚠️ Skipping malformed key: screenshots/amirishaque67_at_gmail.com/DSSFocus_Pro_Admin_Panel_Task/2025-06-10_18-00-24_2025-06-10_18-00-24.webp
2025-06-29 14:27:55,405 - WARNING - ⚠️ Skipping malformed key: screenshots/amirishaque67_at_gmail.com/DSSFocus_Pro_Admin_Panel_Task/2025-06-10_18-00-34_2025-06-10_18-00-33.webp
2025-06-29 14:27:55,406 - WARNING - ⚠️ Skipping malformed key: screenshots/amirishaque67_at_gmail.com/DSSFocus_Pro_Admin_Panel_Task/2025-06-10_18-00-43_2025-06-10_18-00-43.webp
2025-06-29 14:27:55,406 - WARNING - ⚠️ Skipping malformed key: screenshots/amirishaque67_at_gmail.com/DSSFocus_Pro_Admin_Panel_Task/2025-06-10_18-00-53_2025-06-10_18-00-53.webp
2025-06-29 14:27:55,406 - WARNING - ⚠️ Skipping malformed key: screenshots/amirishaque67_at_gmail.com/DSSFocus_Pro_Admin_Panel_Task/2025-06-10_18-01-06_2025-06-10_18-01-06.webp
2025-06-29 14:27:55,406 - WARNING - ⚠️ Skipping malformed key: screenshots/amirishaque67_at_gmail.com/DSSFocus_Pro_Admin_Panel_Task/2025-06-10_18-01-15_2025-06-10_18-01-15.webp
2025-06-29 14:27:55,406 - WARNING - ⚠️ Skipping malformed key: screenshots/amirishaque67_at_gmail.com/DSSFocus_Pro_Admin_Panel_Task/2025-06-10_18-01-51_2025-06-10_18-01-51.webp
2025-06-29 14:27:55,406 - WARNING - ⚠️ Skipping malformed key: screenshots/amirishaque67_at_gmail.com/DSSFocus_Pro_Admin_Panel_Task/2025-06-10_18-02-01_2025-06-10_18-02-01.webp
2025-06-29 14:27:55,406 - WARNING - ⚠️ Skipping malformed key: screenshots/amirishaque67_at_gmail.com/DSSFocus_Pro_Admin_Panel_Task/2025-06-10_18-02-10_2025-06-10_18-02-10.webp
2025-06-29 14:27:55,406 - WARNING - ⚠️ Skipping malformed key: screenshots/amirishaque67_at_gmail.com/DSSFocus_Pro_Admin_Panel_Task/2025-06-10_18-02-19_2025-06-10_18-02-19.webp
2025-06-29 14:27:55,407 - WARNING - ⚠️ Skipping malformed key: screenshots/amirishaque67_at_gmail.com/DSSFocus_Pro_Admin_Panel_Task/2025-06-10_18-02-28_2025-06-10_18-02-28.webp
2025-06-29 14:27:55,407 - WARNING - ⚠️ Skipping malformed key: screenshots/amirishaque67_at_gmail.com/DSSFocus_Pro_Admin_Panel_Task/2025-06-10_18-02-37_2025-06-10_18-02-37.webp
2025-06-29 14:27:55,407 - WARNING - ⚠️ Skipping malformed key: screenshots/amirishaque67_at_gmail.com/DSSFocus_Pro_Admin_Panel_Task/2025-06-10_18-02-46_2025-06-10_18-02-46.webp
2025-06-29 14:27:55,407 - WARNING - ⚠️ Skipping malformed key: screenshots/amirishaque67_at_gmail.com/DSSFocus_Pro_Admin_Panel_Task/2025-06-10_18-02-55_2025-06-10_18-02-55.webp
2025-06-29 14:27:55,407 - WARNING - ⚠️ Skipping malformed key: screenshots/amirishaque67_at_gmail.com/DSSFocus_Pro_Admin_Panel_Task/2025-06-10_18-03-04_2025-06-10_18-03-04.webp
2025-06-29 14:27:55,407 - WARNING - ⚠️ Skipping malformed key: screenshots/amirishaque67_at_gmail.com/DSSFocus_Pro_Admin_Panel_Task/2025-06-10_18-03-17_2025-06-10_18-03-17.webp
2025-06-29 14:27:55,408 - WARNING - ⚠️ Skipping malformed key: screenshots/amirishaque67_at_gmail.com/DSSFocus_Pro_Admin_Panel_Task/2025-06-10_18-03-26_2025-06-10_18-03-26.webp
2025-06-29 14:27:55,408 - WARNING - ⚠️ Skipping malformed key: screenshots/amirishaque67_at_gmail.com/DSSFocus_Pro_Admin_Panel_Task/2025-06-10_18-03-35_2025-06-10_18-03-35.webp
2025-06-29 14:27:55,408 - WARNING - ⚠️ Skipping malformed key: screenshots/amirishaque67_at_gmail.com/DSSFocus_Pro_Admin_Panel_Task/2025-06-10_18-03-45_2025-06-10_18-03-44.webp
2025-06-29 14:27:55,408 - WARNING - ⚠️ Skipping malformed key: screenshots/amirishaque67_at_gmail.com/DSSFocus_Pro_Admin_Panel_Task/2025-06-10_18-03-54_2025-06-10_18-03-54.webp
2025-06-29 14:27:55,408 - WARNING - ⚠️ Skipping malformed key: screenshots/amirishaque67_at_gmail.com/DSSFocus_Pro_Admin_Panel_Task/2025-06-10_18-04-03_2025-06-10_18-04-03.webp
2025-06-29 14:27:55,408 - WARNING - ⚠️ Skipping malformed key: screenshots/amirishaque67_at_gmail.com/DSSFocus_Pro_Admin_Panel_Task/2025-06-10_18-04-13_2025-06-10_18-04-12.webp
2025-06-29 14:27:55,408 - WARNING - ⚠️ Skipping malformed key: screenshots/amirishaque67_at_gmail.com/DSSFocus_Pro_Admin_Panel_Task/2025-06-10_18-04-22_2025-06-10_18-04-22.webp
2025-06-29 14:27:55,408 - WARNING - ⚠️ Skipping malformed key: screenshots/amirishaque67_at_gmail.com/DSSFocus_Pro_Admin_Panel_Task/2025-06-10_18-04-31_2025-06-10_18-04-31.webp
2025-06-29 14:27:55,409 - WARNING - ⚠️ Skipping malformed key: screenshots/amirishaque67_at_gmail.com/DSSFocus_Pro_Admin_Panel_Task/2025-06-10_18-04-40_2025-06-10_18-04-40.webp
2025-06-29 14:27:55,409 - WARNING - ⚠️ Skipping malformed key: screenshots/amirishaque67_at_gmail.com/DSSFocus_Pro_Admin_Panel_Task/2025-06-10_18-04-50_2025-06-10_18-04-49.webp
2025-06-29 14:27:55,409 - WARNING - ⚠️ Skipping malformed key: screenshots/amirishaque67_at_gmail.com/DSSFocus_Pro_Admin_Panel_Task/2025-06-10_18-05-00_2025-06-10_18-05-00.webp
2025-06-29 14:27:55,409 - WARNING - ⚠️ Skipping malformed key: screenshots/amirishaque67_at_gmail.com/DSSFocus_Pro_Admin_Panel_Task/2025-06-10_18-05-12_2025-06-10_18-05-11.webp
2025-06-29 14:27:55,409 - WARNING - ⚠️ Skipping malformed key: screenshots/amirishaque67_at_gmail.com/DSSFocus_Pro_Admin_Panel_Task/2025-06-10_18-05-21_2025-06-10_18-05-21.webp
2025-06-29 14:27:55,409 - WARNING - ⚠️ Skipping malformed key: screenshots/amirishaque67_at_gmail.com/DSSFocus_Pro_Admin_Panel_Task/2025-06-10_18-05-40_2025-06-10_18-05-40.webp
2025-06-29 14:27:55,409 - WARNING - ⚠️ Skipping malformed key: screenshots/amirishaque67_at_gmail.com/DSSFocus_Pro_Admin_Panel_Task/2025-06-10_18-06-58_2025-06-10_18-06-57.webp
2025-06-29 14:27:55,409 - WARNING - ⚠️ Skipping malformed key: screenshots/amirishaque67_at_gmail.com/DSSFocus_Pro_Admin_Panel_Task/2025-06-10_18-07-08_2025-06-10_18-07-07.webp
2025-06-29 14:27:55,409 - WARNING - ⚠️ Skipping malformed key: screenshots/amirishaque67_at_gmail.com/DSSFocus_Pro_Admin_Panel_Task/2025-06-10_18-07-18_2025-06-10_18-07-17.webp
2025-06-29 14:27:55,409 - WARNING - ⚠️ Skipping malformed key: screenshots/amirishaque67_at_gmail.com/DSSFocus_Pro_Admin_Panel_Task/2025-06-10_18-07-29_2025-06-10_18-07-29.webp
2025-06-29 14:27:55,409 - WARNING - ⚠️ Skipping malformed key: screenshots/amirishaque67_at_gmail.com/DSSFocus_Pro_Admin_Panel_Task/2025-06-10_18-07-38_2025-06-10_18-07-38.webp
2025-06-29 14:27:55,410 - WARNING - ⚠️ Skipping malformed key: screenshots/amirishaque67_at_gmail.com/DSSFocus_Pro_Admin_Panel_Task/2025-06-10_18-07-48_2025-06-10_18-07-47.webp
2025-06-29 14:27:55,410 - WARNING - ⚠️ Skipping malformed key: screenshots/amirishaque67_at_gmail.com/DSSFocus_Pro_Admin_Panel_Task/2025-06-10_18-07-57_2025-06-10_18-07-57.webp
2025-06-29 14:27:55,410 - WARNING - ⚠️ Skipping malformed key: screenshots/amirishaque67_at_gmail.com/DSSFocus_Pro_Admin_Panel_Task/2025-06-10_18-08-06_2025-06-10_18-08-06.webp
2025-06-29 14:27:55,410 - WARNING - ⚠️ Skipping malformed key: screenshots/amirishaque67_at_gmail.com/DSSFocus_Pro_Admin_Panel_Task/2025-06-10_18-08-16_2025-06-10_18-08-16.webp
2025-06-29 14:27:55,410 - WARNING - ⚠️ Skipping malformed key: screenshots/amirishaque67_at_gmail.com/DSSFocus_Pro_Admin_Panel_Task/2025-06-10_18-08-26_2025-06-10_18-08-26.webp
2025-06-29 14:27:55,410 - WARNING - ⚠️ Skipping malformed key: screenshots/amirishaque67_at_gmail.com/DSSFocus_Pro_Admin_Panel_Task/2025-06-10_18-08-35_2025-06-10_18-08-35.webp
2025-06-29 14:27:55,410 - WARNING - ⚠️ Skipping malformed key: screenshots/amirishaque67_at_gmail.com/DSSFocus_Pro_Admin_Panel_Task/2025-06-10_18-08-45_2025-06-10_18-08-45.webp
2025-06-29 14:27:55,410 - WARNING - ⚠️ Skipping malformed key: screenshots/amirishaque67_at_gmail.com/DSSFocus_Pro_Admin_Panel_Task/2025-06-10_18-08-54_2025-06-10_18-08-54.webp
2025-06-29 14:27:55,410 - WARNING - ⚠️ Skipping malformed key: screenshots/amirishaque67_at_gmail.com/DSSFocus_Pro_Admin_Panel_Task/2025-06-10_18-09-04_2025-06-10_18-09-04.webp
2025-06-29 14:27:55,410 - WARNING - ⚠️ Skipping malformed key: screenshots/amirishaque67_at_gmail.com/DSSFocus_Pro_Admin_Panel_Task/2025-06-10_18-09-20_2025-06-10_18-09-20.webp
2025-06-29 14:27:55,410 - WARNING - ⚠️ Skipping malformed key: screenshots/amirishaque67_at_gmail.com/DSSFocus_Pro_Admin_Panel_Task/2025-06-10_18-09-30_2025-06-10_18-09-30.webp
2025-06-29 14:27:55,410 - WARNING - ⚠️ Skipping malformed key: screenshots/amirishaque67_at_gmail.com/DSSFocus_Pro_Admin_Panel_Task/2025-06-10_18-09-39_2025-06-10_18-09-39.webp
2025-06-29 14:27:55,410 - WARNING - ⚠️ Skipping malformed key: screenshots/amirishaque67_at_gmail.com/DSSFocus_Pro_Admin_Panel_Task/2025-06-10_18-09-48_2025-06-10_18-09-47.webp
2025-06-29 14:27:55,410 - WARNING - ⚠️ Skipping malformed key: screenshots/amirishaque67_at_gmail.com/DSSFocus_Pro_Admin_Panel_Task/2025-06-10_18-09-57_2025-06-10_18-09-57.webp
2025-06-29 14:27:55,410 - WARNING - ⚠️ Skipping malformed key: screenshots/amirishaque67_at_gmail.com/DSSFocus_Pro_Admin_Panel_Task/2025-06-10_18-10-06_2025-06-10_18-10-06.webp
2025-06-29 14:27:55,411 - WARNING - ⚠️ Skipping malformed key: screenshots/amirishaque67_at_gmail.com/DSSFocus_Pro_Admin_Panel_Task/2025-06-10_18-10-15_2025-06-10_18-10-15.webp
2025-06-29 14:27:55,411 - WARNING - ⚠️ Skipping malformed key: screenshots/amirishaque67_at_gmail.com/DSSFocus_Pro_Admin_Panel_Task/2025-06-10_18-10-27_2025-06-10_18-10-27.webp
2025-06-29 14:27:55,411 - WARNING - ⚠️ Skipping malformed key: screenshots/amirishaque67_at_gmail.com/DSSFocus_Pro_Admin_Panel_Task/2025-06-10_18-10-36_2025-06-10_18-10-36.webp
2025-06-29 14:27:55,411 - WARNING - ⚠️ Skipping malformed key: screenshots/amirishaque67_at_gmail.com/DSSFocus_Pro_Admin_Panel_Task/2025-06-10_18-10-46_2025-06-10_18-10-46.webp
2025-06-29 14:27:55,411 - WARNING - ⚠️ Skipping malformed key: screenshots/amirishaque67_at_gmail.com/DSSFocus_Pro_Admin_Panel_Task/2025-06-10_18-10-55_2025-06-10_18-10-55.webp
2025-06-29 14:27:55,411 - WARNING - ⚠️ Skipping malformed key: screenshots/amirishaque67_at_gmail.com/DSSFocus_Pro_Admin_Panel_Task/2025-06-10_18-11-04_2025-06-10_18-11-04.webp
2025-06-29 14:27:55,411 - WARNING - ⚠️ Skipping malformed key: screenshots/amirishaque67_at_gmail.com/DSSFocus_Pro_Admin_Panel_Task/2025-06-10_18-11-13_2025-06-10_18-11-13.webp
2025-06-29 14:27:55,411 - WARNING - ⚠️ Skipping malformed key: screenshots/amirishaque67_at_gmail.com/DSSFocus_Pro_Admin_Panel_Task/2025-06-10_18-11-22_2025-06-10_18-11-22.webp
2025-06-29 14:27:55,411 - WARNING - ⚠️ Skipping malformed key: screenshots/amirishaque67_at_gmail.com/DSSFocus_Pro_Admin_Panel_Task/2025-06-10_18-11-31_2025-06-10_18-11-31.webp
2025-06-29 14:27:55,411 - WARNING - ⚠️ Skipping malformed key: screenshots/amirishaque67_at_gmail.com/DSSFocus_Pro_Admin_Panel_Task/2025-06-10_18-11-41_2025-06-10_18-11-41.webp
2025-06-29 14:27:55,411 - WARNING - ⚠️ Skipping malformed key: screenshots/amirishaque67_at_gmail.com/DSSFocus_Pro_Admin_Panel_Task/2025-06-10_18-11-51_2025-06-10_18-11-50.webp
2025-06-29 14:27:55,411 - WARNING - ⚠️ Skipping malformed key: screenshots/amirishaque67_at_gmail.com/DSSFocus_Pro_Admin_Panel_Task/2025-06-10_18-12-00_2025-06-10_18-12-00.webp
2025-06-29 14:27:55,411 - WARNING - ⚠️ Skipping malformed key: screenshots/amirishaque67_at_gmail.com/DSSFocus_Pro_Admin_Panel_Task/2025-06-10_18-12-09_2025-06-10_18-12-09.webp
2025-06-29 14:27:55,411 - WARNING - ⚠️ Skipping malformed key: screenshots/amirishaque67_at_gmail.com/DSSFocus_Pro_Admin_Panel_Task/2025-06-10_18-13-13_2025-06-10_18-13-13.webp
2025-06-29 14:27:55,411 - WARNING - ⚠️ Skipping malformed key: screenshots/amirishaque67_at_gmail.com/DSSFocus_Pro_Admin_Panel_Task/2025-06-10_18-13-31_2025-06-10_18-13-31.webp
2025-06-29 14:27:55,412 - WARNING - ⚠️ Skipping malformed key: screenshots/amirishaque67_at_gmail.com/DSSFocus_Pro_Admin_Panel_Task/2025-06-10_18-13-51_2025-06-10_18-13-51.webp
2025-06-29 14:27:55,412 - WARNING - ⚠️ Skipping malformed key: screenshots/amirishaque67_at_gmail.com/DSSFocus_Pro_Admin_Panel_Task/2025-06-10_18-14-00_2025-06-10_18-14-00.webp
2025-06-29 14:27:55,412 - WARNING - ⚠️ Skipping malformed key: screenshots/amirishaque67_at_gmail.com/DSSFocus_Pro_Admin_Panel_Task/2025-06-10_18-14-09_2025-06-10_18-14-09.webp
2025-06-29 14:27:55,412 - WARNING - ⚠️ Skipping malformed key: screenshots/amirishaque67_at_gmail.com/DSSFocus_Pro_Admin_Panel_Task/2025-06-10_18-14-23_2025-06-10_18-14-23.webp
2025-06-29 14:27:55,412 - WARNING - ⚠️ Skipping malformed key: screenshots/amirishaque67_at_gmail.com/DSSFocus_Pro_Admin_Panel_Task/2025-06-10_18-14-37_2025-06-10_18-14-37.webp
2025-06-29 14:27:55,413 - WARNING - ⚠️ Skipping malformed key: screenshots/amirishaque67_at_gmail.com/DSSFocus_Pro_Admin_Panel_Task/2025-06-10_18-14-48_2025-06-10_18-14-48.webp
2025-06-29 14:27:55,413 - WARNING - ⚠️ Skipping malformed key: screenshots/amirishaque67_at_gmail.com/DSSFocus_Pro_Admin_Panel_Task/2025-06-10_18-15-01_2025-06-10_18-15-01.webp
2025-06-29 14:27:55,413 - WARNING - ⚠️ Skipping malformed key: screenshots/amirishaque67_at_gmail.com/DSSFocus_Pro_Admin_Panel_Task/2025-06-10_18-15-40_2025-06-10_18-15-40.webp
2025-06-29 14:27:55,413 - WARNING - ⚠️ Skipping malformed key: screenshots/amirishaque67_at_gmail.com/DSSFocus_Pro_Admin_Panel_Task/2025-06-10_18-16-08_2025-06-10_18-16-08.webp
2025-06-29 14:27:55,413 - WARNING - ⚠️ Skipping malformed key: screenshots/amirishaque67_at_gmail.com/DSSFocus_Pro_Admin_Panel_Task/2025-06-10_18-16-24_2025-06-10_18-16-24.webp
2025-06-29 14:27:55,413 - WARNING - ⚠️ Skipping malformed key: screenshots/amirishaque67_at_gmail.com/DSSFocus_Pro_Admin_Panel_Task/2025-06-10_18-16-35_2025-06-10_18-16-35.webp
2025-06-29 14:27:55,414 - WARNING - ⚠️ Skipping malformed key: screenshots/amirishaque67_at_gmail.com/DSSFocus_Pro_Admin_Panel_Task/2025-06-10_18-16-48_2025-06-10_18-16-48.webp
2025-06-29 14:27:55,414 - WARNING - ⚠️ Skipping malformed key: screenshots/amirishaque67_at_gmail.com/DSSFocus_Pro_Admin_Panel_Task/2025-06-10_18-16-58_2025-06-10_18-16-57.webp
2025-06-29 14:27:55,414 - WARNING - ⚠️ Skipping malformed key: screenshots/amirishaque67_at_gmail.com/DSSFocus_Pro_Admin_Panel_Task/2025-06-10_18-17-07_2025-06-10_18-17-07.webp
2025-06-29 14:27:55,414 - WARNING - ⚠️ Skipping malformed key: screenshots/amirishaque67_at_gmail.com/DSSFocus_Pro_Admin_Panel_Task/2025-06-10_18-17-16_2025-06-10_18-17-15.webp
2025-06-29 14:27:55,414 - WARNING - ⚠️ Skipping malformed key: screenshots/amirishaque67_at_gmail.com/DSSFocus_Pro_Admin_Panel_Task/2025-06-10_18-18-11_2025-06-10_18-18-11.webp
2025-06-29 14:27:55,414 - WARNING - ⚠️ Skipping malformed key: screenshots/amirishaque67_at_gmail.com/DSSFocus_Pro_Admin_Panel_Task/2025-06-10_18-18-20_2025-06-10_18-18-20.webp
2025-06-29 14:27:55,414 - WARNING - ⚠️ Skipping malformed key: screenshots/amirishaque67_at_gmail.com/DSSFocus_Pro_Admin_Panel_Task/2025-06-10_18-18-29_2025-06-10_18-18-29.webp
2025-06-29 14:27:55,414 - WARNING - ⚠️ Skipping malformed key: screenshots/amirishaque67_at_gmail.com/DSSFocus_Pro_Admin_Panel_Task/2025-06-10_18-18-38_2025-06-10_18-18-38.webp
2025-06-29 14:27:55,414 - WARNING - ⚠️ Skipping malformed key: screenshots/amirishaque67_at_gmail.com/DSSFocus_Pro_Admin_Panel_Task/2025-06-10_18-18-47_2025-06-10_18-18-47.webp
2025-06-29 14:27:55,414 - WARNING - ⚠️ Skipping malformed key: screenshots/amirishaque67_at_gmail.com/DSSFocus_Pro_Admin_Panel_Task/2025-06-10_18-18-56_2025-06-10_18-18-56.webp
2025-06-29 14:27:55,415 - WARNING - ⚠️ Skipping malformed key: screenshots/amirishaque67_at_gmail.com/DSSFocus_Pro_Admin_Panel_Task/2025-06-10_18-19-05_2025-06-10_18-19-04.webp
2025-06-29 14:27:55,415 - WARNING - ⚠️ Skipping malformed key: screenshots/amirishaque67_at_gmail.com/DSSFocus_Pro_Admin_Panel_Task/2025-06-10_18-19-14_2025-06-10_18-19-13.webp
2025-06-29 14:27:55,415 - WARNING - ⚠️ Skipping malformed key: screenshots/amirishaque67_at_gmail.com/DSSFocus_Pro_Admin_Panel_Task/2025-06-10_18-19-23_2025-06-10_18-19-22.webp
2025-06-29 14:27:55,415 - WARNING - ⚠️ Skipping malformed key: screenshots/amirishaque67_at_gmail.com/DSSFocus_Pro_Admin_Panel_Task/2025-06-10_18-19-32_2025-06-10_18-19-32.webp
2025-06-29 14:27:55,415 - WARNING - ⚠️ Skipping malformed key: screenshots/amirishaque67_at_gmail.com/DSSFocus_Pro_Admin_Panel_Task/2025-06-10_18-19-41_2025-06-10_18-19-41.webp
2025-06-29 14:27:55,415 - WARNING - ⚠️ Skipping malformed key: screenshots/amirishaque67_at_gmail.com/DSSFocus_Pro_Admin_Panel_Task/2025-06-10_18-19-50_2025-06-10_18-19-50.webp
2025-06-29 14:27:55,415 - WARNING - ⚠️ Skipping malformed key: screenshots/amirishaque67_at_gmail.com/DSSFocus_Pro_Admin_Panel_Task/2025-06-10_18-19-59_2025-06-10_18-19-59.webp
2025-06-29 14:27:55,415 - WARNING - ⚠️ Skipping malformed key: screenshots/amirishaque67_at_gmail.com/DSSFocus_Pro_Admin_Panel_Task/2025-06-10_18-20-08_2025-06-10_18-20-08.webp
2025-06-29 14:27:55,415 - WARNING - ⚠️ Skipping malformed key: screenshots/amirishaque67_at_gmail.com/DSSFocus_Pro_Admin_Panel_Task/2025-06-10_18-20-17_2025-06-10_18-20-17.webp
2025-06-29 14:27:55,415 - WARNING - ⚠️ Skipping malformed key: screenshots/amirishaque67_at_gmail.com/DSSFocus_Pro_Admin_Panel_Task/2025-06-10_18-20-25_2025-06-10_18-20-25.webp
2025-06-29 14:27:55,415 - WARNING - ⚠️ Skipping malformed key: screenshots/amirishaque67_at_gmail.com/DSSFocus_Pro_Admin_Panel_Task/2025-06-10_18-20-34_2025-06-10_18-20-34.webp
2025-06-29 14:27:55,415 - WARNING - ⚠️ Skipping malformed key: screenshots/amirishaque67_at_gmail.com/DSSFocus_Pro_Admin_Panel_Task/2025-06-10_18-20-43_2025-06-10_18-20-43.webp
2025-06-29 14:27:55,415 - WARNING - ⚠️ Skipping malformed key: screenshots/amirishaque67_at_gmail.com/DSSFocus_Pro_Admin_Panel_Task/2025-06-10_18-20-52_2025-06-10_18-20-52.webp
2025-06-29 14:27:55,415 - WARNING - ⚠️ Skipping malformed key: screenshots/amirishaque67_at_gmail.com/DSSFocus_Pro_Admin_Panel_Task/2025-06-10_18-21-01_2025-06-10_18-21-01.webp
2025-06-29 14:27:55,415 - WARNING - ⚠️ Skipping malformed key: screenshots/amirishaque67_at_gmail.com/DSSFocus_Pro_Admin_Panel_Task/2025-06-10_18-21-10_2025-06-10_18-21-09.webp
2025-06-29 14:27:55,416 - WARNING - ⚠️ Skipping malformed key: screenshots/amirishaque67_at_gmail.com/DSSFocus_Pro_Admin_Panel_Task/2025-06-10_18-21-18_2025-06-10_18-21-18.webp
2025-06-29 14:27:55,416 - WARNING - ⚠️ Skipping malformed key: screenshots/amirishaque67_at_gmail.com/DSSFocus_Pro_Admin_Panel_Task/2025-06-10_18-21-27_2025-06-10_18-21-27.webp
2025-06-29 14:27:55,416 - WARNING - ⚠️ Skipping malformed key: screenshots/amirishaque67_at_gmail.com/DSSFocus_Pro_Admin_Panel_Task/2025-06-10_18-21-36_2025-06-10_18-21-36.webp
2025-06-29 14:27:55,416 - WARNING - ⚠️ Skipping malformed key: screenshots/amirishaque67_at_gmail.com/DSSFocus_Pro_Admin_Panel_Task/2025-06-10_18-21-46_2025-06-10_18-21-45.webp
2025-06-29 14:27:55,416 - WARNING - ⚠️ Skipping malformed key: screenshots/amirishaque67_at_gmail.com/DSSFocus_Pro_Admin_Panel_Task/2025-06-10_18-21-55_2025-06-10_18-21-55.webp
2025-06-29 14:27:55,416 - WARNING - ⚠️ Skipping malformed key: screenshots/amirishaque67_at_gmail.com/DSSFocus_Pro_Admin_Panel_Task/2025-06-10_18-22-04_2025-06-10_18-22-03.webp
2025-06-29 14:27:55,416 - WARNING - ⚠️ Skipping malformed key: screenshots/amirishaque67_at_gmail.com/DSSFocus_Pro_Admin_Panel_Task/2025-06-10_18-22-13_2025-06-10_18-22-12.webp
2025-06-29 14:27:55,416 - WARNING - ⚠️ Skipping malformed key: screenshots/amirishaque67_at_gmail.com/DSSFocus_Pro_Admin_Panel_Task/2025-06-10_18-22-22_2025-06-10_18-22-21.webp
2025-06-29 14:27:55,416 - WARNING - ⚠️ Skipping malformed key: screenshots/amirishaque67_at_gmail.com/DSSFocus_Pro_Admin_Panel_Task/2025-06-10_18-22-31_2025-06-10_18-22-30.webp
2025-06-29 14:27:55,416 - WARNING - ⚠️ Skipping malformed key: screenshots/amirishaque67_at_gmail.com/DSSFocus_Pro_Admin_Panel_Task/2025-06-10_18-22-39_2025-06-10_18-22-39.webp
2025-06-29 14:27:55,416 - WARNING - ⚠️ Skipping malformed key: screenshots/amirishaque67_at_gmail.com/DSSFocus_Pro_Admin_Panel_Task/2025-06-10_18-22-49_2025-06-10_18-22-48.webp
2025-06-29 14:27:55,416 - WARNING - ⚠️ Skipping malformed key: screenshots/amirishaque67_at_gmail.com/DSSFocus_Pro_Admin_Panel_Task/2025-06-10_18-22-58_2025-06-10_18-22-58.webp
2025-06-29 14:27:55,416 - WARNING - ⚠️ Skipping malformed key: screenshots/amirishaque67_at_gmail.com/DSSFocus_Pro_Admin_Panel_Task/2025-06-10_18-23-08_2025-06-10_18-23-08.webp
2025-06-29 14:27:55,416 - WARNING - ⚠️ Skipping malformed key: screenshots/amirishaque67_at_gmail.com/DSSFocus_Pro_Admin_Panel_Task/2025-06-10_18-23-18_2025-06-10_18-23-18.webp
2025-06-29 14:27:55,417 - WARNING - ⚠️ Skipping malformed key: screenshots/amirishaque67_at_gmail.com/DSSFocus_Pro_Admin_Panel_Task/2025-06-10_18-23-28_2025-06-10_18-23-28.webp
2025-06-29 14:27:55,417 - WARNING - ⚠️ Skipping malformed key: screenshots/amirishaque67_at_gmail.com/DSSFocus_Pro_Admin_Panel_Task/2025-06-10_18-23-40_2025-06-10_18-23-40.webp
2025-06-29 14:27:55,417 - WARNING - ⚠️ Skipping malformed key: screenshots/amirishaque67_at_gmail.com/DSSFocus_Pro_Admin_Panel_Task/2025-06-10_18-23-50_2025-06-10_18-23-49.webp
2025-06-29 14:27:55,417 - WARNING - ⚠️ Skipping malformed key: screenshots/amirishaque67_at_gmail.com/DSSFocus_Pro_Admin_Panel_Task/2025-06-10_18-23-59_2025-06-10_18-23-59.webp
2025-06-29 14:27:55,417 - WARNING - ⚠️ Skipping malformed key: screenshots/amirishaque67_at_gmail.com/DSSFocus_Pro_Admin_Panel_Task/2025-06-10_18-24-08_2025-06-10_18-24-08.webp
2025-06-29 14:27:55,417 - WARNING - ⚠️ Skipping malformed key: screenshots/amirishaque67_at_gmail.com/DSSFocus_Pro_Admin_Panel_Task/2025-06-10_18-24-17_2025-06-10_18-24-17.webp
2025-06-29 14:27:55,417 - WARNING - ⚠️ Skipping malformed key: screenshots/amirishaque67_at_gmail.com/DSSFocus_Pro_Admin_Panel_Task/2025-06-10_18-24-26_2025-06-10_18-24-26.webp
2025-06-29 14:27:55,417 - WARNING - ⚠️ Skipping malformed key: screenshots/amirishaque67_at_gmail.com/DSSFocus_Pro_Admin_Panel_Task/2025-06-10_18-24-35_2025-06-10_18-24-34.webp
2025-06-29 14:27:55,417 - WARNING - ⚠️ Skipping malformed key: screenshots/amirishaque67_at_gmail.com/DSSFocus_Pro_Admin_Panel_Task/2025-06-10_18-24-43_2025-06-10_18-24-43.webp
2025-06-29 14:27:55,417 - WARNING - ⚠️ Skipping malformed key: screenshots/amirishaque67_at_gmail.com/DSSFocus_Pro_Admin_Panel_Task/2025-06-10_18-24-52_2025-06-10_18-24-52.webp
2025-06-29 14:27:55,417 - WARNING - ⚠️ Skipping malformed key: screenshots/amirishaque67_at_gmail.com/DSSFocus_Pro_Admin_Panel_Task/2025-06-10_18-25-01_2025-06-10_18-25-01.webp
2025-06-29 14:27:55,417 - WARNING - ⚠️ Skipping malformed key: screenshots/amirishaque67_at_gmail.com/DSSFocus_Pro_Admin_Panel_Task/2025-06-10_18-25-10_2025-06-10_18-25-10.webp
2025-06-29 14:27:55,417 - WARNING - ⚠️ Skipping malformed key: screenshots/amirishaque67_at_gmail.com/DSSFocus_Pro_Admin_Panel_Task/2025-06-10_18-25-19_2025-06-10_18-25-19.webp
2025-06-29 14:27:55,417 - WARNING - ⚠️ Skipping malformed key: screenshots/amirishaque67_at_gmail.com/DSSFocus_Pro_Admin_Panel_Task/2025-06-10_18-25-28_2025-06-10_18-25-28.webp
2025-06-29 14:27:55,418 - WARNING - ⚠️ Skipping malformed key: screenshots/amirishaque67_at_gmail.com/DSSFocus_Pro_Admin_Panel_Task/2025-06-10_18-25-38_2025-06-10_18-25-38.webp
2025-06-29 14:27:55,418 - WARNING - ⚠️ Skipping malformed key: screenshots/amirishaque67_at_gmail.com/DSSFocus_Pro_Admin_Panel_Task/2025-06-10_18-25-48_2025-06-10_18-25-48.webp
2025-06-29 14:27:55,418 - WARNING - ⚠️ Skipping malformed key: screenshots/amirishaque67_at_gmail.com/DSSFocus_Pro_Admin_Panel_Task/2025-06-10_18-25-56_2025-06-10_18-25-56.webp
2025-06-29 14:27:55,418 - WARNING - ⚠️ Skipping malformed key: screenshots/amirishaque67_at_gmail.com/DSSFocus_Pro_Admin_Panel_Task/2025-06-10_18-26-05_2025-06-10_18-26-05.webp
2025-06-29 14:27:55,418 - WARNING - ⚠️ Skipping malformed key: screenshots/amirishaque67_at_gmail.com/DSSFocus_Pro_Admin_Panel_Task/2025-06-10_18-26-14_2025-06-10_18-26-14.webp
2025-06-29 14:27:55,418 - WARNING - ⚠️ Skipping malformed key: screenshots/amirishaque67_at_gmail.com/DSSFocus_Pro_Admin_Panel_Task/2025-06-10_18-26-23_2025-06-10_18-26-23.webp
2025-06-29 14:27:55,418 - WARNING - ⚠️ Skipping malformed key: screenshots/amirishaque67_at_gmail.com/DSSFocus_Pro_Admin_Panel_Task/2025-06-10_18-26-37_2025-06-10_18-26-37.webp
2025-06-29 14:27:55,418 - WARNING - ⚠️ Skipping malformed key: screenshots/amirishaque67_at_gmail.com/DSSFocus_Pro_Admin_Panel_Task/2025-06-10_18-26-48_2025-06-10_18-26-47.webp
2025-06-29 14:27:55,418 - WARNING - ⚠️ Skipping malformed key: screenshots/amirishaque67_at_gmail.com/DSSFocus_Pro_Admin_Panel_Task/2025-06-10_18-27-00_2025-06-10_18-26-59.webp
2025-06-29 14:27:55,418 - WARNING - ⚠️ Skipping malformed key: screenshots/amirishaque67_at_gmail.com/DSSFocus_Pro_Admin_Panel_Task/2025-06-10_18-27-11_2025-06-10_18-27-11.webp
2025-06-29 14:27:55,418 - WARNING - ⚠️ Skipping malformed key: screenshots/amirishaque67_at_gmail.com/DSSFocus_Pro_Admin_Panel_Task/2025-06-10_18-27-22_2025-06-10_18-27-22.webp
2025-06-29 14:27:55,418 - WARNING - ⚠️ Skipping malformed key: screenshots/amirishaque67_at_gmail.com/DSSFocus_Pro_Admin_Panel_Task/2025-06-10_18-27-33_2025-06-10_18-27-32.webp
2025-06-29 14:27:55,418 - WARNING - ⚠️ Skipping malformed key: screenshots/amirishaque67_at_gmail.com/DSSFocus_Pro_Admin_Panel_Task/2025-06-10_18-27-42_2025-06-10_18-27-42.webp
2025-06-29 14:27:55,419 - WARNING - ⚠️ Skipping malformed key: screenshots/amirishaque67_at_gmail.com/DSSFocus_Pro_Admin_Panel_Task/2025-06-10_18-27-52_2025-06-10_18-27-52.webp
2025-06-29 14:27:55,419 - WARNING - ⚠️ Skipping malformed key: screenshots/amirishaque67_at_gmail.com/DSSFocus_Pro_Admin_Panel_Task/2025-06-10_18-28-00_2025-06-10_18-28-00.webp
2025-06-29 14:27:55,419 - WARNING - ⚠️ Skipping malformed key: screenshots/amirishaque67_at_gmail.com/DSSFocus_Pro_Admin_Panel_Task/2025-06-10_18-28-09_2025-06-10_18-28-09.webp
2025-06-29 14:27:55,419 - WARNING - ⚠️ Skipping malformed key: screenshots/amirishaque67_at_gmail.com/DSSFocus_Pro_Admin_Panel_Task/2025-06-10_18-28-18_2025-06-10_18-28-18.webp
2025-06-29 14:27:55,419 - WARNING - ⚠️ Skipping malformed key: screenshots/amirishaque67_at_gmail.com/DSSFocus_Pro_Admin_Panel_Task/2025-06-10_18-28-27_2025-06-10_18-28-27.webp
2025-06-29 14:27:55,419 - WARNING - ⚠️ Skipping malformed key: screenshots/amirishaque67_at_gmail.com/DSSFocus_Pro_Admin_Panel_Task/2025-06-10_18-28-36_2025-06-10_18-28-35.webp
2025-06-29 14:27:55,419 - WARNING - ⚠️ Skipping malformed key: screenshots/amirishaque67_at_gmail.com/DSSFocus_Pro_Admin_Panel_Task/2025-06-10_18-28-44_2025-06-10_18-28-44.webp
2025-06-29 14:27:55,419 - WARNING - ⚠️ Skipping malformed key: screenshots/amirishaque67_at_gmail.com/DSSFocus_Pro_Admin_Panel_Task/2025-06-10_18-28-52_2025-06-10_18-28-52.webp
2025-06-29 14:27:55,420 - WARNING - ⚠️ Skipping malformed key: screenshots/amirishaque67_at_gmail.com/DSSFocus_Pro_Admin_Panel_Task/2025-06-10_18-29-00_2025-06-10_18-29-00.webp
2025-06-29 14:27:55,420 - WARNING - ⚠️ Skipping malformed key: screenshots/amirishaque67_at_gmail.com/DSSFocus_Pro_Admin_Panel_Task/2025-06-10_18-29-09_2025-06-10_18-29-08.webp
2025-06-29 14:27:55,420 - WARNING - ⚠️ Skipping malformed key: screenshots/amirishaque67_at_gmail.com/DSSFocus_Pro_Admin_Panel_Task/2025-06-10_18-29-17_2025-06-10_18-29-17.webp
2025-06-29 14:27:55,420 - WARNING - ⚠️ Skipping malformed key: screenshots/amirishaque67_at_gmail.com/DSSFocus_Pro_Admin_Panel_Task/2025-06-10_18-29-28_2025-06-10_18-29-28.webp
2025-06-29 14:27:55,420 - WARNING - ⚠️ Skipping malformed key: screenshots/amirishaque67_at_gmail.com/DSSFocus_Pro_Admin_Panel_Task/2025-06-10_18-29-36_2025-06-10_18-29-36.webp
2025-06-29 14:27:55,420 - WARNING - ⚠️ Skipping malformed key: screenshots/amirishaque67_at_gmail.com/DSSFocus_Pro_Admin_Panel_Task/2025-06-10_18-29-44_2025-06-10_18-29-44.webp
2025-06-29 14:27:55,421 - WARNING - ⚠️ Skipping malformed key: screenshots/amirishaque67_at_gmail.com/DSSFocus_Pro_Admin_Panel_Task/2025-06-10_18-29-53_2025-06-10_18-29-52.webp
2025-06-29 14:27:55,421 - WARNING - ⚠️ Skipping malformed key: screenshots/amirishaque67_at_gmail.com/DSSFocus_Pro_Admin_Panel_Task/2025-06-10_18-30-01_2025-06-10_18-30-01.webp
2025-06-29 14:27:55,421 - WARNING - ⚠️ Skipping malformed key: screenshots/amirishaque67_at_gmail.com/DSSFocus_Pro_Admin_Panel_Task/2025-06-10_18-30-10_2025-06-10_18-30-10.webp
2025-06-29 14:27:55,421 - WARNING - ⚠️ Skipping malformed key: screenshots/amirishaque67_at_gmail.com/DSSFocus_Pro_Admin_Panel_Task/2025-06-10_18-30-18_2025-06-10_18-30-18.webp
2025-06-29 14:27:55,421 - WARNING - ⚠️ Skipping malformed key: screenshots/amirishaque67_at_gmail.com/DSSFocus_Pro_Admin_Panel_Task/2025-06-10_18-30-27_2025-06-10_18-30-27.webp
2025-06-29 14:27:55,421 - WARNING - ⚠️ Skipping malformed key: screenshots/amirishaque67_at_gmail.com/DSSFocus_Pro_Admin_Panel_Task/2025-06-10_18-30-36_2025-06-10_18-30-35.webp
2025-06-29 14:27:55,421 - WARNING - ⚠️ Skipping malformed key: screenshots/amirishaque67_at_gmail.com/DSSFocus_Pro_Admin_Panel_Task/2025-06-10_18-30-44_2025-06-10_18-30-44.webp
2025-06-29 14:27:55,421 - WARNING - ⚠️ Skipping malformed key: screenshots/amirishaque67_at_gmail.com/DSSFocus_Pro_Admin_Panel_Task/2025-06-10_18-30-53_2025-06-10_18-30-53.webp
2025-06-29 14:27:55,421 - WARNING - ⚠️ Skipping malformed key: screenshots/amirishaque67_at_gmail.com/DSSFocus_Pro_Admin_Panel_Task/2025-06-10_18-31-01_2025-06-10_18-31-01.webp
2025-06-29 14:27:55,421 - WARNING - ⚠️ Skipping malformed key: screenshots/amirishaque67_at_gmail.com/DSSFocus_Pro_Admin_Panel_Task/2025-06-10_18-31-09_2025-06-10_18-31-09.webp
2025-06-29 14:27:55,422 - WARNING - ⚠️ Skipping malformed key: screenshots/amirishaque67_at_gmail.com/DSSFocus_Pro_Admin_Panel_Task/2025-06-10_18-31-18_2025-06-10_18-31-18.webp
2025-06-29 14:27:55,422 - WARNING - ⚠️ Skipping malformed key: screenshots/amirishaque67_at_gmail.com/DSSFocus_Pro_Admin_Panel_Task/2025-06-10_18-31-26_2025-06-10_18-31-26.webp
2025-06-29 14:27:55,422 - WARNING - ⚠️ Skipping malformed key: screenshots/amirishaque67_at_gmail.com/DSSFocus_Pro_Admin_Panel_Task/2025-06-10_18-31-35_2025-06-10_18-31-35.webp
2025-06-29 14:27:55,422 - WARNING - ⚠️ Skipping malformed key: screenshots/amirishaque67_at_gmail.com/DSSFocus_Pro_Admin_Panel_Task/2025-06-10_18-31-43_2025-06-10_18-31-43.webp
2025-06-29 14:27:55,422 - WARNING - ⚠️ Skipping malformed key: screenshots/amirishaque67_at_gmail.com/DSSFocus_Pro_Admin_Panel_Task/2025-06-10_18-31-52_2025-06-10_18-31-52.webp
2025-06-29 14:27:55,423 - WARNING - ⚠️ Skipping malformed key: screenshots/amirishaque67_at_gmail.com/DSSFocus_Pro_Admin_Panel_Task/2025-06-10_18-32-01_2025-06-10_18-32-01.webp
2025-06-29 14:27:55,423 - WARNING - ⚠️ Skipping malformed key: screenshots/amirishaque67_at_gmail.com/DSSFocus_Pro_Admin_Panel_Task/2025-06-10_18-32-10_2025-06-10_18-32-09.webp
2025-06-29 14:27:55,423 - WARNING - ⚠️ Skipping malformed key: screenshots/amirishaque67_at_gmail.com/DSSFocus_Pro_Admin_Panel_Task/2025-06-10_18-32-19_2025-06-10_18-32-19.webp
2025-06-29 14:27:55,423 - WARNING - ⚠️ Skipping malformed key: screenshots/amirishaque67_at_gmail.com/DSSFocus_Pro_Admin_Panel_Task/2025-06-10_18-32-27_2025-06-10_18-32-27.webp
2025-06-29 14:27:55,423 - WARNING - ⚠️ Skipping malformed key: screenshots/amirishaque67_at_gmail.com/DSSFocus_Pro_Admin_Panel_Task/2025-06-10_18-32-36_2025-06-10_18-32-36.webp
2025-06-29 14:27:55,423 - WARNING - ⚠️ Skipping malformed key: screenshots/amirishaque67_at_gmail.com/DSSFocus_Pro_Admin_Panel_Task/2025-06-10_18-32-45_2025-06-10_18-32-45.webp
2025-06-29 14:27:55,424 - WARNING - ⚠️ Skipping malformed key: screenshots/amirishaque67_at_gmail.com/DSSFocus_Pro_Admin_Panel_Task/2025-06-10_18-32-54_2025-06-10_18-32-54.webp
2025-06-29 14:27:55,424 - WARNING - ⚠️ Skipping malformed key: screenshots/amirishaque67_at_gmail.com/DSSFocus_Pro_Admin_Panel_Task/2025-06-10_18-33-03_2025-06-10_18-33-03.webp
2025-06-29 14:27:55,424 - WARNING - ⚠️ Skipping malformed key: screenshots/amirishaque67_at_gmail.com/DSSFocus_Pro_Admin_Panel_Task/2025-06-10_18-33-12_2025-06-10_18-33-12.webp
2025-06-29 14:27:55,424 - WARNING - ⚠️ Skipping malformed key: screenshots/amirishaque67_at_gmail.com/DSSFocus_Pro_Admin_Panel_Task/2025-06-10_18-33-21_2025-06-10_18-33-21.webp
2025-06-29 14:27:55,425 - WARNING - ⚠️ Skipping malformed key: screenshots/amirishaque67_at_gmail.com/DSSFocus_Pro_Admin_Panel_Task/2025-06-10_18-33-30_2025-06-10_18-33-30.webp
2025-06-29 14:27:55,425 - WARNING - ⚠️ Skipping malformed key: screenshots/amirishaque67_at_gmail.com/DSSFocus_Pro_Admin_Panel_Task/2025-06-10_18-33-39_2025-06-10_18-33-38.webp
2025-06-29 14:27:55,425 - WARNING - ⚠️ Skipping malformed key: screenshots/amirishaque67_at_gmail.com/DSSFocus_Pro_Admin_Panel_Task/2025-06-10_18-33-47_2025-06-10_18-33-47.webp
2025-06-29 14:27:55,425 - WARNING - ⚠️ Skipping malformed key: screenshots/amirishaque67_at_gmail.com/DSSFocus_Pro_Admin_Panel_Task/2025-06-10_18-33-55_2025-06-10_18-33-55.webp
2025-06-29 14:27:55,425 - WARNING - ⚠️ Skipping malformed key: screenshots/amirishaque67_at_gmail.com/DSSFocus_Pro_Admin_Panel_Task/2025-06-10_18-34-04_2025-06-10_18-34-04.webp
2025-06-29 14:27:55,425 - WARNING - ⚠️ Skipping malformed key: screenshots/amirishaque67_at_gmail.com/DSSFocus_Pro_Admin_Panel_Task/2025-06-10_18-34-13_2025-06-10_18-34-13.webp
2025-06-29 14:27:55,425 - WARNING - ⚠️ Skipping malformed key: screenshots/amirishaque67_at_gmail.com/DSSFocus_Pro_Admin_Panel_Task/2025-06-10_18-34-21_2025-06-10_18-34-21.webp
2025-06-29 14:27:55,425 - WARNING - ⚠️ Skipping malformed key: screenshots/amirishaque67_at_gmail.com/DSSFocus_Pro_Admin_Panel_Task/2025-06-10_18-34-30_2025-06-10_18-34-30.webp
2025-06-29 14:27:55,425 - WARNING - ⚠️ Skipping malformed key: screenshots/amirishaque67_at_gmail.com/DSSFocus_Pro_Admin_Panel_Task/2025-06-10_18-34-39_2025-06-10_18-34-38.webp
2025-06-29 14:27:55,425 - WARNING - ⚠️ Skipping malformed key: screenshots/amirishaque67_at_gmail.com/DSSFocus_Pro_Admin_Panel_Task/2025-06-10_18-34-47_2025-06-10_18-34-47.webp
2025-06-29 14:27:55,425 - WARNING - ⚠️ Skipping malformed key: screenshots/amirishaque67_at_gmail.com/DSSFocus_Pro_Admin_Panel_Task/2025-06-10_18-34-57_2025-06-10_18-34-57.webp
2025-06-29 14:27:55,425 - WARNING - ⚠️ Skipping malformed key: screenshots/amirishaque67_at_gmail.com/DSSFocus_Pro_Admin_Panel_Task/2025-06-10_18-35-05_2025-06-10_18-35-05.webp
2025-06-29 14:27:55,426 - WARNING - ⚠️ Skipping malformed key: screenshots/amirishaque67_at_gmail.com/DSSFocus_Pro_Admin_Panel_Task/2025-06-10_18-35-14_2025-06-10_18-35-14.webp
2025-06-29 14:27:55,426 - WARNING - ⚠️ Skipping malformed key: screenshots/amirishaque67_at_gmail.com/DSSFocus_Pro_Admin_Panel_Task/2025-06-10_18-35-22_2025-06-10_18-35-22.webp
2025-06-29 14:27:55,426 - WARNING - ⚠️ Skipping malformed key: screenshots/amirishaque67_at_gmail.com/DSSFocus_Pro_Admin_Panel_Task/2025-06-10_18-35-31_2025-06-10_18-35-31.webp
2025-06-29 14:27:55,426 - WARNING - ⚠️ Skipping malformed key: screenshots/amirishaque67_at_gmail.com/DSSFocus_Pro_Admin_Panel_Task/2025-06-10_18-35-40_2025-06-10_18-35-40.webp
2025-06-29 14:27:55,426 - WARNING - ⚠️ Skipping malformed key: screenshots/amirishaque67_at_gmail.com/DSSFocus_Pro_Admin_Panel_Task/2025-06-10_18-35-48_2025-06-10_18-35-48.webp
2025-06-29 14:27:55,426 - WARNING - ⚠️ Skipping malformed key: screenshots/amirishaque67_at_gmail.com/DSSFocus_Pro_Admin_Panel_Task/2025-06-10_18-35-57_2025-06-10_18-35-57.webp
2025-06-29 14:27:55,426 - WARNING - ⚠️ Skipping malformed key: screenshots/amirishaque67_at_gmail.com/DSSFocus_Pro_Admin_Panel_Task/2025-06-10_18-36-06_2025-06-10_18-36-06.webp
2025-06-29 14:27:55,426 - WARNING - ⚠️ Skipping malformed key: screenshots/amirishaque67_at_gmail.com/DSSFocus_Pro_Admin_Panel_Task/2025-06-10_18-36-15_2025-06-10_18-36-15.webp
2025-06-29 14:27:55,426 - WARNING - ⚠️ Skipping malformed key: screenshots/amirishaque67_at_gmail.com/DSSFocus_Pro_Admin_Panel_Task/2025-06-10_18-36-24_2025-06-10_18-36-23.webp
2025-06-29 14:27:55,426 - WARNING - ⚠️ Skipping malformed key: screenshots/amirishaque67_at_gmail.com/DSSFocus_Pro_Admin_Panel_Task/2025-06-10_18-36-33_2025-06-10_18-36-33.webp
2025-06-29 14:27:55,427 - WARNING - ⚠️ Skipping malformed key: screenshots/amirishaque67_at_gmail.com/DSSFocus_Pro_Admin_Panel_Task/2025-06-10_18-36-42_2025-06-10_18-36-41.webp
2025-06-29 14:27:55,427 - WARNING - ⚠️ Skipping malformed key: screenshots/amirishaque67_at_gmail.com/DSSFocus_Pro_Admin_Panel_Task/2025-06-10_18-36-50_2025-06-10_18-36-50.webp
2025-06-29 14:27:55,427 - WARNING - ⚠️ Skipping malformed key: screenshots/amirishaque67_at_gmail.com/DSSFocus_Pro_Admin_Panel_Task/2025-06-10_18-36-58_2025-06-10_18-36-58.webp
2025-06-29 14:27:55,427 - WARNING - ⚠️ Skipping malformed key: screenshots/amirishaque67_at_gmail.com/DSSFocus_Pro_Admin_Panel_Task/2025-06-10_18-37-07_2025-06-10_18-37-07.webp
2025-06-29 14:27:55,427 - WARNING - ⚠️ Skipping malformed key: screenshots/amirishaque67_at_gmail.com/DSSFocus_Pro_Admin_Panel_Task/2025-06-10_18-37-16_2025-06-10_18-37-16.webp
2025-06-29 14:27:55,427 - WARNING - ⚠️ Skipping malformed key: screenshots/amirishaque67_at_gmail.com/DSSFocus_Pro_Admin_Panel_Task/2025-06-10_18-37-24_2025-06-10_18-37-24.webp
2025-06-29 14:27:55,428 - WARNING - ⚠️ Skipping malformed key: screenshots/amirishaque67_at_gmail.com/DSSFocus_Pro_Admin_Panel_Task/2025-06-10_18-37-33_2025-06-10_18-37-33.webp
2025-06-29 14:27:55,428 - WARNING - ⚠️ Skipping malformed key: screenshots/amirishaque67_at_gmail.com/DSSFocus_Pro_Admin_Panel_Task/2025-06-10_18-37-41_2025-06-10_18-37-41.webp
2025-06-29 14:27:55,428 - WARNING - ⚠️ Skipping malformed key: screenshots/amirishaque67_at_gmail.com/DSSFocus_Pro_Admin_Panel_Task/2025-06-10_18-37-50_2025-06-10_18-37-50.webp
2025-06-29 14:27:55,428 - WARNING - ⚠️ Skipping malformed key: screenshots/amirishaque67_at_gmail.com/DSSFocus_Pro_Admin_Panel_Task/2025-06-10_18-37-58_2025-06-10_18-37-58.webp
2025-06-29 14:27:55,428 - WARNING - ⚠️ Skipping malformed key: screenshots/amirishaque67_at_gmail.com/DSSFocus_Pro_Admin_Panel_Task/2025-06-10_18-38-07_2025-06-10_18-38-07.webp
2025-06-29 14:27:55,429 - WARNING - ⚠️ Skipping malformed key: screenshots/amirishaque67_at_gmail.com/DSSFocus_Pro_Admin_Panel_Task/2025-06-10_18-38-16_2025-06-10_18-38-16.webp
2025-06-29 14:27:55,429 - WARNING - ⚠️ Skipping malformed key: screenshots/amirishaque67_at_gmail.com/DSSFocus_Pro_Admin_Panel_Task/2025-06-10_18-38-25_2025-06-10_18-38-24.webp
2025-06-29 14:27:55,429 - WARNING - ⚠️ Skipping malformed key: screenshots/amirishaque67_at_gmail.com/DSSFocus_Pro_Admin_Panel_Task/2025-06-10_18-38-33_2025-06-10_18-38-33.webp
2025-06-29 14:27:55,430 - WARNING - ⚠️ Skipping malformed key: screenshots/amirishaque67_at_gmail.com/DSSFocus_Pro_Admin_Panel_Task/2025-06-10_18-38-43_2025-06-10_18-38-42.webp
2025-06-29 14:27:55,430 - WARNING - ⚠️ Skipping malformed key: screenshots/amirishaque67_at_gmail.com/DSSFocus_Pro_Admin_Panel_Task/2025-06-10_18-38-51_2025-06-10_18-38-51.webp
2025-06-29 14:27:55,430 - WARNING - ⚠️ Skipping malformed key: screenshots/amirishaque67_at_gmail.com/DSSFocus_Pro_Admin_Panel_Task/2025-06-10_18-39-00_2025-06-10_18-39-00.webp
2025-06-29 14:27:55,430 - WARNING - ⚠️ Skipping malformed key: screenshots/amirishaque67_at_gmail.com/DSSFocus_Pro_Admin_Panel_Task/2025-06-10_18-39-08_2025-06-10_18-39-08.webp
2025-06-29 14:27:55,430 - WARNING - ⚠️ Skipping malformed key: screenshots/amirishaque67_at_gmail.com/DSSFocus_Pro_Admin_Panel_Task/2025-06-10_18-39-17_2025-06-10_18-39-17.webp
2025-06-29 14:27:55,430 - WARNING - ⚠️ Skipping malformed key: screenshots/amirishaque67_at_gmail.com/DSSFocus_Pro_Admin_Panel_Task/2025-06-10_18-39-30_2025-06-10_18-39-30.webp
2025-06-29 14:27:55,430 - WARNING - ⚠️ Skipping malformed key: screenshots/amirishaque67_at_gmail.com/DSSFocus_Pro_Admin_Panel_Task/2025-06-10_18-39-40_2025-06-10_18-39-40.webp
2025-06-29 14:27:55,430 - WARNING - ⚠️ Skipping malformed key: screenshots/amirishaque67_at_gmail.com/DSSFocus_Pro_Admin_Panel_Task/2025-06-10_18-39-49_2025-06-10_18-39-48.webp
2025-06-29 14:27:55,432 - WARNING - ⚠️ Skipping malformed key: screenshots/amirishaque67_at_gmail.com/DSSFocus_Pro_Admin_Panel_Task/2025-06-10_18-39-58_2025-06-10_18-39-57.webp
2025-06-29 14:27:55,432 - WARNING - ⚠️ Skipping malformed key: screenshots/amirishaque67_at_gmail.com/DSSFocus_Pro_Admin_Panel_Task/2025-06-10_18-40-06_2025-06-10_18-40-06.webp
2025-06-29 14:27:55,432 - WARNING - ⚠️ Skipping malformed key: screenshots/amirishaque67_at_gmail.com/DSSFocus_Pro_Admin_Panel_Task/2025-06-10_18-40-14_2025-06-10_18-40-14.webp
2025-06-29 14:27:55,432 - WARNING - ⚠️ Skipping malformed key: screenshots/amirishaque67_at_gmail.com/DSSFocus_Pro_Admin_Panel_Task/2025-06-10_18-40-23_2025-06-10_18-40-23.webp
2025-06-29 14:27:55,432 - WARNING - ⚠️ Skipping malformed key: screenshots/amirishaque67_at_gmail.com/DSSFocus_Pro_Admin_Panel_Task/2025-06-10_18-40-31_2025-06-10_18-40-31.webp
2025-06-29 14:27:55,432 - WARNING - ⚠️ Skipping malformed key: screenshots/amirishaque67_at_gmail.com/DSSFocus_Pro_Admin_Panel_Task/2025-06-10_18-40-40_2025-06-10_18-40-40.webp
2025-06-29 14:27:55,432 - WARNING - ⚠️ Skipping malformed key: screenshots/amirishaque67_at_gmail.com/DSSFocus_Pro_Admin_Panel_Task/2025-06-10_18-40-48_2025-06-10_18-40-48.webp
2025-06-29 14:27:55,432 - WARNING - ⚠️ Skipping malformed key: screenshots/amirishaque67_at_gmail.com/DSSFocus_Pro_Admin_Panel_Task/2025-06-10_18-40-57_2025-06-10_18-40-57.webp
2025-06-29 14:27:55,432 - WARNING - ⚠️ Skipping malformed key: screenshots/amirishaque67_at_gmail.com/DSSFocus_Pro_Admin_Panel_Task/2025-06-10_18-41-07_2025-06-10_18-41-07.webp
2025-06-29 14:27:55,432 - WARNING - ⚠️ Skipping malformed key: screenshots/amirishaque67_at_gmail.com/DSSFocus_Pro_Admin_Panel_Task/2025-06-10_18-41-15_2025-06-10_18-41-15.webp
2025-06-29 14:27:55,432 - WARNING - ⚠️ Skipping malformed key: screenshots/amirishaque67_at_gmail.com/DSSFocus_Pro_Admin_Panel_Task/2025-06-10_18-41-25_2025-06-10_18-41-25.webp
2025-06-29 14:27:55,433 - WARNING - ⚠️ Skipping malformed key: screenshots/amirishaque67_at_gmail.com/DSSFocus_Pro_Admin_Panel_Task/2025-06-10_18-41-34_2025-06-10_18-41-34.webp
2025-06-29 14:27:55,433 - WARNING - ⚠️ Skipping malformed key: screenshots/amirishaque67_at_gmail.com/DSSFocus_Pro_Admin_Panel_Task/2025-06-10_18-41-42_2025-06-10_18-41-42.webp
2025-06-29 14:27:55,433 - WARNING - ⚠️ Skipping malformed key: screenshots/amirishaque67_at_gmail.com/DSSFocus_Pro_Admin_Panel_Task/2025-06-10_18-41-50_2025-06-10_18-41-50.webp
2025-06-29 14:27:55,433 - WARNING - ⚠️ Skipping malformed key: screenshots/amirishaque67_at_gmail.com/DSSFocus_Pro_Admin_Panel_Task/2025-06-10_18-41-58_2025-06-10_18-41-58.webp
2025-06-29 14:27:55,433 - WARNING - ⚠️ Skipping malformed key: screenshots/amirishaque67_at_gmail.com/DSSFocus_Pro_Admin_Panel_Task/2025-06-10_18-42-07_2025-06-10_18-42-07.webp
2025-06-29 14:27:55,433 - WARNING - ⚠️ Skipping malformed key: screenshots/amirishaque67_at_gmail.com/DSSFocus_Pro_Admin_Panel_Task/2025-06-10_18-42-15_2025-06-10_18-42-15.webp
2025-06-29 14:27:55,433 - WARNING - ⚠️ Skipping malformed key: screenshots/amirishaque67_at_gmail.com/DSSFocus_Pro_Admin_Panel_Task/2025-06-10_18-42-23_2025-06-10_18-42-23.webp
2025-06-29 14:27:55,433 - WARNING - ⚠️ Skipping malformed key: screenshots/amirishaque67_at_gmail.com/DSSFocus_Pro_Admin_Panel_Task/2025-06-10_18-42-31_2025-06-10_18-42-31.webp
2025-06-29 14:27:55,433 - WARNING - ⚠️ Skipping malformed key: screenshots/amirishaque67_at_gmail.com/DSSFocus_Pro_Admin_Panel_Task/2025-06-10_18-42-39_2025-06-10_18-42-39.webp
2025-06-29 14:27:55,433 - WARNING - ⚠️ Skipping malformed key: screenshots/amirishaque67_at_gmail.com/DSSFocus_Pro_Admin_Panel_Task/2025-06-10_18-42-51_2025-06-10_18-42-51.webp
2025-06-29 14:27:55,433 - WARNING - ⚠️ Skipping malformed key: screenshots/amirishaque67_at_gmail.com/DSSFocus_Pro_Admin_Panel_Task/2025-06-10_18-43-01_2025-06-10_18-43-01.webp
2025-06-29 14:27:55,433 - WARNING - ⚠️ Skipping malformed key: screenshots/amirishaque67_at_gmail.com/DSSFocus_Pro_Admin_Panel_Task/2025-06-10_18-43-09_2025-06-10_18-43-09.webp
2025-06-29 14:27:55,433 - WARNING - ⚠️ Skipping malformed key: screenshots/amirishaque67_at_gmail.com/DSSFocus_Pro_Admin_Panel_Task/2025-06-10_18-43-18_2025-06-10_18-43-18.webp
2025-06-29 14:27:55,433 - WARNING - ⚠️ Skipping malformed key: screenshots/amirishaque67_at_gmail.com/DSSFocus_Pro_Admin_Panel_Task/2025-06-10_18-43-26_2025-06-10_18-43-26.webp
2025-06-29 14:27:55,433 - WARNING - ⚠️ Skipping malformed key: screenshots/amirishaque67_at_gmail.com/DSSFocus_Pro_Admin_Panel_Task/2025-06-10_18-43-34_2025-06-10_18-43-34.webp
2025-06-29 14:27:55,434 - WARNING - ⚠️ Skipping malformed key: screenshots/amirishaque67_at_gmail.com/DSSFocus_Pro_Admin_Panel_Task/2025-06-10_18-43-43_2025-06-10_18-43-42.webp
2025-06-29 14:27:55,434 - WARNING - ⚠️ Skipping malformed key: screenshots/amirishaque67_at_gmail.com/DSSFocus_Pro_Admin_Panel_Task/2025-06-10_18-43-51_2025-06-10_18-43-51.webp
2025-06-29 14:27:55,434 - WARNING - ⚠️ Skipping malformed key: screenshots/amirishaque67_at_gmail.com/DSSFocus_Pro_Admin_Panel_Task/2025-06-10_18-44-00_2025-06-10_18-44-00.webp
2025-06-29 14:27:55,434 - WARNING - ⚠️ Skipping malformed key: screenshots/amirishaque67_at_gmail.com/DSSFocus_Pro_Admin_Panel_Task/2025-06-10_18-44-08_2025-06-10_18-44-08.webp
2025-06-29 14:27:55,434 - WARNING - ⚠️ Skipping malformed key: screenshots/amirishaque67_at_gmail.com/DSSFocus_Pro_Admin_Panel_Task/2025-06-10_18-44-16_2025-06-10_18-44-16.webp
2025-06-29 14:27:55,434 - WARNING - ⚠️ Skipping malformed key: screenshots/amirishaque67_at_gmail.com/DSSFocus_Pro_Admin_Panel_Task/2025-06-10_18-44-46_2025-06-10_18-44-46.webp
2025-06-29 14:27:55,434 - WARNING - ⚠️ Skipping malformed key: screenshots/amirishaque67_at_gmail.com/DSSFocus_Pro_Admin_Panel_Task/2025-06-10_18-45-01_2025-06-10_18-45-01.webp
2025-06-29 14:27:55,434 - WARNING - ⚠️ Skipping malformed key: screenshots/amirishaque67_at_gmail.com/DSSFocus_Pro_Admin_Panel_Task/2025-06-10_18-45-10_2025-06-10_18-45-10.webp
2025-06-29 14:27:55,434 - WARNING - ⚠️ Skipping malformed key: screenshots/amirishaque67_at_gmail.com/DSSFocus_Pro_Admin_Panel_Task/2025-06-10_18-45-18_2025-06-10_18-45-18.webp
2025-06-29 14:27:55,434 - WARNING - ⚠️ Skipping malformed key: screenshots/amirishaque67_at_gmail.com/DSSFocus_Pro_Admin_Panel_Task/2025-06-10_18-45-26_2025-06-10_18-45-26.webp
2025-06-29 14:27:55,434 - WARNING - ⚠️ Skipping malformed key: screenshots/amirishaque67_at_gmail.com/DSSFocus_Pro_Admin_Panel_Task/2025-06-10_18-45-37_2025-06-10_18-45-37.webp
2025-06-29 14:27:55,434 - WARNING - ⚠️ Skipping malformed key: screenshots/amirishaque67_at_gmail.com/DSSFocus_Pro_Admin_Panel_Task/2025-06-10_18-45-45_2025-06-10_18-45-45.webp
2025-06-29 14:27:55,435 - WARNING - ⚠️ Skipping malformed key: screenshots/amirishaque67_at_gmail.com/DSSFocus_Pro_Admin_Panel_Task/2025-06-10_18-45-54_2025-06-10_18-45-54.webp
2025-06-29 14:27:55,435 - WARNING - ⚠️ Skipping malformed key: screenshots/amirishaque67_at_gmail.com/DSSFocus_Pro_Admin_Panel_Task/2025-06-10_18-46-03_2025-06-10_18-46-02.webp
2025-06-29 14:27:55,435 - WARNING - ⚠️ Skipping malformed key: screenshots/amirishaque67_at_gmail.com/DSSFocus_Pro_Admin_Panel_Task/2025-06-10_18-46-11_2025-06-10_18-46-11.webp
2025-06-29 14:27:55,435 - WARNING - ⚠️ Skipping malformed key: screenshots/amirishaque67_at_gmail.com/DSSFocus_Pro_Admin_Panel_Task/2025-06-10_18-46-20_2025-06-10_18-46-20.webp
2025-06-29 14:27:55,435 - WARNING - ⚠️ Skipping malformed key: screenshots/amirishaque67_at_gmail.com/DSSFocus_Pro_Admin_Panel_Task/2025-06-10_18-46-29_2025-06-10_18-46-29.webp
2025-06-29 14:27:55,435 - WARNING - ⚠️ Skipping malformed key: screenshots/amirishaque67_at_gmail.com/DSSFocus_Pro_Admin_Panel_Task/2025-06-10_18-46-38_2025-06-10_18-46-38.webp
2025-06-29 14:27:55,435 - WARNING - ⚠️ Skipping malformed key: screenshots/amirishaque67_at_gmail.com/DSSFocus_Pro_Admin_Panel_Task/2025-06-10_18-46-47_2025-06-10_18-46-46.webp
2025-06-29 14:27:55,435 - WARNING - ⚠️ Skipping malformed key: screenshots/amirishaque67_at_gmail.com/DSSFocus_Pro_Admin_Panel_Task/2025-06-10_18-46-55_2025-06-10_18-46-55.webp
2025-06-29 14:27:55,435 - WARNING - ⚠️ Skipping malformed key: screenshots/amirishaque67_at_gmail.com/DSSFocus_Pro_Admin_Panel_Task/2025-06-10_18-47-05_2025-06-10_18-47-05.webp
2025-06-29 14:27:55,435 - WARNING - ⚠️ Skipping malformed key: screenshots/amirishaque67_at_gmail.com/DSSFocus_Pro_Admin_Panel_Task/2025-06-10_18-47-34_2025-06-10_18-47-34.webp
2025-06-29 14:27:55,435 - WARNING - ⚠️ Skipping malformed key: screenshots/amirishaque67_at_gmail.com/DSSFocus_Pro_Admin_Panel_Task/2025-06-10_18-47-43_2025-06-10_18-47-43.webp
2025-06-29 14:27:55,435 - WARNING - ⚠️ Skipping malformed key: screenshots/amirishaque67_at_gmail.com/DSSFocus_Pro_Admin_Panel_Task/2025-06-10_18-47-51_2025-06-10_18-47-51.webp
2025-06-29 14:27:55,435 - WARNING - ⚠️ Skipping malformed key: screenshots/amirishaque67_at_gmail.com/DSSFocus_Pro_Admin_Panel_Task/2025-06-10_18-48-00_2025-06-10_18-48-00.webp
2025-06-29 14:27:55,435 - WARNING - ⚠️ Skipping malformed key: screenshots/amirishaque67_at_gmail.com/DSSFocus_Pro_Admin_Panel_Task/2025-06-10_18-48-09_2025-06-10_18-48-09.webp
2025-06-29 14:27:55,436 - WARNING - ⚠️ Skipping malformed key: screenshots/amirishaque67_at_gmail.com/DSSFocus_Pro_Admin_Panel_Task/2025-06-10_18-48-18_2025-06-10_18-48-18.webp
2025-06-29 14:27:55,436 - WARNING - ⚠️ Skipping malformed key: screenshots/amirishaque67_at_gmail.com/DSSFocus_Pro_Admin_Panel_Task/2025-06-10_18-48-27_2025-06-10_18-48-27.webp
2025-06-29 14:27:55,436 - WARNING - ⚠️ Skipping malformed key: screenshots/amirishaque67_at_gmail.com/DSSFocus_Pro_Admin_Panel_Task/2025-06-10_18-48-36_2025-06-10_18-48-35.webp
2025-06-29 14:27:55,436 - WARNING - ⚠️ Skipping malformed key: screenshots/amirishaque67_at_gmail.com/DSSFocus_Pro_Admin_Panel_Task/2025-06-10_18-48-57_2025-06-10_18-48-57.webp
2025-06-29 14:27:55,436 - WARNING - ⚠️ Skipping malformed key: screenshots/amirishaque67_at_gmail.com/DSSFocus_Pro_Admin_Panel_Task/2025-06-10_18-49-06_2025-06-10_18-49-06.webp
2025-06-29 14:27:55,436 - WARNING - ⚠️ Skipping malformed key: screenshots/amirishaque67_at_gmail.com/DSSFocus_Pro_Admin_Panel_Task/2025-06-10_18-49-45_2025-06-10_18-49-45.webp
2025-06-29 14:27:55,436 - WARNING - ⚠️ Skipping malformed key: screenshots/amirishaque67_at_gmail.com/DSSFocus_Pro_Admin_Panel_Task/2025-06-10_18-49-54_2025-06-10_18-49-53.webp
2025-06-29 14:27:55,437 - WARNING - ⚠️ Skipping malformed key: screenshots/amirishaque67_at_gmail.com/DSSFocus_Pro_Admin_Panel_Task/2025-06-10_18-50-02_2025-06-10_18-50-02.webp
2025-06-29 14:27:55,438 - WARNING - ⚠️ Skipping malformed key: screenshots/amirishaque67_at_gmail.com/DSSFocus_Pro_Admin_Panel_Task/2025-06-10_18-50-11_2025-06-10_18-50-11.webp
2025-06-29 14:27:55,439 - WARNING - ⚠️ Skipping malformed key: screenshots/amirishaque67_at_gmail.com/DSSFocus_Pro_Admin_Panel_Task/2025-06-10_18-50-20_2025-06-10_18-50-20.webp
2025-06-29 14:27:55,439 - WARNING - ⚠️ Skipping malformed key: screenshots/amirishaque67_at_gmail.com/DSSFocus_Pro_Admin_Panel_Task/2025-06-10_18-50-29_2025-06-10_18-50-28.webp
2025-06-29 14:27:55,439 - WARNING - ⚠️ Skipping malformed key: screenshots/amirishaque67_at_gmail.com/DSSFocus_Pro_Admin_Panel_Task/2025-06-10_18-50-37_2025-06-10_18-50-37.webp
2025-06-29 14:27:55,441 - WARNING - ⚠️ Skipping malformed key: screenshots/amirishaque67_at_gmail.com/DSSFocus_Pro_Admin_Panel_Task/2025-06-10_18-50-46_2025-06-10_18-50-46.webp
2025-06-29 14:27:55,441 - WARNING - ⚠️ Skipping malformed key: screenshots/amirishaque67_at_gmail.com/DSSFocus_Pro_Admin_Panel_Task/2025-06-10_18-50-56_2025-06-10_18-50-55.webp
2025-06-29 14:27:55,442 - WARNING - ⚠️ Skipping malformed key: screenshots/amirishaque67_at_gmail.com/DSSFocus_Pro_Admin_Panel_Task/2025-06-10_18-51-04_2025-06-10_18-51-04.webp
2025-06-29 14:27:55,442 - WARNING - ⚠️ Skipping malformed key: screenshots/amirishaque67_at_gmail.com/DSSFocus_Pro_Admin_Panel_Task/2025-06-10_18-51-13_2025-06-10_18-51-13.webp
2025-06-29 14:27:55,442 - WARNING - ⚠️ Skipping malformed key: screenshots/amirishaque67_at_gmail.com/DSSFocus_Pro_Admin_Panel_Task/2025-06-10_18-51-23_2025-06-10_18-51-23.webp
2025-06-29 14:27:55,442 - WARNING - ⚠️ Skipping malformed key: screenshots/amirishaque67_at_gmail.com/DSSFocus_Pro_Admin_Panel_Task/2025-06-10_18-51-32_2025-06-10_18-51-32.webp
2025-06-29 14:27:55,442 - WARNING - ⚠️ Skipping malformed key: screenshots/amirishaque67_at_gmail.com/DSSFocus_Pro_Admin_Panel_Task/2025-06-10_18-51-41_2025-06-10_18-51-41.webp
2025-06-29 14:27:55,442 - WARNING - ⚠️ Skipping malformed key: screenshots/amirishaque67_at_gmail.com/DSSFocus_Pro_Admin_Panel_Task/2025-06-10_18-51-50_2025-06-10_18-51-50.webp
2025-06-29 14:27:55,443 - WARNING - ⚠️ Skipping malformed key: screenshots/amirishaque67_at_gmail.com/DSSFocus_Pro_Admin_Panel_Task/2025-06-10_18-51-58_2025-06-10_18-51-58.webp
2025-06-29 14:27:55,443 - WARNING - ⚠️ Skipping malformed key: screenshots/amirishaque67_at_gmail.com/DSSFocus_Pro_Admin_Panel_Task/2025-06-10_18-52-07_2025-06-10_18-52-07.webp
2025-06-29 14:27:55,443 - WARNING - ⚠️ Skipping malformed key: screenshots/amirishaque67_at_gmail.com/DSSFocus_Pro_Admin_Panel_Task/2025-06-10_18-52-16_2025-06-10_18-52-16.webp
2025-06-29 14:27:55,443 - WARNING - ⚠️ Skipping malformed key: screenshots/amirishaque67_at_gmail.com/DSSFocus_Pro_Admin_Panel_Task/2025-06-10_18-52-25_2025-06-10_18-52-25.webp
2025-06-29 14:27:55,443 - WARNING - ⚠️ Skipping malformed key: screenshots/amirishaque67_at_gmail.com/DSSFocus_Pro_Admin_Panel_Task/2025-06-10_18-52-33_2025-06-10_18-52-33.webp
2025-06-29 14:27:55,443 - WARNING - ⚠️ Skipping malformed key: screenshots/amirishaque67_at_gmail.com/DSSFocus_Pro_Admin_Panel_Task/2025-06-10_18-52-42_2025-06-10_18-52-42.webp
2025-06-29 14:27:55,443 - WARNING - ⚠️ Skipping malformed key: screenshots/amirishaque67_at_gmail.com/DSSFocus_Pro_Admin_Panel_Task/2025-06-10_18-52-51_2025-06-10_18-52-51.webp
2025-06-29 14:27:55,443 - WARNING - ⚠️ Skipping malformed key: screenshots/amirishaque67_at_gmail.com/DSSFocus_Pro_Admin_Panel_Task/2025-06-10_18-53-00_2025-06-10_18-53-00.webp
2025-06-29 14:27:55,443 - WARNING - ⚠️ Skipping malformed key: screenshots/amirishaque67_at_gmail.com/DSSFocus_Pro_Admin_Panel_Task/2025-06-10_18-53-09_2025-06-10_18-53-09.webp
2025-06-29 14:27:55,443 - WARNING - ⚠️ Skipping malformed key: screenshots/amirishaque67_at_gmail.com/DSSFocus_Pro_Admin_Panel_Task/2025-06-10_18-53-18_2025-06-10_18-53-18.webp
2025-06-29 14:27:55,443 - WARNING - ⚠️ Skipping malformed key: screenshots/amirishaque67_at_gmail.com/DSSFocus_Pro_Admin_Panel_Task/2025-06-10_18-53-28_2025-06-10_18-53-28.webp
2025-06-29 14:27:55,443 - WARNING - ⚠️ Skipping malformed key: screenshots/amirishaque67_at_gmail.com/DSSFocus_Pro_Admin_Panel_Task/2025-06-10_18-53-37_2025-06-10_18-53-37.webp
2025-06-29 14:27:55,444 - WARNING - ⚠️ Skipping malformed key: screenshots/amirishaque67_at_gmail.com/DSSFocus_Pro_Admin_Panel_Task/2025-06-10_18-53-46_2025-06-10_18-53-46.webp
2025-06-29 14:27:55,444 - WARNING - ⚠️ Skipping malformed key: screenshots/amirishaque67_at_gmail.com/DSSFocus_Pro_Admin_Panel_Task/2025-06-10_18-53-56_2025-06-10_18-53-55.webp
2025-06-29 14:27:55,444 - WARNING - ⚠️ Skipping malformed key: screenshots/amirishaque67_at_gmail.com/DSSFocus_Pro_Admin_Panel_Task/2025-06-10_18-54-04_2025-06-10_18-54-04.webp
2025-06-29 14:27:55,444 - WARNING - ⚠️ Skipping malformed key: screenshots/amirishaque67_at_gmail.com/DSSFocus_Pro_Admin_Panel_Task/2025-06-10_18-54-13_2025-06-10_18-54-13.webp
2025-06-29 14:27:55,444 - WARNING - ⚠️ Skipping malformed key: screenshots/amirishaque67_at_gmail.com/DSSFocus_Pro_Admin_Panel_Task/2025-06-10_18-54-22_2025-06-10_18-54-22.webp
2025-06-29 14:27:55,444 - WARNING - ⚠️ Skipping malformed key: screenshots/amirishaque67_at_gmail.com/DSSFocus_Pro_Admin_Panel_Task/2025-06-10_18-54-31_2025-06-10_18-54-31.webp
2025-06-29 14:27:55,444 - WARNING - ⚠️ Skipping malformed key: screenshots/amirishaque67_at_gmail.com/DSSFocus_Pro_Admin_Panel_Task/2025-06-10_18-54-40_2025-06-10_18-54-39.webp
2025-06-29 14:27:55,444 - WARNING - ⚠️ Skipping malformed key: screenshots/amirishaque67_at_gmail.com/DSSFocus_Pro_Admin_Panel_Task/2025-06-10_18-54-48_2025-06-10_18-54-48.webp
2025-06-29 14:27:55,444 - WARNING - ⚠️ Skipping malformed key: screenshots/amirishaque67_at_gmail.com/DSSFocus_Pro_Admin_Panel_Task/2025-06-10_18-54-56_2025-06-10_18-54-56.webp
2025-06-29 14:27:55,444 - WARNING - ⚠️ Skipping malformed key: screenshots/amirishaque67_at_gmail.com/DSSFocus_Pro_Admin_Panel_Task/2025-06-10_18-55-05_2025-06-10_18-55-05.webp
2025-06-29 14:27:55,445 - WARNING - ⚠️ Skipping malformed key: screenshots/amirishaque67_at_gmail.com/DSSFocus_Pro_Admin_Panel_Task/2025-06-10_18-55-13_2025-06-10_18-55-13.webp
2025-06-29 14:27:55,445 - WARNING - ⚠️ Skipping malformed key: screenshots/amirishaque67_at_gmail.com/DSSFocus_Pro_Admin_Panel_Task/2025-06-10_18-55-21_2025-06-10_18-55-21.webp
2025-06-29 14:27:55,445 - WARNING - ⚠️ Skipping malformed key: screenshots/amirishaque67_at_gmail.com/DSSFocus_Pro_Admin_Panel_Task/2025-06-10_18-55-31_2025-06-10_18-55-31.webp
2025-06-29 14:27:55,445 - WARNING - ⚠️ Skipping malformed key: screenshots/amirishaque67_at_gmail.com/DSSFocus_Pro_Admin_Panel_Task/2025-06-10_18-55-41_2025-06-10_18-55-41.webp
2025-06-29 14:27:55,445 - WARNING - ⚠️ Skipping malformed key: screenshots/amirishaque67_at_gmail.com/DSSFocus_Pro_Admin_Panel_Task/2025-06-10_18-55-49_2025-06-10_18-55-49.webp
2025-06-29 14:27:55,445 - WARNING - ⚠️ Skipping malformed key: screenshots/amirishaque67_at_gmail.com/DSSFocus_Pro_Admin_Panel_Task/2025-06-10_18-55-58_2025-06-10_18-55-58.webp
2025-06-29 14:27:55,445 - WARNING - ⚠️ Skipping malformed key: screenshots/amirishaque67_at_gmail.com/DSSFocus_Pro_Admin_Panel_Task/2025-06-10_18-56-08_2025-06-10_18-56-08.webp
2025-06-29 14:27:55,446 - WARNING - ⚠️ Skipping malformed key: screenshots/amirishaque67_at_gmail.com/DSSFocus_Pro_Admin_Panel_Task/2025-06-10_18-56-16_2025-06-10_18-56-16.webp
2025-06-29 14:27:55,446 - WARNING - ⚠️ Skipping malformed key: screenshots/amirishaque67_at_gmail.com/DSSFocus_Pro_Admin_Panel_Task/2025-06-10_18-56-25_2025-06-10_18-56-25.webp
2025-06-29 14:27:55,446 - WARNING - ⚠️ Skipping malformed key: screenshots/amirishaque67_at_gmail.com/DSSFocus_Pro_Admin_Panel_Task/2025-06-10_18-56-33_2025-06-10_18-56-33.webp
2025-06-29 14:27:55,446 - WARNING - ⚠️ Skipping malformed key: screenshots/amirishaque67_at_gmail.com/DSSFocus_Pro_Admin_Panel_Task/2025-06-10_18-56-41_2025-06-10_18-56-41.webp
2025-06-29 14:27:55,446 - WARNING - ⚠️ Skipping malformed key: screenshots/amirishaque67_at_gmail.com/DSSFocus_Pro_Admin_Panel_Task/2025-06-10_18-56-49_2025-06-10_18-56-49.webp
2025-06-29 14:27:55,446 - WARNING - ⚠️ Skipping malformed key: screenshots/amirishaque67_at_gmail.com/DSSFocus_Pro_Admin_Panel_Task/2025-06-10_18-56-57_2025-06-10_18-56-57.webp
2025-06-29 14:27:55,447 - WARNING - ⚠️ Skipping malformed key: screenshots/amirishaque67_at_gmail.com/DSSFocus_Pro_Admin_Panel_Task/2025-06-10_18-57-05_2025-06-10_18-57-05.webp
2025-06-29 14:27:55,447 - WARNING - ⚠️ Skipping malformed key: screenshots/amirishaque67_at_gmail.com/DSSFocus_Pro_Admin_Panel_Task/2025-06-10_18-57-13_2025-06-10_18-57-13.webp
2025-06-29 14:27:55,447 - WARNING - ⚠️ Skipping malformed key: screenshots/amirishaque67_at_gmail.com/DSSFocus_Pro_Admin_Panel_Task/2025-06-10_18-57-21_2025-06-10_18-57-21.webp
2025-06-29 14:27:55,447 - WARNING - ⚠️ Skipping malformed key: screenshots/amirishaque67_at_gmail.com/DSSFocus_Pro_Admin_Panel_Task/2025-06-10_18-57-30_2025-06-10_18-57-30.webp
2025-06-29 14:27:55,447 - WARNING - ⚠️ Skipping malformed key: screenshots/amirishaque67_at_gmail.com/DSSFocus_Pro_Admin_Panel_Task/2025-06-10_18-57-38_2025-06-10_18-57-38.webp
2025-06-29 14:27:55,447 - WARNING - ⚠️ Skipping malformed key: screenshots/amirishaque67_at_gmail.com/DSSFocus_Pro_Admin_Panel_Task/2025-06-10_18-57-46_2025-06-10_18-57-46.webp
2025-06-29 14:27:55,448 - WARNING - ⚠️ Skipping malformed key: screenshots/amirishaque67_at_gmail.com/DSSFocus_Pro_Admin_Panel_Task/2025-06-10_18-57-54_2025-06-10_18-57-54.webp
2025-06-29 14:27:55,448 - WARNING - ⚠️ Skipping malformed key: screenshots/amirishaque67_at_gmail.com/DSSFocus_Pro_Admin_Panel_Task/2025-06-10_18-58-03_2025-06-10_18-58-03.webp
2025-06-29 14:27:55,448 - WARNING - ⚠️ Skipping malformed key: screenshots/amirishaque67_at_gmail.com/DSSFocus_Pro_Admin_Panel_Task/2025-06-10_18-58-11_2025-06-10_18-58-11.webp
2025-06-29 14:27:55,448 - WARNING - ⚠️ Skipping malformed key: screenshots/amirishaque67_at_gmail.com/DSSFocus_Pro_Admin_Panel_Task/2025-06-10_18-58-19_2025-06-10_18-58-19.webp
2025-06-29 14:27:55,455 - WARNING - ⚠️ Skipping malformed key: screenshots/amirishaque67_at_gmail.com/DSSFocus_Pro_Admin_Panel_Task/2025-06-10_18-58-28_2025-06-10_18-58-28.webp
2025-06-29 14:27:55,489 - WARNING - ⚠️ Skipping malformed key: screenshots/amirishaque67_at_gmail.com/DSSFocus_Pro_Admin_Panel_Task/2025-06-10_18-58-36_2025-06-10_18-58-36.webp
2025-06-29 14:27:55,489 - WARNING - ⚠️ Skipping malformed key: screenshots/amirishaque67_at_gmail.com/DSSFocus_Pro_Admin_Panel_Task/2025-06-10_18-58-44_2025-06-10_18-58-43.webp
2025-06-29 14:27:55,490 - WARNING - ⚠️ Skipping malformed key: screenshots/amirishaque67_at_gmail.com/DSSFocus_Pro_Admin_Panel_Task/2025-06-10_18-58-52_2025-06-10_18-58-52.webp
2025-06-29 14:27:55,490 - WARNING - ⚠️ Skipping malformed key: screenshots/amirishaque67_at_gmail.com/DSSFocus_Pro_Admin_Panel_Task/2025-06-10_18-59-00_2025-06-10_18-59-00.webp
2025-06-29 14:27:55,490 - WARNING - ⚠️ Skipping malformed key: screenshots/amirishaque67_at_gmail.com/DSSFocus_Pro_Admin_Panel_Task/2025-06-10_18-59-08_2025-06-10_18-59-07.webp
2025-06-29 14:27:55,509 - WARNING - ⚠️ Skipping malformed key: screenshots/amirishaque67_at_gmail.com/DSSFocus_Pro_Admin_Panel_Task/2025-06-10_18-59-16_2025-06-10_18-59-15.webp
2025-06-29 14:27:55,509 - WARNING - ⚠️ Skipping malformed key: screenshots/amirishaque67_at_gmail.com/DSSFocus_Pro_Admin_Panel_Task/2025-06-10_18-59-23_2025-06-10_18-59-23.webp
2025-06-29 14:27:55,513 - WARNING - ⚠️ Skipping malformed key: screenshots/amirishaque67_at_gmail.com/DSSFocus_Pro_Admin_Panel_Task/2025-06-10_18-59-31_2025-06-10_18-59-31.webp
2025-06-29 14:27:55,513 - WARNING - ⚠️ Skipping malformed key: screenshots/amirishaque67_at_gmail.com/DSSFocus_Pro_Admin_Panel_Task/2025-06-10_18-59-39_2025-06-10_18-59-39.webp
2025-06-29 14:27:55,514 - WARNING - ⚠️ Skipping malformed key: screenshots/amirishaque67_at_gmail.com/DSSFocus_Pro_Admin_Panel_Task/2025-06-10_18-59-47_2025-06-10_18-59-47.webp
2025-06-29 14:27:55,514 - WARNING - ⚠️ Skipping malformed key: screenshots/amirishaque67_at_gmail.com/DSSFocus_Pro_Admin_Panel_Task/2025-06-10_18-59-55_2025-06-10_18-59-55.webp
2025-06-29 14:27:55,514 - WARNING - ⚠️ Skipping malformed key: screenshots/amirishaque67_at_gmail.com/DSSFocus_Pro_Admin_Panel_Task/2025-06-10_19-00-03_2025-06-10_19-00-03.webp
2025-06-29 14:27:55,514 - WARNING - ⚠️ Skipping malformed key: screenshots/amirishaque67_at_gmail.com/DSSFocus_Pro_Admin_Panel_Task/2025-06-10_19-00-11_2025-06-10_19-00-11.webp
2025-06-29 14:27:55,515 - WARNING - ⚠️ Skipping malformed key: screenshots/amirishaque67_at_gmail.com/DSSFocus_Pro_Admin_Panel_Task/2025-06-10_19-00-19_2025-06-10_19-00-19.webp
2025-06-29 14:27:55,515 - WARNING - ⚠️ Skipping malformed key: screenshots/amirishaque67_at_gmail.com/DSSFocus_Pro_Admin_Panel_Task/2025-06-10_19-00-27_2025-06-10_19-00-27.webp
2025-06-29 14:27:55,515 - WARNING - ⚠️ Skipping malformed key: screenshots/amirishaque67_at_gmail.com/DSSFocus_Pro_Admin_Panel_Task/2025-06-10_19-00-36_2025-06-10_19-00-36.webp
2025-06-29 14:27:55,515 - WARNING - ⚠️ Skipping malformed key: screenshots/amirishaque67_at_gmail.com/DSSFocus_Pro_Admin_Panel_Task/2025-06-10_19-00-45_2025-06-10_19-00-45.webp
2025-06-29 14:27:55,516 - WARNING - ⚠️ Skipping malformed key: screenshots/amirishaque67_at_gmail.com/DSSFocus_Pro_Admin_Panel_Task/2025-06-10_19-00-53_2025-06-10_19-00-53.webp
2025-06-29 14:27:55,516 - WARNING - ⚠️ Skipping malformed key: screenshots/amirishaque67_at_gmail.com/DSSFocus_Pro_Admin_Panel_Task/2025-06-10_19-01-02_2025-06-10_19-01-01.webp
2025-06-29 14:27:55,516 - WARNING - ⚠️ Skipping malformed key: screenshots/amirishaque67_at_gmail.com/DSSFocus_Pro_Admin_Panel_Task/2025-06-10_19-01-10_2025-06-10_19-01-10.webp
2025-06-29 14:27:55,516 - WARNING - ⚠️ Skipping malformed key: screenshots/amirishaque67_at_gmail.com/DSSFocus_Pro_Admin_Panel_Task/2025-06-10_19-01-18_2025-06-10_19-01-18.webp
2025-06-29 14:27:55,516 - WARNING - ⚠️ Skipping malformed key: screenshots/amirishaque67_at_gmail.com/DSSFocus_Pro_Admin_Panel_Task/2025-06-10_19-01-26_2025-06-10_19-01-26.webp
2025-06-29 14:27:55,516 - WARNING - ⚠️ Skipping malformed key: screenshots/amirishaque67_at_gmail.com/DSSFocus_Pro_Admin_Panel_Task/2025-06-10_19-01-35_2025-06-10_19-01-35.webp
2025-06-29 14:27:55,516 - WARNING - ⚠️ Skipping malformed key: screenshots/amirishaque67_at_gmail.com/DSSFocus_Pro_Admin_Panel_Task/2025-06-10_19-01-43_2025-06-10_19-01-43.webp
2025-06-29 14:27:55,516 - WARNING - ⚠️ Skipping malformed key: screenshots/amirishaque67_at_gmail.com/DSSFocus_Pro_Admin_Panel_Task/2025-06-10_19-01-51_2025-06-10_19-01-51.webp
2025-06-29 14:27:55,516 - WARNING - ⚠️ Skipping malformed key: screenshots/amirishaque67_at_gmail.com/DSSFocus_Pro_Admin_Panel_Task/2025-06-10_19-01-59_2025-06-10_19-01-59.webp
2025-06-29 14:27:55,516 - WARNING - ⚠️ Skipping malformed key: screenshots/amirishaque67_at_gmail.com/DSSFocus_Pro_Admin_Panel_Task/2025-06-10_19-02-08_2025-06-10_19-02-08.webp
2025-06-29 14:27:55,516 - WARNING - ⚠️ Skipping malformed key: screenshots/amirishaque67_at_gmail.com/DSSFocus_Pro_Admin_Panel_Task/2025-06-10_19-02-18_2025-06-10_19-02-18.webp
2025-06-29 14:27:55,517 - WARNING - ⚠️ Skipping malformed key: screenshots/amirishaque67_at_gmail.com/DSSFocus_Pro_Admin_Panel_Task/2025-06-10_19-02-26_2025-06-10_19-02-26.webp
2025-06-29 14:27:55,525 - WARNING - ⚠️ Skipping malformed key: screenshots/amirishaque67_at_gmail.com/DSSFocus_Pro_Admin_Panel_Task/2025-06-10_19-02-34_2025-06-10_19-02-34.webp
2025-06-29 14:27:55,547 - WARNING - ⚠️ Skipping malformed key: screenshots/amirishaque67_at_gmail.com/DSSFocus_Pro_Admin_Panel_Task/2025-06-10_19-02-42_2025-06-10_19-02-42.webp
2025-06-29 14:27:55,548 - WARNING - ⚠️ Skipping malformed key: screenshots/amirishaque67_at_gmail.com/DSSFocus_Pro_Admin_Panel_Task/2025-06-10_19-02-51_2025-06-10_19-02-50.webp
2025-06-29 14:27:55,548 - WARNING - ⚠️ Skipping malformed key: screenshots/amirishaque67_at_gmail.com/DSSFocus_Pro_Admin_Panel_Task/2025-06-10_19-02-59_2025-06-10_19-02-59.webp
2025-06-29 14:27:55,548 - WARNING - ⚠️ Skipping malformed key: screenshots/amirishaque67_at_gmail.com/DSSFocus_Pro_Admin_Panel_Task/2025-06-10_19-03-08_2025-06-10_19-03-07.webp
2025-06-29 14:27:55,548 - WARNING - ⚠️ Skipping malformed key: screenshots/amirishaque67_at_gmail.com/DSSFocus_Pro_Admin_Panel_Task/2025-06-10_19-03-16_2025-06-10_19-03-16.webp
2025-06-29 14:27:55,549 - WARNING - ⚠️ Skipping malformed key: screenshots/amirishaque67_at_gmail.com/DSSFocus_Pro_Admin_Panel_Task/2025-06-10_19-03-24_2025-06-10_19-03-24.webp
2025-06-29 14:27:55,549 - WARNING - ⚠️ Skipping malformed key: screenshots/amirishaque67_at_gmail.com/DSSFocus_Pro_Admin_Panel_Task/2025-06-10_19-03-33_2025-06-10_19-03-33.webp
2025-06-29 14:27:55,549 - WARNING - ⚠️ Skipping malformed key: screenshots/amirishaque67_at_gmail.com/DSSFocus_Pro_Admin_Panel_Task/2025-06-10_19-03-41_2025-06-10_19-03-41.webp
2025-06-29 14:27:55,549 - WARNING - ⚠️ Skipping malformed key: screenshots/amirishaque67_at_gmail.com/DSSFocus_Pro_Admin_Panel_Task/2025-06-10_19-03-49_2025-06-10_19-03-49.webp
2025-06-29 14:27:55,549 - WARNING - ⚠️ Skipping malformed key: screenshots/amirishaque67_at_gmail.com/DSSFocus_Pro_Admin_Panel_Task/2025-06-10_19-03-58_2025-06-10_19-03-57.webp
2025-06-29 14:27:55,550 - WARNING - ⚠️ Skipping malformed key: screenshots/amirishaque67_at_gmail.com/DSSFocus_Pro_Admin_Panel_Task/2025-06-10_19-04-06_2025-06-10_19-04-06.webp
2025-06-29 14:27:55,550 - WARNING - ⚠️ Skipping malformed key: screenshots/amirishaque67_at_gmail.com/DSSFocus_Pro_Admin_Panel_Task/2025-06-10_19-04-14_2025-06-10_19-04-14.webp
2025-06-29 14:27:55,550 - WARNING - ⚠️ Skipping malformed key: screenshots/amirishaque67_at_gmail.com/DSSFocus_Pro_Admin_Panel_Task/2025-06-10_19-04-22_2025-06-10_19-04-22.webp
2025-06-29 14:27:55,550 - WARNING - ⚠️ Skipping malformed key: screenshots/amirishaque67_at_gmail.com/DSSFocus_Pro_Admin_Panel_Task/2025-06-10_19-04-31_2025-06-10_19-04-30.webp
2025-06-29 14:27:55,550 - WARNING - ⚠️ Skipping malformed key: screenshots/amirishaque67_at_gmail.com/DSSFocus_Pro_Admin_Panel_Task/2025-06-10_19-04-39_2025-06-10_19-04-39.webp
2025-06-29 14:27:55,550 - WARNING - ⚠️ Skipping malformed key: screenshots/amirishaque67_at_gmail.com/DSSFocus_Pro_Admin_Panel_Task/2025-06-10_19-04-47_2025-06-10_19-04-47.webp
2025-06-29 14:27:55,550 - WARNING - ⚠️ Skipping malformed key: screenshots/amirishaque67_at_gmail.com/DSSFocus_Pro_Admin_Panel_Task/2025-06-10_19-04-55_2025-06-10_19-04-55.webp
2025-06-29 14:27:55,550 - WARNING - ⚠️ Skipping malformed key: screenshots/amirishaque67_at_gmail.com/DSSFocus_Pro_Admin_Panel_Task/2025-06-10_19-05-04_2025-06-10_19-05-04.webp
2025-06-29 14:27:55,550 - WARNING - ⚠️ Skipping malformed key: screenshots/amirishaque67_at_gmail.com/DSSFocus_Pro_Admin_Panel_Task/2025-06-10_19-05-12_2025-06-10_19-05-12.webp
2025-06-29 14:27:55,550 - WARNING - ⚠️ Skipping malformed key: screenshots/amirishaque67_at_gmail.com/DSSFocus_Pro_Admin_Panel_Task/2025-06-10_19-05-20_2025-06-10_19-05-20.webp
2025-06-29 14:27:55,550 - WARNING - ⚠️ Skipping malformed key: screenshots/amirishaque67_at_gmail.com/DSSFocus_Pro_Admin_Panel_Task/2025-06-10_19-05-29_2025-06-10_19-05-28.webp
2025-06-29 14:27:55,550 - WARNING - ⚠️ Skipping malformed key: screenshots/amirishaque67_at_gmail.com/DSSFocus_Pro_Admin_Panel_Task/2025-06-10_19-05-37_2025-06-10_19-05-37.webp
2025-06-29 14:27:55,551 - WARNING - ⚠️ Skipping malformed key: screenshots/amirishaque67_at_gmail.com/DSSFocus_Pro_Admin_Panel_Task/2025-06-10_19-05-45_2025-06-10_19-05-45.webp
2025-06-29 14:27:55,551 - WARNING - ⚠️ Skipping malformed key: screenshots/amirishaque67_at_gmail.com/DSSFocus_Pro_Admin_Panel_Task/2025-06-10_19-05-54_2025-06-10_19-05-54.webp
2025-06-29 14:27:55,551 - WARNING - ⚠️ Skipping malformed key: screenshots/amirishaque67_at_gmail.com/DSSFocus_Pro_Admin_Panel_Task/2025-06-10_19-06-02_2025-06-10_19-06-02.webp
2025-06-29 14:27:55,551 - WARNING - ⚠️ Skipping malformed key: screenshots/amirishaque67_at_gmail.com/DSSFocus_Pro_Admin_Panel_Task/2025-06-10_19-06-10_2025-06-10_19-06-10.webp
2025-06-29 14:27:55,551 - WARNING - ⚠️ Skipping malformed key: screenshots/amirishaque67_at_gmail.com/DSSFocus_Pro_Admin_Panel_Task/2025-06-10_19-06-19_2025-06-10_19-06-19.webp
2025-06-29 14:27:55,551 - WARNING - ⚠️ Skipping malformed key: screenshots/amirishaque67_at_gmail.com/DSSFocus_Pro_Admin_Panel_Task/2025-06-10_19-06-27_2025-06-10_19-06-27.webp
2025-06-29 14:27:55,551 - WARNING - ⚠️ Skipping malformed key: screenshots/amirishaque67_at_gmail.com/DSSFocus_Pro_Admin_Panel_Task/2025-06-10_19-06-35_2025-06-10_19-06-35.webp
2025-06-29 14:27:55,551 - WARNING - ⚠️ Skipping malformed key: screenshots/amirishaque67_at_gmail.com/DSSFocus_Pro_Admin_Panel_Task/2025-06-10_19-06-44_2025-06-10_19-06-44.webp
2025-06-29 14:27:55,551 - WARNING - ⚠️ Skipping malformed key: screenshots/amirishaque67_at_gmail.com/DSSFocus_Pro_Admin_Panel_Task/2025-06-10_19-06-52_2025-06-10_19-06-52.webp
2025-06-29 14:27:55,551 - WARNING - ⚠️ Skipping malformed key: screenshots/amirishaque67_at_gmail.com/DSSFocus_Pro_Admin_Panel_Task/2025-06-10_19-07-00_2025-06-10_19-07-00.webp
2025-06-29 14:27:55,551 - WARNING - ⚠️ Skipping malformed key: screenshots/amirishaque67_at_gmail.com/DSSFocus_Pro_Admin_Panel_Task/2025-06-10_19-07-08_2025-06-10_19-07-08.webp
2025-06-29 14:27:55,552 - WARNING - ⚠️ Skipping malformed key: screenshots/amirishaque67_at_gmail.com/DSSFocus_Pro_Admin_Panel_Task/2025-06-10_19-07-16_2025-06-10_19-07-16.webp
2025-06-29 14:27:55,552 - WARNING - ⚠️ Skipping malformed key: screenshots/amirishaque67_at_gmail.com/DSSFocus_Pro_Admin_Panel_Task/2025-06-10_19-07-24_2025-06-10_19-07-24.webp
2025-06-29 14:27:55,552 - WARNING - ⚠️ Skipping malformed key: screenshots/amirishaque67_at_gmail.com/DSSFocus_Pro_Admin_Panel_Task/2025-06-10_19-07-32_2025-06-10_19-07-32.webp
2025-06-29 14:27:55,552 - WARNING - ⚠️ Skipping malformed key: screenshots/amirishaque67_at_gmail.com/DSSFocus_Pro_Admin_Panel_Task/2025-06-10_19-07-41_2025-06-10_19-07-40.webp
2025-06-29 14:27:55,576 - WARNING - ⚠️ Skipping malformed key: screenshots/amirishaque67_at_gmail.com/DSSFocus_Pro_Admin_Panel_Task/2025-06-10_19-07-51_2025-06-10_19-07-51.webp
2025-06-29 14:27:55,601 - WARNING - ⚠️ Skipping malformed key: screenshots/amirishaque67_at_gmail.com/DSSFocus_Pro_Admin_Panel_Task/2025-06-10_19-08-00_2025-06-10_19-07-59.webp
2025-06-29 14:27:55,604 - WARNING - ⚠️ Skipping malformed key: screenshots/amirishaque67_at_gmail.com/DSSFocus_Pro_Admin_Panel_Task/2025-06-10_19-08-08_2025-06-10_19-08-08.webp
2025-06-29 14:27:55,605 - WARNING - ⚠️ Skipping malformed key: screenshots/amirishaque67_at_gmail.com/DSSFocus_Pro_Admin_Panel_Task/2025-06-10_19-08-16_2025-06-10_19-08-16.webp
2025-06-29 14:27:55,605 - WARNING - ⚠️ Skipping malformed key: screenshots/amirishaque67_at_gmail.com/DSSFocus_Pro_Admin_Panel_Task/2025-06-10_19-08-25_2025-06-10_19-08-25.webp
2025-06-29 14:27:55,605 - WARNING - ⚠️ Skipping malformed key: screenshots/amirishaque67_at_gmail.com/DSSFocus_Pro_Admin_Panel_Task/2025-06-10_19-08-34_2025-06-10_19-08-33.webp
2025-06-29 14:27:55,605 - WARNING - ⚠️ Skipping malformed key: screenshots/amirishaque67_at_gmail.com/DSSFocus_Pro_Admin_Panel_Task/2025-06-10_19-08-42_2025-06-10_19-08-42.webp
2025-06-29 14:27:55,605 - WARNING - ⚠️ Skipping malformed key: screenshots/amirishaque67_at_gmail.com/DSSFocus_Pro_Admin_Panel_Task/2025-06-10_19-08-51_2025-06-10_19-08-51.webp
2025-06-29 14:27:55,610 - WARNING - ⚠️ Skipping malformed key: screenshots/amirishaque67_at_gmail.com/DSSFocus_Pro_Admin_Panel_Task/2025-06-10_19-08-59_2025-06-10_19-08-59.webp
2025-06-29 14:27:55,611 - WARNING - ⚠️ Skipping malformed key: screenshots/amirishaque67_at_gmail.com/DSSFocus_Pro_Admin_Panel_Task/2025-06-10_19-09-08_2025-06-10_19-09-07.webp
2025-06-29 14:27:55,611 - WARNING - ⚠️ Skipping malformed key: screenshots/amirishaque67_at_gmail.com/DSSFocus_Pro_Admin_Panel_Task/2025-06-10_19-09-16_2025-06-10_19-09-15.webp
2025-06-29 14:27:55,611 - WARNING - ⚠️ Skipping malformed key: screenshots/amirishaque67_at_gmail.com/DSSFocus_Pro_Admin_Panel_Task/2025-06-10_19-09-24_2025-06-10_19-09-24.webp
2025-06-29 14:27:55,611 - WARNING - ⚠️ Skipping malformed key: screenshots/amirishaque67_at_gmail.com/DSSFocus_Pro_Admin_Panel_Task/2025-06-10_19-09-32_2025-06-10_19-09-32.webp
2025-06-29 14:27:55,611 - WARNING - ⚠️ Skipping malformed key: screenshots/amirishaque67_at_gmail.com/DSSFocus_Pro_Admin_Panel_Task/2025-06-10_19-09-41_2025-06-10_19-09-40.webp
2025-06-29 14:27:55,612 - WARNING - ⚠️ Skipping malformed key: screenshots/amirishaque67_at_gmail.com/DSSFocus_Pro_Admin_Panel_Task/2025-06-10_19-09-49_2025-06-10_19-09-48.webp
2025-06-29 14:27:55,612 - WARNING - ⚠️ Skipping malformed key: screenshots/amirishaque67_at_gmail.com/DSSFocus_Pro_Admin_Panel_Task/2025-06-10_19-09-57_2025-06-10_19-09-56.webp
2025-06-29 14:27:55,612 - WARNING - ⚠️ Skipping malformed key: screenshots/amirishaque67_at_gmail.com/DSSFocus_Pro_Admin_Panel_Task/2025-06-10_19-10-05_2025-06-10_19-10-05.webp
2025-06-29 14:27:55,612 - WARNING - ⚠️ Skipping malformed key: screenshots/amirishaque67_at_gmail.com/DSSFocus_Pro_Admin_Panel_Task/2025-06-10_19-10-13_2025-06-10_19-10-13.webp
2025-06-29 14:27:55,612 - WARNING - ⚠️ Skipping malformed key: screenshots/amirishaque67_at_gmail.com/DSSFocus_Pro_Admin_Panel_Task/2025-06-10_20-02-57_2025-06-10_20-02-54.webp
2025-06-29 14:27:55,613 - WARNING - ⚠️ Skipping malformed key: screenshots/amirishaque67_at_gmail.com/DSSFocus_Pro_Admin_Panel_Task/2025-06-10_20-03-06_2025-06-10_20-03-06.webp
2025-06-29 14:27:55,613 - WARNING - ⚠️ Skipping malformed key: screenshots/amirishaque67_at_gmail.com/DSSFocus_Pro_Admin_Panel_Task/2025-06-10_20-03-11_2025-06-10_20-03-11.webp
2025-06-29 14:27:55,613 - WARNING - ⚠️ Skipping malformed key: screenshots/amirishaque67_at_gmail.com/DSSFocus_Pro_Admin_Panel_Task/2025-06-10_20-03-14_2025-06-10_20-03-14.webp
2025-06-29 14:27:55,613 - WARNING - ⚠️ Skipping malformed key: screenshots/amirishaque67_at_gmail.com/DSSFocus_Pro_Admin_Panel_Task/2025-06-10_20-03-19_2025-06-10_20-03-19.webp
2025-06-29 14:27:55,613 - WARNING - ⚠️ Skipping malformed key: screenshots/amirishaque67_at_gmail.com/DSSFocus_Pro_Admin_Panel_Task/2025-06-10_20-03-23_2025-06-10_20-03-22.webp
2025-06-29 14:27:55,614 - WARNING - ⚠️ Skipping malformed key: screenshots/amirishaque67_at_gmail.com/DSSFocus_Pro_Admin_Panel_Task/2025-06-10_20-03-27_2025-06-10_20-03-27.webp
2025-06-29 14:27:55,614 - WARNING - ⚠️ Skipping malformed key: screenshots/amirishaque67_at_gmail.com/DSSFocus_Pro_Admin_Panel_Task/2025-06-10_20-03-31_2025-06-10_20-03-31.webp
2025-06-29 14:27:55,614 - WARNING - ⚠️ Skipping malformed key: screenshots/amirishaque67_at_gmail.com/DSSFocus_Pro_Admin_Panel_Task/2025-06-10_20-03-36_2025-06-10_20-03-35.webp
2025-06-29 14:27:55,614 - WARNING - ⚠️ Skipping malformed key: screenshots/amirishaque67_at_gmail.com/DSSFocus_Pro_Admin_Panel_Task/2025-06-10_20-03-40_2025-06-10_20-03-40.webp
2025-06-29 14:27:55,615 - WARNING - ⚠️ Skipping malformed key: screenshots/amirishaque67_at_gmail.com/DSSFocus_Pro_Admin_Panel_Task/2025-06-10_20-03-45_2025-06-10_20-03-45.webp
2025-06-29 14:27:55,615 - WARNING - ⚠️ Skipping malformed key: screenshots/amirishaque67_at_gmail.com/DSSFocus_Pro_Admin_Panel_Task/2025-06-10_20-03-49_2025-06-10_20-03-48.webp
2025-06-29 14:27:55,617 - WARNING - ⚠️ Skipping malformed key: screenshots/amirishaque67_at_gmail.com/DSSFocus_Pro_Admin_Panel_Task/2025-06-10_20-03-54_2025-06-10_20-03-53.webp
2025-06-29 14:27:55,620 - WARNING - ⚠️ Skipping malformed key: screenshots/amirishaque67_at_gmail.com/DSSFocus_Pro_Admin_Panel_Task/2025-06-10_20-03-57_2025-06-10_20-03-57.webp
2025-06-29 14:27:55,621 - WARNING - ⚠️ Skipping malformed key: screenshots/amirishaque67_at_gmail.com/DSSFocus_Pro_Admin_Panel_Task/2025-06-10_20-04-02_2025-06-10_20-04-02.webp
2025-06-29 14:27:55,622 - WARNING - ⚠️ Skipping malformed key: screenshots/amirishaque67_at_gmail.com/DSSFocus_Pro_Admin_Panel_Task/2025-06-10_20-04-06_2025-06-10_20-04-06.webp
2025-06-29 14:27:55,622 - WARNING - ⚠️ Skipping malformed key: screenshots/amirishaque67_at_gmail.com/DSSFocus_Pro_Admin_Panel_Task/2025-06-10_20-04-11_2025-06-10_20-04-11.webp
2025-06-29 14:27:55,623 - WARNING - ⚠️ Skipping malformed key: screenshots/amirishaque67_at_gmail.com/DSSFocus_Pro_Admin_Panel_Task/2025-06-10_20-04-14_2025-06-10_20-04-14.webp
2025-06-29 14:27:55,623 - WARNING - ⚠️ Skipping malformed key: screenshots/amirishaque67_at_gmail.com/DSSFocus_Pro_Admin_Panel_Task/2025-06-10_20-04-21_2025-06-10_20-04-20.webp
2025-06-29 14:27:55,623 - WARNING - ⚠️ Skipping malformed key: screenshots/amirishaque67_at_gmail.com/DSSFocus_Pro_Admin_Panel_Task/2025-06-10_20-04-24_2025-06-10_20-04-24.webp
2025-06-29 14:27:55,623 - WARNING - ⚠️ Skipping malformed key: screenshots/amirishaque67_at_gmail.com/DSSFocus_Pro_Admin_Panel_Task/2025-06-10_20-04-29_2025-06-10_20-04-29.webp
2025-06-29 14:27:55,623 - WARNING - ⚠️ Skipping malformed key: screenshots/amirishaque67_at_gmail.com/DSSFocus_Pro_Admin_Panel_Task/2025-06-10_20-04-32_2025-06-10_20-04-32.webp
2025-06-29 14:27:55,623 - WARNING - ⚠️ Skipping malformed key: screenshots/amirishaque67_at_gmail.com/DSSFocus_Pro_Admin_Panel_Task/2025-06-10_20-04-38_2025-06-10_20-04-38.webp
2025-06-29 14:27:55,623 - WARNING - ⚠️ Skipping malformed key: screenshots/amirishaque67_at_gmail.com/DSSFocus_Pro_Admin_Panel_Task/2025-06-10_20-04-41_2025-06-10_20-04-41.webp
2025-06-29 14:27:55,624 - WARNING - ⚠️ Skipping malformed key: screenshots/amirishaque67_at_gmail.com/DSSFocus_Pro_Admin_Panel_Task/2025-06-10_20-04-47_2025-06-10_20-04-47.webp
2025-06-29 14:27:55,631 - WARNING - ⚠️ Skipping malformed key: screenshots/amirishaque67_at_gmail.com/DSSFocus_Pro_Admin_Panel_Task/2025-06-10_20-04-49_2025-06-10_20-04-49.webp
2025-06-29 14:27:55,631 - WARNING - ⚠️ Skipping malformed key: screenshots/amirishaque67_at_gmail.com/DSSFocus_Pro_Admin_Panel_Task/2025-06-10_20-04-55_2025-06-10_20-04-55.webp
2025-06-29 14:27:55,631 - WARNING - ⚠️ Skipping malformed key: screenshots/amirishaque67_at_gmail.com/DSSFocus_Pro_Admin_Panel_Task/2025-06-10_20-04-58_2025-06-10_20-04-58.webp
2025-06-29 14:27:55,632 - WARNING - ⚠️ Skipping malformed key: screenshots/amirishaque67_at_gmail.com/DSSFocus_Pro_Admin_Panel_Task/2025-06-10_20-05-04_2025-06-10_20-05-04.webp
2025-06-29 14:27:55,633 - WARNING - ⚠️ Skipping malformed key: screenshots/amirishaque67_at_gmail.com/DSSFocus_Pro_Admin_Panel_Task/2025-06-10_20-05-07_2025-06-10_20-05-07.webp
2025-06-29 14:27:55,633 - WARNING - ⚠️ Skipping malformed key: screenshots/amirishaque67_at_gmail.com/DSSFocus_Pro_Admin_Panel_Task/2025-06-10_20-05-13_2025-06-10_20-05-13.webp
2025-06-29 14:27:55,636 - WARNING - ⚠️ Skipping malformed key: screenshots/amirishaque67_at_gmail.com/DSSFocus_Pro_Admin_Panel_Task/2025-06-10_20-05-16_2025-06-10_20-05-16.webp
2025-06-29 14:27:55,637 - WARNING - ⚠️ Skipping malformed key: screenshots/amirishaque67_at_gmail.com/DSSFocus_Pro_Admin_Panel_Task/2025-06-10_20-05-22_2025-06-10_20-05-21.webp
2025-06-29 14:27:55,637 - WARNING - ⚠️ Skipping malformed key: screenshots/amirishaque67_at_gmail.com/DSSFocus_Pro_Admin_Panel_Task/2025-06-10_20-05-24_2025-06-10_20-05-24.webp
2025-06-29 14:27:55,637 - WARNING - ⚠️ Skipping malformed key: screenshots/amirishaque67_at_gmail.com/DSSFocus_Pro_Admin_Panel_Task/2025-06-10_20-05-31_2025-06-10_20-05-30.webp
2025-06-29 14:27:55,637 - WARNING - ⚠️ Skipping malformed key: screenshots/amirishaque67_at_gmail.com/DSSFocus_Pro_Admin_Panel_Task/2025-06-10_20-05-33_2025-06-10_20-05-33.webp
2025-06-29 14:27:55,637 - WARNING - ⚠️ Skipping malformed key: screenshots/amirishaque67_at_gmail.com/DSSFocus_Pro_Admin_Panel_Task/2025-06-10_20-05-39_2025-06-10_20-05-39.webp
2025-06-29 14:27:55,639 - WARNING - ⚠️ Skipping malformed key: screenshots/amirishaque67_at_gmail.com/DSSFocus_Pro_Admin_Panel_Task/2025-06-10_20-05-42_2025-06-10_20-05-41.webp
2025-06-29 14:27:55,639 - WARNING - ⚠️ Skipping malformed key: screenshots/amirishaque67_at_gmail.com/DSSFocus_Pro_Admin_Panel_Task/2025-06-10_20-05-48_2025-06-10_20-05-48.webp
2025-06-29 14:27:55,639 - WARNING - ⚠️ Skipping malformed key: screenshots/amirishaque67_at_gmail.com/DSSFocus_Pro_Admin_Panel_Task/2025-06-10_20-05-50_2025-06-10_20-05-50.webp
2025-06-29 14:27:55,640 - WARNING - ⚠️ Skipping malformed key: screenshots/amirishaque67_at_gmail.com/DSSFocus_Pro_Admin_Panel_Task/2025-06-10_20-05-57_2025-06-10_20-05-57.webp
2025-06-29 14:27:55,640 - WARNING - ⚠️ Skipping malformed key: screenshots/amirishaque67_at_gmail.com/DSSFocus_Pro_Admin_Panel_Task/2025-06-10_20-05-59_2025-06-10_20-05-58.webp
2025-06-29 14:27:55,640 - WARNING - ⚠️ Skipping malformed key: screenshots/amirishaque67_at_gmail.com/DSSFocus_Pro_Admin_Panel_Task/2025-06-10_20-06-06_2025-06-10_20-06-06.webp
2025-06-29 14:27:55,647 - WARNING - ⚠️ Skipping malformed key: screenshots/amirishaque67_at_gmail.com/DSSFocus_Pro_Admin_Panel_Task/2025-06-10_20-06-07_2025-06-10_20-06-07.webp
2025-06-29 14:27:55,647 - WARNING - ⚠️ Skipping malformed key: screenshots/amirishaque67_at_gmail.com/DSSFocus_Pro_Admin_Panel_Task/2025-06-10_20-06-14_2025-06-10_20-06-14.webp
2025-06-29 14:27:55,648 - WARNING - ⚠️ Skipping malformed key: screenshots/amirishaque67_at_gmail.com/DSSFocus_Pro_Admin_Panel_Task/2025-06-10_20-06-16_2025-06-10_20-06-16.webp
2025-06-29 14:27:55,648 - WARNING - ⚠️ Skipping malformed key: screenshots/amirishaque67_at_gmail.com/DSSFocus_Pro_Admin_Panel_Task/2025-06-10_20-06-23_2025-06-10_20-06-23.webp
2025-06-29 14:27:55,648 - WARNING - ⚠️ Skipping malformed key: screenshots/amirishaque67_at_gmail.com/DSSFocus_Pro_Admin_Panel_Task/2025-06-10_20-06-25_2025-06-10_20-06-24.webp
2025-06-29 14:27:55,648 - WARNING - ⚠️ Skipping malformed key: screenshots/amirishaque67_at_gmail.com/DSSFocus_Pro_Admin_Panel_Task/2025-06-10_20-06-32_2025-06-10_20-06-32.webp
2025-06-29 14:27:55,648 - WARNING - ⚠️ Skipping malformed key: screenshots/amirishaque67_at_gmail.com/DSSFocus_Pro_Admin_Panel_Task/2025-06-10_20-06-33_2025-06-10_20-06-33.webp
2025-06-29 14:27:55,649 - WARNING - ⚠️ Skipping malformed key: screenshots/amirishaque67_at_gmail.com/DSSFocus_Pro_Admin_Panel_Task/2025-06-10_20-06-41_2025-06-10_20-06-41.webp
2025-06-29 14:27:55,649 - WARNING - ⚠️ Skipping malformed key: screenshots/amirishaque67_at_gmail.com/DSSFocus_Pro_Admin_Panel_Task/2025-06-10_20-06-42_2025-06-10_20-06-42.webp
2025-06-29 14:27:55,649 - WARNING - ⚠️ Skipping malformed key: screenshots/amirishaque67_at_gmail.com/DSSFocus_Pro_Admin_Panel_Task/2025-06-10_20-06-50_2025-06-10_20-06-50.webp
2025-06-29 14:27:55,650 - WARNING - ⚠️ Skipping malformed key: screenshots/amirishaque67_at_gmail.com/DSSFocus_Pro_Admin_Panel_Task/2025-06-10_20-06-51_2025-06-10_20-06-50.webp
2025-06-29 14:27:55,650 - WARNING - ⚠️ Skipping malformed key: screenshots/amirishaque67_at_gmail.com/DSSFocus_Pro_Admin_Panel_Task/2025-06-10_20-06-58_2025-06-10_20-06-58.webp
2025-06-29 14:27:55,650 - WARNING - ⚠️ Skipping malformed key: screenshots/amirishaque67_at_gmail.com/DSSFocus_Pro_Admin_Panel_Task/2025-06-10_20-06-59_2025-06-10_20-06-59.webp
2025-06-29 14:27:55,650 - WARNING - ⚠️ Skipping malformed key: screenshots/amirishaque67_at_gmail.com/DSSFocus_Pro_Admin_Panel_Task/2025-06-10_20-07-08_2025-06-10_20-07-08.webp
2025-06-29 14:27:55,651 - WARNING - ⚠️ Skipping malformed key: screenshots/amirishaque67_at_gmail.com/DSSFocus_Pro_Admin_Panel_Task/2025-06-10_20-07-09_2025-06-10_20-07-09.webp
2025-06-29 14:27:55,651 - WARNING - ⚠️ Skipping malformed key: screenshots/amirishaque67_at_gmail.com/DSSFocus_Pro_Admin_Panel_Task/2025-06-10_20-07-17_2025-06-10_20-07-17.webp
2025-06-29 14:27:55,651 - WARNING - ⚠️ Skipping malformed key: screenshots/amirishaque67_at_gmail.com/DSSFocus_Pro_Admin_Panel_Task/2025-06-10_20-07-25_2025-06-10_20-07-25.webp
2025-06-29 14:27:55,651 - WARNING - ⚠️ Skipping malformed key: screenshots/amirishaque67_at_gmail.com/DSSFocus_Pro_Admin_Panel_Task/2025-06-10_20-07-26_2025-06-10_20-07-26.webp
2025-06-29 14:27:55,651 - WARNING - ⚠️ Skipping malformed key: screenshots/amirishaque67_at_gmail.com/DSSFocus_Pro_Admin_Panel_Task/2025-06-10_20-07-34_2025-06-10_20-07-34.webp
2025-06-29 14:27:55,651 - WARNING - ⚠️ Skipping malformed key: screenshots/amirishaque67_at_gmail.com/DSSFocus_Pro_Admin_Panel_Task/2025-06-10_20-07-43_2025-06-10_20-07-43.webp
2025-06-29 14:27:55,652 - WARNING - ⚠️ Skipping malformed key: screenshots/amirishaque67_at_gmail.com/DSSFocus_Pro_Admin_Panel_Task/2025-06-10_20-07-44_2025-06-10_20-07-44.webp
2025-06-29 14:27:55,652 - WARNING - ⚠️ Skipping malformed key: screenshots/amirishaque67_at_gmail.com/DSSFocus_Pro_Admin_Panel_Task/2025-06-10_20-07-52_2025-06-10_20-07-52.webp
2025-06-29 14:27:55,652 - WARNING - ⚠️ Skipping malformed key: screenshots/amirishaque67_at_gmail.com/DSSFocus_Pro_Admin_Panel_Task/2025-06-10_20-07-53_2025-06-10_20-07-52.webp
2025-06-29 14:27:55,652 - WARNING - ⚠️ Skipping malformed key: screenshots/amirishaque67_at_gmail.com/DSSFocus_Pro_Admin_Panel_Task/2025-06-10_20-08-01_2025-06-10_20-08-01.webp
2025-06-29 14:27:55,652 - WARNING - ⚠️ Skipping malformed key: screenshots/amirishaque67_at_gmail.com/DSSFocus_Pro_Admin_Panel_Task/2025-06-10_20-08-02_2025-06-10_20-08-01.webp
2025-06-29 14:27:55,652 - WARNING - ⚠️ Skipping malformed key: screenshots/amirishaque67_at_gmail.com/DSSFocus_Pro_Admin_Panel_Task/2025-06-10_20-08-11_2025-06-10_20-08-10.webp
2025-06-29 14:27:55,653 - WARNING - ⚠️ Skipping malformed key: screenshots/amirishaque67_at_gmail.com/DSSFocus_Pro_Admin_Panel_Task/2025-06-10_20-08-20_2025-06-10_20-08-19.webp
2025-06-29 14:27:55,653 - WARNING - ⚠️ Skipping malformed key: screenshots/amirishaque67_at_gmail.com/DSSFocus_Pro_Admin_Panel_Task/2025-06-10_20-08-20_2025-06-10_20-08-20.webp
2025-06-29 14:27:55,653 - WARNING - ⚠️ Skipping malformed key: screenshots/amirishaque67_at_gmail.com/DSSFocus_Pro_Admin_Panel_Task/2025-06-10_20-08-29_2025-06-10_20-08-29.webp
2025-06-29 14:27:55,653 - WARNING - ⚠️ Skipping malformed key: screenshots/amirishaque67_at_gmail.com/DSSFocus_Pro_Admin_Panel_Task/2025-06-10_20-08-38_2025-06-10_20-08-38.webp
2025-06-29 14:27:55,653 - WARNING - ⚠️ Skipping malformed key: screenshots/amirishaque67_at_gmail.com/DSSFocus_Pro_Admin_Panel_Task/2025-06-10_20-08-46_2025-06-10_20-08-46.webp
2025-06-29 14:27:55,654 - WARNING - ⚠️ Skipping malformed key: screenshots/amirishaque67_at_gmail.com/DSSFocus_Pro_Admin_Panel_Task/2025-06-10_20-08-47_2025-06-10_20-08-47.webp
2025-06-29 14:27:55,654 - WARNING - ⚠️ Skipping malformed key: screenshots/amirishaque67_at_gmail.com/DSSFocus_Pro_Admin_Panel_Task/2025-06-10_20-08-55_2025-06-10_20-08-55.webp
2025-06-29 14:27:55,654 - WARNING - ⚠️ Skipping malformed key: screenshots/amirishaque67_at_gmail.com/DSSFocus_Pro_Admin_Panel_Task/2025-06-10_20-08-56_2025-06-10_20-08-56.webp
2025-06-29 14:27:55,654 - WARNING - ⚠️ Skipping malformed key: screenshots/amirishaque67_at_gmail.com/DSSFocus_Pro_Admin_Panel_Task/2025-06-10_20-09-05_2025-06-10_20-09-04.webp
2025-06-29 14:27:55,654 - WARNING - ⚠️ Skipping malformed key: screenshots/amirishaque67_at_gmail.com/DSSFocus_Pro_Admin_Panel_Task/2025-06-10_20-09-13_2025-06-10_20-09-13.webp
2025-06-29 14:27:55,654 - WARNING - ⚠️ Skipping malformed key: screenshots/amirishaque67_at_gmail.com/DSSFocus_Pro_Admin_Panel_Task/2025-06-10_20-09-14_2025-06-10_20-09-13.webp
2025-06-29 14:27:55,655 - WARNING - ⚠️ Skipping malformed key: screenshots/amirishaque67_at_gmail.com/DSSFocus_Pro_Admin_Panel_Task/2025-06-10_20-09-23_2025-06-10_20-09-22.webp
2025-06-29 14:27:55,655 - WARNING - ⚠️ Skipping malformed key: screenshots/amirishaque67_at_gmail.com/DSSFocus_Pro_Admin_Panel_Task/2025-06-10_20-09-24_2025-06-10_20-09-23.webp
2025-06-29 14:27:55,655 - WARNING - ⚠️ Skipping malformed key: screenshots/amirishaque67_at_gmail.com/DSSFocus_Pro_Admin_Panel_Task/2025-06-10_20-09-32_2025-06-10_20-09-32.webp
2025-06-29 14:27:55,655 - WARNING - ⚠️ Skipping malformed key: screenshots/amirishaque67_at_gmail.com/DSSFocus_Pro_Admin_Panel_Task/2025-06-10_20-09-33_2025-06-10_20-09-32.webp
2025-06-29 14:27:55,655 - WARNING - ⚠️ Skipping malformed key: screenshots/amirishaque67_at_gmail.com/DSSFocus_Pro_Admin_Panel_Task/2025-06-10_20-09-42_2025-06-10_20-09-42.webp
2025-06-29 14:27:55,656 - WARNING - ⚠️ Skipping malformed key: screenshots/amirishaque67_at_gmail.com/DSSFocus_Pro_Admin_Panel_Task/2025-06-10_20-09-50_2025-06-10_20-09-50.webp
2025-06-29 14:27:55,656 - WARNING - ⚠️ Skipping malformed key: screenshots/amirishaque67_at_gmail.com/DSSFocus_Pro_Admin_Panel_Task/2025-06-10_20-09-51_2025-06-10_20-09-51.webp
2025-06-29 14:27:55,656 - WARNING - ⚠️ Skipping malformed key: screenshots/amirishaque67_at_gmail.com/DSSFocus_Pro_Admin_Panel_Task/2025-06-10_20-09-59_2025-06-10_20-09-58.webp
2025-06-29 14:27:55,656 - WARNING - ⚠️ Skipping malformed key: screenshots/amirishaque67_at_gmail.com/DSSFocus_Pro_Admin_Panel_Task/2025-06-10_20-09-59_2025-06-10_20-09-59.webp
2025-06-29 14:27:55,656 - WARNING - ⚠️ Skipping malformed key: screenshots/amirishaque67_at_gmail.com/DSSFocus_Pro_Admin_Panel_Task/2025-06-10_20-10-08_2025-06-10_20-10-08.webp
2025-06-29 14:27:55,656 - WARNING - ⚠️ Skipping malformed key: screenshots/amirishaque67_at_gmail.com/DSSFocus_Pro_Admin_Panel_Task/2025-06-10_20-10-10_2025-06-10_20-10-10.webp
2025-06-29 14:27:55,656 - WARNING - ⚠️ Skipping malformed key: screenshots/amirishaque67_at_gmail.com/DSSFocus_Pro_Admin_Panel_Task/2025-06-10_20-10-17_2025-06-10_20-10-17.webp
2025-06-29 14:27:55,657 - WARNING - ⚠️ Skipping malformed key: screenshots/amirishaque67_at_gmail.com/DSSFocus_Pro_Admin_Panel_Task/2025-06-10_20-10-18_2025-06-10_20-10-18.webp
2025-06-29 14:27:55,657 - WARNING - ⚠️ Skipping malformed key: screenshots/amirishaque67_at_gmail.com/DSSFocus_Pro_Admin_Panel_Task/2025-06-10_20-10-25_2025-06-10_20-10-25.webp
2025-06-29 14:27:55,657 - WARNING - ⚠️ Skipping malformed key: screenshots/amirishaque67_at_gmail.com/DSSFocus_Pro_Admin_Panel_Task/2025-06-10_20-10-26_2025-06-10_20-10-26.webp
2025-06-29 14:27:55,658 - WARNING - ⚠️ Skipping malformed key: screenshots/amirishaque67_at_gmail.com/DSSFocus_Pro_Admin_Panel_Task/2025-06-10_20-10-33_2025-06-10_20-10-33.webp
2025-06-29 14:27:55,658 - WARNING - ⚠️ Skipping malformed key: screenshots/amirishaque67_at_gmail.com/DSSFocus_Pro_Admin_Panel_Task/2025-06-10_20-10-34_2025-06-10_20-10-34.webp
2025-06-29 14:27:55,658 - WARNING - ⚠️ Skipping malformed key: screenshots/amirishaque67_at_gmail.com/DSSFocus_Pro_Admin_Panel_Task/2025-06-10_20-10-42_2025-06-10_20-10-42.webp
2025-06-29 14:27:55,658 - WARNING - ⚠️ Skipping malformed key: screenshots/amirishaque67_at_gmail.com/DSSFocus_Pro_Admin_Panel_Task/2025-06-10_20-10-43_2025-06-10_20-10-42.webp
2025-06-29 14:27:55,658 - WARNING - ⚠️ Skipping malformed key: screenshots/amirishaque67_at_gmail.com/DSSFocus_Pro_Admin_Panel_Task/2025-06-10_20-10-50_2025-06-10_20-10-50.webp
2025-06-29 14:27:55,658 - WARNING - ⚠️ Skipping malformed key: screenshots/amirishaque67_at_gmail.com/DSSFocus_Pro_Admin_Panel_Task/2025-06-10_20-10-51_2025-06-10_20-10-51.webp
2025-06-29 14:27:55,658 - WARNING - ⚠️ Skipping malformed key: screenshots/amirishaque67_at_gmail.com/DSSFocus_Pro_Admin_Panel_Task/2025-06-10_20-10-58_2025-06-10_20-10-58.webp
2025-06-29 14:27:55,658 - WARNING - ⚠️ Skipping malformed key: screenshots/amirishaque67_at_gmail.com/DSSFocus_Pro_Admin_Panel_Task/2025-06-10_20-10-59_2025-06-10_20-10-59.webp
2025-06-29 14:27:55,659 - WARNING - ⚠️ Skipping malformed key: screenshots/amirishaque67_at_gmail.com/DSSFocus_Pro_Admin_Panel_Task/2025-06-10_20-11-06_2025-06-10_20-11-06.webp
2025-06-29 14:27:55,659 - WARNING - ⚠️ Skipping malformed key: screenshots/amirishaque67_at_gmail.com/DSSFocus_Pro_Admin_Panel_Task/2025-06-10_20-11-07_2025-06-10_20-11-07.webp
2025-06-29 14:27:55,659 - WARNING - ⚠️ Skipping malformed key: screenshots/amirishaque67_at_gmail.com/DSSFocus_Pro_Admin_Panel_Task/2025-06-10_20-11-15_2025-06-10_20-11-15.webp
2025-06-29 14:27:55,659 - WARNING - ⚠️ Skipping malformed key: screenshots/amirishaque67_at_gmail.com/DSSFocus_Pro_Admin_Panel_Task/2025-06-10_20-11-23_2025-06-10_20-11-23.webp
2025-06-29 14:27:55,659 - WARNING - ⚠️ Skipping malformed key: screenshots/amirishaque67_at_gmail.com/DSSFocus_Pro_Admin_Panel_Task/2025-06-10_20-11-31_2025-06-10_20-11-31.webp
2025-06-29 14:27:55,659 - WARNING - ⚠️ Skipping malformed key: screenshots/amirishaque67_at_gmail.com/DSSFocus_Pro_Admin_Panel_Task/2025-06-10_20-11-33_2025-06-10_20-11-33.webp
2025-06-29 14:27:55,659 - WARNING - ⚠️ Skipping malformed key: screenshots/amirishaque67_at_gmail.com/DSSFocus_Pro_Admin_Panel_Task/2025-06-10_20-11-42_2025-06-10_20-11-42.webp
2025-06-29 14:27:55,659 - WARNING - ⚠️ Skipping malformed key: screenshots/amirishaque67_at_gmail.com/DSSFocus_Pro_Admin_Panel_Task/2025-06-10_20-11-43_2025-06-10_20-11-42.webp
2025-06-29 14:27:55,659 - WARNING - ⚠️ Skipping malformed key: screenshots/amirishaque67_at_gmail.com/DSSFocus_Pro_Admin_Panel_Task/2025-06-10_20-11-51_2025-06-10_20-11-51.webp
2025-06-29 14:27:55,659 - WARNING - ⚠️ Skipping malformed key: screenshots/amirishaque67_at_gmail.com/DSSFocus_Pro_Admin_Panel_Task/2025-06-10_20-11-52_2025-06-10_20-11-51.webp
2025-06-29 14:27:55,659 - WARNING - ⚠️ Skipping malformed key: screenshots/amirishaque67_at_gmail.com/DSSFocus_Pro_Admin_Panel_Task/2025-06-10_20-11-59_2025-06-10_20-11-59.webp
2025-06-29 14:27:55,659 - WARNING - ⚠️ Skipping malformed key: screenshots/amirishaque67_at_gmail.com/DSSFocus_Pro_Admin_Panel_Task/2025-06-10_20-12-00_2025-06-10_20-12-00.webp
2025-06-29 14:27:55,660 - WARNING - ⚠️ Skipping malformed key: screenshots/amirishaque67_at_gmail.com/DSSFocus_Pro_Admin_Panel_Task/2025-06-10_20-12-07_2025-06-10_20-12-07.webp
2025-06-29 14:27:55,660 - WARNING - ⚠️ Skipping malformed key: screenshots/amirishaque67_at_gmail.com/DSSFocus_Pro_Admin_Panel_Task/2025-06-10_20-12-08_2025-06-10_20-12-08.webp
2025-06-29 14:27:55,660 - WARNING - ⚠️ Skipping malformed key: screenshots/amirishaque67_at_gmail.com/DSSFocus_Pro_Admin_Panel_Task/2025-06-10_20-12-16_2025-06-10_20-12-16.webp
2025-06-29 14:27:55,660 - WARNING - ⚠️ Skipping malformed key: screenshots/amirishaque67_at_gmail.com/DSSFocus_Pro_Admin_Panel_Task/2025-06-10_20-12-24_2025-06-10_20-12-24.webp
2025-06-29 14:27:55,660 - WARNING - ⚠️ Skipping malformed key: screenshots/amirishaque67_at_gmail.com/DSSFocus_Pro_Admin_Panel_Task/2025-06-10_20-12-33_2025-06-10_20-12-33.webp
2025-06-29 14:27:55,660 - WARNING - ⚠️ Skipping malformed key: screenshots/amirishaque67_at_gmail.com/DSSFocus_Pro_Admin_Panel_Task/2025-06-10_20-12-36_2025-06-10_20-12-36.webp
2025-06-29 14:27:55,660 - WARNING - ⚠️ Skipping malformed key: screenshots/amirishaque67_at_gmail.com/DSSFocus_Pro_Admin_Panel_Task/2025-06-10_20-12-41_2025-06-10_20-12-41.webp
2025-06-29 14:27:55,660 - WARNING - ⚠️ Skipping malformed key: screenshots/amirishaque67_at_gmail.com/DSSFocus_Pro_Admin_Panel_Task/2025-06-10_20-12-44_2025-06-10_20-12-44.webp
2025-06-29 14:27:55,660 - WARNING - ⚠️ Skipping malformed key: screenshots/amirishaque67_at_gmail.com/DSSFocus_Pro_Admin_Panel_Task/2025-06-10_20-12-50_2025-06-10_20-12-49.webp
2025-06-29 14:27:55,660 - WARNING - ⚠️ Skipping malformed key: screenshots/amirishaque67_at_gmail.com/DSSFocus_Pro_Admin_Panel_Task/2025-06-10_20-12-52_2025-06-10_20-12-52.webp
2025-06-29 14:27:55,660 - WARNING - ⚠️ Skipping malformed key: screenshots/amirishaque67_at_gmail.com/DSSFocus_Pro_Admin_Panel_Task/2025-06-10_20-12-58_2025-06-10_20-12-58.webp
2025-06-29 14:27:55,660 - WARNING - ⚠️ Skipping malformed key: screenshots/amirishaque67_at_gmail.com/DSSFocus_Pro_Admin_Panel_Task/2025-06-10_20-13-00_2025-06-10_20-13-00.webp
2025-06-29 14:27:55,660 - WARNING - ⚠️ Skipping malformed key: screenshots/amirishaque67_at_gmail.com/DSSFocus_Pro_Admin_Panel_Task/2025-06-10_20-13-07_2025-06-10_20-13-06.webp
2025-06-29 14:27:55,660 - WARNING - ⚠️ Skipping malformed key: screenshots/amirishaque67_at_gmail.com/DSSFocus_Pro_Admin_Panel_Task/2025-06-10_20-13-08_2025-06-10_20-13-08.webp
2025-06-29 14:27:55,660 - WARNING - ⚠️ Skipping malformed key: screenshots/amirishaque67_at_gmail.com/DSSFocus_Pro_Admin_Panel_Task/2025-06-10_20-13-16_2025-06-10_20-13-16.webp
2025-06-29 14:27:55,661 - WARNING - ⚠️ Skipping malformed key: screenshots/amirishaque67_at_gmail.com/DSSFocus_Pro_Admin_Panel_Task/2025-06-10_20-13-17_2025-06-10_20-13-17.webp
2025-06-29 14:27:55,661 - WARNING - ⚠️ Skipping malformed key: screenshots/amirishaque67_at_gmail.com/DSSFocus_Pro_Admin_Panel_Task/2025-06-10_20-13-25_2025-06-10_20-13-24.webp
2025-06-29 14:27:55,661 - WARNING - ⚠️ Skipping malformed key: screenshots/amirishaque67_at_gmail.com/DSSFocus_Pro_Admin_Panel_Task/2025-06-10_20-13-26_2025-06-10_20-13-26.webp
2025-06-29 14:27:55,661 - WARNING - ⚠️ Skipping malformed key: screenshots/amirishaque67_at_gmail.com/DSSFocus_Pro_Admin_Panel_Task/2025-06-10_20-13-33_2025-06-10_20-13-33.webp
2025-06-29 14:27:55,661 - WARNING - ⚠️ Skipping malformed key: screenshots/amirishaque67_at_gmail.com/DSSFocus_Pro_Admin_Panel_Task/2025-06-10_20-13-34_2025-06-10_20-13-34.webp
2025-06-29 14:27:55,661 - WARNING - ⚠️ Skipping malformed key: screenshots/amirishaque67_at_gmail.com/DSSFocus_Pro_Admin_Panel_Task/2025-06-10_20-13-41_2025-06-10_20-13-41.webp
2025-06-29 14:27:55,661 - WARNING - ⚠️ Skipping malformed key: screenshots/amirishaque67_at_gmail.com/DSSFocus_Pro_Admin_Panel_Task/2025-06-10_20-13-42_2025-06-10_20-13-42.webp
2025-06-29 14:27:55,661 - WARNING - ⚠️ Skipping malformed key: screenshots/amirishaque67_at_gmail.com/DSSFocus_Pro_Admin_Panel_Task/2025-06-10_20-13-51_2025-06-10_20-13-51.webp
2025-06-29 14:27:55,661 - WARNING - ⚠️ Skipping malformed key: screenshots/amirishaque67_at_gmail.com/DSSFocus_Pro_Admin_Panel_Task/2025-06-10_20-13-59_2025-06-10_20-13-59.webp
2025-06-29 14:27:55,661 - WARNING - ⚠️ Skipping malformed key: screenshots/amirishaque67_at_gmail.com/DSSFocus_Pro_Admin_Panel_Task/2025-06-10_20-14-08_2025-06-10_20-14-07.webp
2025-06-29 14:27:55,662 - WARNING - ⚠️ Skipping malformed key: screenshots/amirishaque67_at_gmail.com/DSSFocus_Pro_Admin_Panel_Task/2025-06-10_20-14-08_2025-06-10_20-14-08.webp
2025-06-29 14:27:55,662 - WARNING - ⚠️ Skipping malformed key: screenshots/amirishaque67_at_gmail.com/DSSFocus_Pro_Admin_Panel_Task/2025-06-10_20-14-16_2025-06-10_20-14-16.webp
2025-06-29 14:27:55,662 - WARNING - ⚠️ Skipping malformed key: screenshots/amirishaque67_at_gmail.com/DSSFocus_Pro_Admin_Panel_Task/2025-06-10_20-14-17_2025-06-10_20-14-16.webp
2025-06-29 14:27:55,662 - WARNING - ⚠️ Skipping malformed key: screenshots/amirishaque67_at_gmail.com/DSSFocus_Pro_Admin_Panel_Task/2025-06-10_20-14-25_2025-06-10_20-14-25.webp
2025-06-29 14:27:55,662 - WARNING - ⚠️ Skipping malformed key: screenshots/amirishaque67_at_gmail.com/DSSFocus_Pro_Admin_Panel_Task/2025-06-10_20-14-33_2025-06-10_20-14-33.webp
2025-06-29 14:27:55,662 - WARNING - ⚠️ Skipping malformed key: screenshots/amirishaque67_at_gmail.com/DSSFocus_Pro_Admin_Panel_Task/2025-06-10_20-14-41_2025-06-10_20-14-41.webp
2025-06-29 14:27:55,662 - WARNING - ⚠️ Skipping malformed key: screenshots/amirishaque67_at_gmail.com/DSSFocus_Pro_Admin_Panel_Task/2025-06-10_20-14-42_2025-06-10_20-14-41.webp
2025-06-29 14:27:55,663 - WARNING - ⚠️ Skipping malformed key: screenshots/amirishaque67_at_gmail.com/DSSFocus_Pro_Admin_Panel_Task/2025-06-10_20-14-50_2025-06-10_20-14-50.webp
2025-06-29 14:27:55,663 - WARNING - ⚠️ Skipping malformed key: screenshots/amirishaque67_at_gmail.com/DSSFocus_Pro_Admin_Panel_Task/2025-06-10_20-14-59_2025-06-10_20-14-59.webp
2025-06-29 14:27:55,663 - WARNING - ⚠️ Skipping malformed key: screenshots/amirishaque67_at_gmail.com/DSSFocus_Pro_Admin_Panel_Task/2025-06-10_20-15-08_2025-06-10_20-15-08.webp
2025-06-29 14:27:55,663 - WARNING - ⚠️ Skipping malformed key: screenshots/amirishaque67_at_gmail.com/DSSFocus_Pro_Admin_Panel_Task/2025-06-10_20-15-11_2025-06-10_20-15-11.webp
2025-06-29 14:27:55,663 - WARNING - ⚠️ Skipping malformed key: screenshots/amirishaque67_at_gmail.com/DSSFocus_Pro_Admin_Panel_Task/2025-06-10_20-15-16_2025-06-10_20-15-16.webp
2025-06-29 14:27:55,664 - WARNING - ⚠️ Skipping malformed key: screenshots/amirishaque67_at_gmail.com/DSSFocus_Pro_Admin_Panel_Task/2025-06-10_20-15-19_2025-06-10_20-15-19.webp
2025-06-29 14:27:55,664 - WARNING - ⚠️ Skipping malformed key: screenshots/amirishaque67_at_gmail.com/DSSFocus_Pro_Admin_Panel_Task/2025-06-10_20-15-25_2025-06-10_20-15-25.webp
2025-06-29 14:27:55,664 - WARNING - ⚠️ Skipping malformed key: screenshots/amirishaque67_at_gmail.com/DSSFocus_Pro_Admin_Panel_Task/2025-06-10_20-15-28_2025-06-10_20-15-27.webp
2025-06-29 14:27:55,665 - WARNING - ⚠️ Skipping malformed key: screenshots/amirishaque67_at_gmail.com/DSSFocus_Pro_Admin_Panel_Task/2025-06-10_20-15-33_2025-06-10_20-15-33.webp
2025-06-29 14:27:55,665 - WARNING - ⚠️ Skipping malformed key: screenshots/amirishaque67_at_gmail.com/DSSFocus_Pro_Admin_Panel_Task/2025-06-10_20-15-36_2025-06-10_20-15-35.webp
2025-06-29 14:27:55,665 - WARNING - ⚠️ Skipping malformed key: screenshots/amirishaque67_at_gmail.com/DSSFocus_Pro_Admin_Panel_Task/2025-06-10_20-15-41_2025-06-10_20-15-41.webp
2025-06-29 14:27:55,665 - WARNING - ⚠️ Skipping malformed key: screenshots/amirishaque67_at_gmail.com/DSSFocus_Pro_Admin_Panel_Task/2025-06-10_20-15-44_2025-06-10_20-15-44.webp
2025-06-29 14:27:55,666 - WARNING - ⚠️ Skipping malformed key: screenshots/amirishaque67_at_gmail.com/DSSFocus_Pro_Admin_Panel_Task/2025-06-10_20-15-49_2025-06-10_20-15-49.webp
2025-06-29 14:27:55,666 - WARNING - ⚠️ Skipping malformed key: screenshots/amirishaque67_at_gmail.com/DSSFocus_Pro_Admin_Panel_Task/2025-06-10_20-15-52_2025-06-10_20-15-52.webp
2025-06-29 14:27:55,666 - WARNING - ⚠️ Skipping malformed key: screenshots/amirishaque67_at_gmail.com/DSSFocus_Pro_Admin_Panel_Task/2025-06-10_20-15-59_2025-06-10_20-15-58.webp
2025-06-29 14:27:55,666 - WARNING - ⚠️ Skipping malformed key: screenshots/amirishaque67_at_gmail.com/DSSFocus_Pro_Admin_Panel_Task/2025-06-10_20-16-00_2025-06-10_20-16-00.webp
2025-06-29 14:27:55,666 - WARNING - ⚠️ Skipping malformed key: screenshots/amirishaque67_at_gmail.com/DSSFocus_Pro_Admin_Panel_Task/2025-06-10_20-16-08_2025-06-10_20-16-07.webp
2025-06-29 14:27:55,666 - WARNING - ⚠️ Skipping malformed key: screenshots/amirishaque67_at_gmail.com/DSSFocus_Pro_Admin_Panel_Task/2025-06-10_20-16-09_2025-06-10_20-16-09.webp
2025-06-29 14:27:55,666 - WARNING - ⚠️ Skipping malformed key: screenshots/amirishaque67_at_gmail.com/DSSFocus_Pro_Admin_Panel_Task/2025-06-10_20-16-16_2025-06-10_20-16-16.webp
2025-06-29 14:27:55,667 - WARNING - ⚠️ Skipping malformed key: screenshots/amirishaque67_at_gmail.com/DSSFocus_Pro_Admin_Panel_Task/2025-06-10_20-16-17_2025-06-10_20-16-17.webp
2025-06-29 14:27:55,667 - WARNING - ⚠️ Skipping malformed key: screenshots/amirishaque67_at_gmail.com/DSSFocus_Pro_Admin_Panel_Task/2025-06-10_20-16-25_2025-06-10_20-16-25.webp
2025-06-29 14:27:55,667 - WARNING - ⚠️ Skipping malformed key: screenshots/amirishaque67_at_gmail.com/DSSFocus_Pro_Admin_Panel_Task/2025-06-10_20-16-33_2025-06-10_20-16-33.webp
2025-06-29 14:27:55,667 - WARNING - ⚠️ Skipping malformed key: screenshots/amirishaque67_at_gmail.com/DSSFocus_Pro_Admin_Panel_Task/2025-06-10_20-16-34_2025-06-10_20-16-34.webp
2025-06-29 14:27:55,667 - WARNING - ⚠️ Skipping malformed key: screenshots/amirishaque67_at_gmail.com/DSSFocus_Pro_Admin_Panel_Task/2025-06-10_20-16-42_2025-06-10_20-16-42.webp
2025-06-29 14:27:55,667 - WARNING - ⚠️ Skipping malformed key: screenshots/amirishaque67_at_gmail.com/DSSFocus_Pro_Admin_Panel_Task/2025-06-10_20-16-51_2025-06-10_20-16-51.webp
2025-06-29 14:27:55,667 - WARNING - ⚠️ Skipping malformed key: screenshots/amirishaque67_at_gmail.com/DSSFocus_Pro_Admin_Panel_Task/2025-06-10_20-17-00_2025-06-10_20-17-00.webp
2025-06-29 14:27:55,667 - WARNING - ⚠️ Skipping malformed key: screenshots/amirishaque67_at_gmail.com/DSSFocus_Pro_Admin_Panel_Task/2025-06-10_20-17-04_2025-06-10_20-17-04.webp
2025-06-29 14:27:55,667 - WARNING - ⚠️ Skipping malformed key: screenshots/amirishaque67_at_gmail.com/DSSFocus_Pro_Admin_Panel_Task/2025-06-10_20-17-08_2025-06-10_20-17-08.webp
2025-06-29 14:27:55,668 - WARNING - ⚠️ Skipping malformed key: screenshots/amirishaque67_at_gmail.com/DSSFocus_Pro_Admin_Panel_Task/2025-06-10_20-17-12_2025-06-10_20-17-12.webp
2025-06-29 14:27:55,668 - WARNING - ⚠️ Skipping malformed key: screenshots/amirishaque67_at_gmail.com/DSSFocus_Pro_Admin_Panel_Task/2025-06-10_20-17-16_2025-06-10_20-17-16.webp
2025-06-29 14:27:55,668 - WARNING - ⚠️ Skipping malformed key: screenshots/amirishaque67_at_gmail.com/DSSFocus_Pro_Admin_Panel_Task/2025-06-10_20-17-20_2025-06-10_20-17-20.webp
2025-06-29 14:27:55,668 - WARNING - ⚠️ Skipping malformed key: screenshots/amirishaque67_at_gmail.com/DSSFocus_Pro_Admin_Panel_Task/2025-06-10_20-17-24_2025-06-10_20-17-24.webp
2025-06-29 14:27:55,668 - WARNING - ⚠️ Skipping malformed key: screenshots/amirishaque67_at_gmail.com/DSSFocus_Pro_Admin_Panel_Task/2025-06-10_20-17-28_2025-06-10_20-17-28.webp
2025-06-29 14:27:55,668 - WARNING - ⚠️ Skipping malformed key: screenshots/amirishaque67_at_gmail.com/DSSFocus_Pro_Admin_Panel_Task/2025-06-10_20-17-32_2025-06-10_20-17-32.webp
2025-06-29 14:27:55,668 - WARNING - ⚠️ Skipping malformed key: screenshots/amirishaque67_at_gmail.com/DSSFocus_Pro_Admin_Panel_Task/2025-06-10_20-17-36_2025-06-10_20-17-36.webp
2025-06-29 14:27:55,668 - WARNING - ⚠️ Skipping malformed key: screenshots/amirishaque67_at_gmail.com/DSSFocus_Pro_Admin_Panel_Task/2025-06-10_20-17-41_2025-06-10_20-17-41.webp
2025-06-29 14:27:55,668 - WARNING - ⚠️ Skipping malformed key: screenshots/amirishaque67_at_gmail.com/DSSFocus_Pro_Admin_Panel_Task/2025-06-10_20-17-44_2025-06-10_20-17-44.webp
2025-06-29 14:27:55,668 - WARNING - ⚠️ Skipping malformed key: screenshots/amirishaque67_at_gmail.com/DSSFocus_Pro_Admin_Panel_Task/2025-06-10_20-17-49_2025-06-10_20-17-49.webp
2025-06-29 14:27:55,668 - WARNING - ⚠️ Skipping malformed key: screenshots/amirishaque67_at_gmail.com/DSSFocus_Pro_Admin_Panel_Task/2025-06-10_20-17-52_2025-06-10_20-17-52.webp
2025-06-29 14:27:55,669 - WARNING - ⚠️ Skipping malformed key: screenshots/amirishaque67_at_gmail.com/DSSFocus_Pro_Admin_Panel_Task/2025-06-10_20-17-58_2025-06-10_20-17-58.webp
2025-06-29 14:27:55,669 - WARNING - ⚠️ Skipping malformed key: screenshots/amirishaque67_at_gmail.com/DSSFocus_Pro_Admin_Panel_Task/2025-06-10_20-18-00_2025-06-10_20-18-00.webp
2025-06-29 14:27:55,669 - WARNING - ⚠️ Skipping malformed key: screenshots/amirishaque67_at_gmail.com/DSSFocus_Pro_Admin_Panel_Task/2025-06-10_20-18-06_2025-06-10_20-18-06.webp
2025-06-29 14:27:55,669 - WARNING - ⚠️ Skipping malformed key: screenshots/amirishaque67_at_gmail.com/DSSFocus_Pro_Admin_Panel_Task/2025-06-10_20-18-08_2025-06-10_20-18-08.webp
2025-06-29 14:27:55,669 - WARNING - ⚠️ Skipping malformed key: screenshots/amirishaque67_at_gmail.com/DSSFocus_Pro_Admin_Panel_Task/2025-06-10_20-18-15_2025-06-10_20-18-14.webp
2025-06-29 14:27:55,669 - WARNING - ⚠️ Skipping malformed key: screenshots/amirishaque67_at_gmail.com/DSSFocus_Pro_Admin_Panel_Task/2025-06-10_20-18-16_2025-06-10_20-18-16.webp
2025-06-29 14:27:55,669 - WARNING - ⚠️ Skipping malformed key: screenshots/amirishaque67_at_gmail.com/DSSFocus_Pro_Admin_Panel_Task/2025-06-10_20-18-23_2025-06-10_20-18-23.webp
2025-06-29 14:27:55,669 - WARNING - ⚠️ Skipping malformed key: screenshots/amirishaque67_at_gmail.com/DSSFocus_Pro_Admin_Panel_Task/2025-06-10_20-18-24_2025-06-10_20-18-24.webp
2025-06-29 14:27:55,670 - WARNING - ⚠️ Skipping malformed key: screenshots/amirishaque67_at_gmail.com/DSSFocus_Pro_Admin_Panel_Task/2025-06-10_20-18-31_2025-06-10_20-18-31.webp
2025-06-29 14:27:55,670 - WARNING - ⚠️ Skipping malformed key: screenshots/amirishaque67_at_gmail.com/DSSFocus_Pro_Admin_Panel_Task/2025-06-10_20-18-33_2025-06-10_20-18-33.webp
2025-06-29 14:27:55,670 - WARNING - ⚠️ Skipping malformed key: screenshots/amirishaque67_at_gmail.com/DSSFocus_Pro_Admin_Panel_Task/2025-06-10_20-18-39_2025-06-10_20-18-39.webp
2025-06-29 14:27:55,670 - WARNING - ⚠️ Skipping malformed key: screenshots/amirishaque67_at_gmail.com/DSSFocus_Pro_Admin_Panel_Task/2025-06-10_20-18-41_2025-06-10_20-18-41.webp
2025-06-29 14:27:55,670 - WARNING - ⚠️ Skipping malformed key: screenshots/amirishaque67_at_gmail.com/DSSFocus_Pro_Admin_Panel_Task/2025-06-10_20-18-47_2025-06-10_20-18-47.webp
2025-06-29 14:27:55,670 - WARNING - ⚠️ Skipping malformed key: screenshots/amirishaque67_at_gmail.com/DSSFocus_Pro_Admin_Panel_Task/2025-06-10_20-18-49_2025-06-10_20-18-49.webp
2025-06-29 14:27:55,670 - WARNING - ⚠️ Skipping malformed key: screenshots/amirishaque67_at_gmail.com/DSSFocus_Pro_Admin_Panel_Task/2025-06-10_20-18-56_2025-06-10_20-18-56.webp
2025-06-29 14:27:55,671 - WARNING - ⚠️ Skipping malformed key: screenshots/amirishaque67_at_gmail.com/DSSFocus_Pro_Admin_Panel_Task/2025-06-10_20-18-57_2025-06-10_20-18-57.webp
2025-06-29 14:27:55,671 - WARNING - ⚠️ Skipping malformed key: screenshots/amirishaque67_at_gmail.com/DSSFocus_Pro_Admin_Panel_Task/2025-06-10_20-19-04_2025-06-10_20-19-04.webp
2025-06-29 14:27:55,671 - WARNING - ⚠️ Skipping malformed key: screenshots/amirishaque67_at_gmail.com/DSSFocus_Pro_Admin_Panel_Task/2025-06-10_20-19-05_2025-06-10_20-19-05.webp
2025-06-29 14:27:55,671 - WARNING - ⚠️ Skipping malformed key: screenshots/amirishaque67_at_gmail.com/DSSFocus_Pro_Admin_Panel_Task/2025-06-10_20-19-13_2025-06-10_20-19-12.webp
2025-06-29 14:27:55,671 - WARNING - ⚠️ Skipping malformed key: screenshots/amirishaque67_at_gmail.com/DSSFocus_Pro_Admin_Panel_Task/2025-06-10_20-19-18_2025-06-10_20-19-18.webp
2025-06-29 14:27:55,671 - WARNING - ⚠️ Skipping malformed key: screenshots/amirishaque67_at_gmail.com/DSSFocus_Pro_Admin_Panel_Task/2025-06-10_20-19-22_2025-06-10_20-19-22.webp
2025-06-29 14:27:55,671 - WARNING - ⚠️ Skipping malformed key: screenshots/amirishaque67_at_gmail.com/DSSFocus_Pro_Admin_Panel_Task/2025-06-10_20-19-26_2025-06-10_20-19-26.webp
2025-06-29 14:27:55,671 - WARNING - ⚠️ Skipping malformed key: screenshots/amirishaque67_at_gmail.com/DSSFocus_Pro_Admin_Panel_Task/2025-06-10_20-19-30_2025-06-10_20-19-30.webp
2025-06-29 14:27:55,672 - WARNING - ⚠️ Skipping malformed key: screenshots/amirishaque67_at_gmail.com/DSSFocus_Pro_Admin_Panel_Task/2025-06-10_20-19-35_2025-06-10_20-19-35.webp
2025-06-29 14:27:55,672 - WARNING - ⚠️ Skipping malformed key: screenshots/amirishaque67_at_gmail.com/DSSFocus_Pro_Admin_Panel_Task/2025-06-10_20-19-38_2025-06-10_20-19-38.webp
2025-06-29 14:27:55,672 - WARNING - ⚠️ Skipping malformed key: screenshots/amirishaque67_at_gmail.com/DSSFocus_Pro_Admin_Panel_Task/2025-06-10_20-19-44_2025-06-10_20-19-44.webp
2025-06-29 14:27:55,672 - WARNING - ⚠️ Skipping malformed key: screenshots/amirishaque67_at_gmail.com/DSSFocus_Pro_Admin_Panel_Task/2025-06-10_20-19-47_2025-06-10_20-19-46.webp
2025-06-29 14:27:55,672 - WARNING - ⚠️ Skipping malformed key: screenshots/amirishaque67_at_gmail.com/DSSFocus_Pro_Admin_Panel_Task/2025-06-10_20-19-52_2025-06-10_20-19-52.webp
2025-06-29 14:27:55,673 - WARNING - ⚠️ Skipping malformed key: screenshots/amirishaque67_at_gmail.com/DSSFocus_Pro_Admin_Panel_Task/2025-06-10_20-19-55_2025-06-10_20-19-55.webp
2025-06-29 14:27:55,673 - WARNING - ⚠️ Skipping malformed key: screenshots/amirishaque67_at_gmail.com/DSSFocus_Pro_Admin_Panel_Task/2025-06-10_20-20-01_2025-06-10_20-20-01.webp
2025-06-29 14:27:55,673 - WARNING - ⚠️ Skipping malformed key: screenshots/amirishaque67_at_gmail.com/DSSFocus_Pro_Admin_Panel_Task/2025-06-10_20-20-03_2025-06-10_20-20-03.webp
2025-06-29 14:27:55,673 - WARNING - ⚠️ Skipping malformed key: screenshots/amirishaque67_at_gmail.com/DSSFocus_Pro_Admin_Panel_Task/2025-06-10_20-20-09_2025-06-10_20-20-09.webp
2025-06-29 14:27:55,673 - WARNING - ⚠️ Skipping malformed key: screenshots/amirishaque67_at_gmail.com/DSSFocus_Pro_Admin_Panel_Task/2025-06-10_20-20-11_2025-06-10_20-20-11.webp
2025-06-29 14:27:55,673 - WARNING - ⚠️ Skipping malformed key: screenshots/amirishaque67_at_gmail.com/DSSFocus_Pro_Admin_Panel_Task/2025-06-10_20-20-18_2025-06-10_20-20-18.webp
2025-06-29 14:27:55,673 - WARNING - ⚠️ Skipping malformed key: screenshots/amirishaque67_at_gmail.com/DSSFocus_Pro_Admin_Panel_Task/2025-06-10_20-20-19_2025-06-10_20-20-19.webp
2025-06-29 14:27:55,673 - WARNING - ⚠️ Skipping malformed key: screenshots/amirishaque67_at_gmail.com/DSSFocus_Pro_Admin_Panel_Task/2025-06-10_20-20-26_2025-06-10_20-20-26.webp
2025-06-29 14:27:55,673 - WARNING - ⚠️ Skipping malformed key: screenshots/amirishaque67_at_gmail.com/DSSFocus_Pro_Admin_Panel_Task/2025-06-10_20-20-27_2025-06-10_20-20-27.webp
2025-06-29 14:27:55,673 - WARNING - ⚠️ Skipping malformed key: screenshots/amirishaque67_at_gmail.com/DSSFocus_Pro_Admin_Panel_Task/2025-06-10_20-20-35_2025-06-10_20-20-35.webp
2025-06-29 14:27:55,674 - WARNING - ⚠️ Skipping malformed key: screenshots/amirishaque67_at_gmail.com/DSSFocus_Pro_Admin_Panel_Task/2025-06-10_20-20-36_2025-06-10_20-20-36.webp
2025-06-29 14:27:55,674 - WARNING - ⚠️ Skipping malformed key: screenshots/amirishaque67_at_gmail.com/DSSFocus_Pro_Admin_Panel_Task/2025-06-10_20-20-43_2025-06-10_20-20-43.webp
2025-06-29 14:27:55,674 - WARNING - ⚠️ Skipping malformed key: screenshots/amirishaque67_at_gmail.com/DSSFocus_Pro_Admin_Panel_Task/2025-06-10_20-20-44_2025-06-10_20-20-44.webp
2025-06-29 14:27:55,674 - WARNING - ⚠️ Skipping malformed key: screenshots/amirishaque67_at_gmail.com/DSSFocus_Pro_Admin_Panel_Task/2025-06-10_20-20-52_2025-06-10_20-20-52.webp
2025-06-29 14:27:55,674 - WARNING - ⚠️ Skipping malformed key: screenshots/amirishaque67_at_gmail.com/DSSFocus_Pro_Admin_Panel_Task/2025-06-10_20-21-00_2025-06-10_20-21-00.webp
2025-06-29 14:27:55,674 - WARNING - ⚠️ Skipping malformed key: screenshots/amirishaque67_at_gmail.com/DSSFocus_Pro_Admin_Panel_Task/2025-06-10_20-21-01_2025-06-10_20-21-00.webp
2025-06-29 14:27:55,674 - WARNING - ⚠️ Skipping malformed key: screenshots/amirishaque67_at_gmail.com/DSSFocus_Pro_Admin_Panel_Task/2025-06-10_20-21-08_2025-06-10_20-21-08.webp
2025-06-29 14:27:55,674 - WARNING - ⚠️ Skipping malformed key: screenshots/amirishaque67_at_gmail.com/DSSFocus_Pro_Admin_Panel_Task/2025-06-10_20-21-09_2025-06-10_20-21-09.webp
2025-06-29 14:27:55,675 - WARNING - ⚠️ Skipping malformed key: screenshots/amirishaque67_at_gmail.com/DSSFocus_Pro_Admin_Panel_Task/2025-06-10_20-21-17_2025-06-10_20-21-17.webp
2025-06-29 14:27:55,675 - WARNING - ⚠️ Skipping malformed key: screenshots/amirishaque67_at_gmail.com/DSSFocus_Pro_Admin_Panel_Task/2025-06-10_20-21-26_2025-06-10_20-21-25.webp
2025-06-29 14:27:55,675 - WARNING - ⚠️ Skipping malformed key: screenshots/amirishaque67_at_gmail.com/DSSFocus_Pro_Admin_Panel_Task/2025-06-10_20-21-26_2025-06-10_20-21-26.webp
2025-06-29 14:27:55,675 - WARNING - ⚠️ Skipping malformed key: screenshots/amirishaque67_at_gmail.com/DSSFocus_Pro_Admin_Panel_Task/2025-06-10_20-21-34_2025-06-10_20-21-34.webp
2025-06-29 14:27:55,675 - WARNING - ⚠️ Skipping malformed key: screenshots/amirishaque67_at_gmail.com/DSSFocus_Pro_Admin_Panel_Task/2025-06-10_20-21-43_2025-06-10_20-21-43.webp
2025-06-29 14:27:55,675 - WARNING - ⚠️ Skipping malformed key: screenshots/amirishaque67_at_gmail.com/DSSFocus_Pro_Admin_Panel_Task/2025-06-10_20-21-51_2025-06-10_20-21-51.webp
2025-06-29 14:27:55,675 - WARNING - ⚠️ Skipping malformed key: screenshots/amirishaque67_at_gmail.com/DSSFocus_Pro_Admin_Panel_Task/2025-06-10_20-21-52_2025-06-10_20-21-52.webp
2025-06-29 14:27:55,675 - WARNING - ⚠️ Skipping malformed key: screenshots/amirishaque67_at_gmail.com/DSSFocus_Pro_Admin_Panel_Task/2025-06-10_20-22-00_2025-06-10_20-22-00.webp
2025-06-29 14:27:55,675 - WARNING - ⚠️ Skipping malformed key: screenshots/amirishaque67_at_gmail.com/DSSFocus_Pro_Admin_Panel_Task/2025-06-10_20-22-08_2025-06-10_20-22-08.webp
2025-06-29 14:27:55,675 - WARNING - ⚠️ Skipping malformed key: screenshots/amirishaque67_at_gmail.com/DSSFocus_Pro_Admin_Panel_Task/2025-06-10_20-22-17_2025-06-10_20-22-17.webp
2025-06-29 14:27:55,675 - WARNING - ⚠️ Skipping malformed key: screenshots/amirishaque67_at_gmail.com/DSSFocus_Pro_Admin_Panel_Task/2025-06-10_20-22-20_2025-06-10_20-22-20.webp
2025-06-29 14:27:55,676 - WARNING - ⚠️ Skipping malformed key: screenshots/amirishaque67_at_gmail.com/DSSFocus_Pro_Admin_Panel_Task/2025-06-10_20-22-26_2025-06-10_20-22-26.webp
2025-06-29 14:27:55,676 - WARNING - ⚠️ Skipping malformed key: screenshots/amirishaque67_at_gmail.com/DSSFocus_Pro_Admin_Panel_Task/2025-06-10_20-22-29_2025-06-10_20-22-29.webp
2025-06-29 14:27:55,676 - WARNING - ⚠️ Skipping malformed key: screenshots/amirishaque67_at_gmail.com/DSSFocus_Pro_Admin_Panel_Task/2025-06-10_20-22-34_2025-06-10_20-22-34.webp
2025-06-29 14:27:55,676 - WARNING - ⚠️ Skipping malformed key: screenshots/amirishaque67_at_gmail.com/DSSFocus_Pro_Admin_Panel_Task/2025-06-10_20-22-37_2025-06-10_20-22-37.webp
2025-06-29 14:27:55,676 - WARNING - ⚠️ Skipping malformed key: screenshots/amirishaque67_at_gmail.com/DSSFocus_Pro_Admin_Panel_Task/2025-06-10_20-22-42_2025-06-10_20-22-42.webp
2025-06-29 14:27:55,676 - WARNING - ⚠️ Skipping malformed key: screenshots/amirishaque67_at_gmail.com/DSSFocus_Pro_Admin_Panel_Task/2025-06-10_20-22-45_2025-06-10_20-22-45.webp
2025-06-29 14:27:55,676 - WARNING - ⚠️ Skipping malformed key: screenshots/amirishaque67_at_gmail.com/DSSFocus_Pro_Admin_Panel_Task/2025-06-10_20-22-51_2025-06-10_20-22-51.webp
2025-06-29 14:27:55,676 - WARNING - ⚠️ Skipping malformed key: screenshots/amirishaque67_at_gmail.com/DSSFocus_Pro_Admin_Panel_Task/2025-06-10_20-22-54_2025-06-10_20-22-53.webp
2025-06-29 14:27:55,676 - WARNING - ⚠️ Skipping malformed key: screenshots/amirishaque67_at_gmail.com/DSSFocus_Pro_Admin_Panel_Task/2025-06-10_20-22-59_2025-06-10_20-22-59.webp
2025-06-29 14:27:55,676 - WARNING - ⚠️ Skipping malformed key: screenshots/amirishaque67_at_gmail.com/DSSFocus_Pro_Admin_Panel_Task/2025-06-10_20-23-02_2025-06-10_20-23-02.webp
2025-06-29 14:27:55,676 - WARNING - ⚠️ Skipping malformed key: screenshots/amirishaque67_at_gmail.com/DSSFocus_Pro_Admin_Panel_Task/2025-06-10_20-23-08_2025-06-10_20-23-07.webp
2025-06-29 14:27:55,676 - WARNING - ⚠️ Skipping malformed key: screenshots/amirishaque67_at_gmail.com/DSSFocus_Pro_Admin_Panel_Task/2025-06-10_20-23-10_2025-06-10_20-23-10.webp
2025-06-29 14:27:55,677 - WARNING - ⚠️ Skipping malformed key: screenshots/amirishaque67_at_gmail.com/DSSFocus_Pro_Admin_Panel_Task/2025-06-10_20-23-16_2025-06-10_20-23-16.webp
2025-06-29 14:27:55,677 - WARNING - ⚠️ Skipping malformed key: screenshots/amirishaque67_at_gmail.com/DSSFocus_Pro_Admin_Panel_Task/2025-06-10_20-23-18_2025-06-10_20-23-18.webp
2025-06-29 14:27:55,677 - WARNING - ⚠️ Skipping malformed key: screenshots/amirishaque67_at_gmail.com/DSSFocus_Pro_Admin_Panel_Task/2025-06-10_20-23-24_2025-06-10_20-23-24.webp
2025-06-29 14:27:55,677 - WARNING - ⚠️ Skipping malformed key: screenshots/amirishaque67_at_gmail.com/DSSFocus_Pro_Admin_Panel_Task/2025-06-10_20-23-26_2025-06-10_20-23-26.webp
2025-06-29 14:27:55,677 - WARNING - ⚠️ Skipping malformed key: screenshots/amirishaque67_at_gmail.com/DSSFocus_Pro_Admin_Panel_Task/2025-06-10_20-23-32_2025-06-10_20-23-32.webp
2025-06-29 14:27:55,677 - WARNING - ⚠️ Skipping malformed key: screenshots/amirishaque67_at_gmail.com/DSSFocus_Pro_Admin_Panel_Task/2025-06-10_20-23-34_2025-06-10_20-23-34.webp
2025-06-29 14:27:55,677 - WARNING - ⚠️ Skipping malformed key: screenshots/amirishaque67_at_gmail.com/DSSFocus_Pro_Admin_Panel_Task/2025-06-10_20-23-40_2025-06-10_20-23-40.webp
2025-06-29 14:27:55,677 - WARNING - ⚠️ Skipping malformed key: screenshots/amirishaque67_at_gmail.com/DSSFocus_Pro_Admin_Panel_Task/2025-06-10_20-23-42_2025-06-10_20-23-42.webp
2025-06-29 14:27:55,677 - WARNING - ⚠️ Skipping malformed key: screenshots/amirishaque67_at_gmail.com/DSSFocus_Pro_Admin_Panel_Task/2025-06-10_20-23-49_2025-06-10_20-23-48.webp
2025-06-29 14:27:55,677 - WARNING - ⚠️ Skipping malformed key: screenshots/amirishaque67_at_gmail.com/DSSFocus_Pro_Admin_Panel_Task/2025-06-10_20-23-50_2025-06-10_20-23-50.webp
2025-06-29 14:27:55,677 - WARNING - ⚠️ Skipping malformed key: screenshots/amirishaque67_at_gmail.com/DSSFocus_Pro_Admin_Panel_Task/2025-06-10_20-23-57_2025-06-10_20-23-57.webp
2025-06-29 14:27:55,678 - WARNING - ⚠️ Skipping malformed key: screenshots/amirishaque67_at_gmail.com/DSSFocus_Pro_Admin_Panel_Task/2025-06-10_20-23-58_2025-06-10_20-23-58.webp
2025-06-29 14:27:55,678 - WARNING - ⚠️ Skipping malformed key: screenshots/amirishaque67_at_gmail.com/DSSFocus_Pro_Admin_Panel_Task/2025-06-10_20-24-05_2025-06-10_20-24-05.webp
2025-06-29 14:27:55,678 - WARNING - ⚠️ Skipping malformed key: screenshots/amirishaque67_at_gmail.com/DSSFocus_Pro_Admin_Panel_Task/2025-06-10_20-24-06_2025-06-10_20-24-06.webp
2025-06-29 14:27:55,679 - WARNING - ⚠️ Skipping malformed key: screenshots/amirishaque67_at_gmail.com/DSSFocus_Pro_Admin_Panel_Task/2025-06-10_20-24-13_2025-06-10_20-24-13.webp
2025-06-29 14:27:55,679 - WARNING - ⚠️ Skipping malformed key: screenshots/amirishaque67_at_gmail.com/DSSFocus_Pro_Admin_Panel_Task/2025-06-10_20-24-15_2025-06-10_20-24-14.webp
2025-06-29 14:27:55,679 - WARNING - ⚠️ Skipping malformed key: screenshots/amirishaque67_at_gmail.com/DSSFocus_Pro_Admin_Panel_Task/2025-06-10_20-24-22_2025-06-10_20-24-22.webp
2025-06-29 14:27:55,679 - WARNING - ⚠️ Skipping malformed key: screenshots/amirishaque67_at_gmail.com/DSSFocus_Pro_Admin_Panel_Task/2025-06-10_20-24-23_2025-06-10_20-24-23.webp
2025-06-29 14:27:55,680 - WARNING - ⚠️ Skipping malformed key: screenshots/amirishaque67_at_gmail.com/DSSFocus_Pro_Admin_Panel_Task/2025-06-10_20-24-30_2025-06-10_20-24-30.webp
2025-06-29 14:27:55,680 - WARNING - ⚠️ Skipping malformed key: screenshots/amirishaque67_at_gmail.com/DSSFocus_Pro_Admin_Panel_Task/2025-06-10_20-24-31_2025-06-10_20-24-31.webp
2025-06-29 14:27:55,680 - WARNING - ⚠️ Skipping malformed key: screenshots/amirishaque67_at_gmail.com/DSSFocus_Pro_Admin_Panel_Task/2025-06-10_20-24-39_2025-06-10_20-24-39.webp
2025-06-29 14:27:55,680 - WARNING - ⚠️ Skipping malformed key: screenshots/amirishaque67_at_gmail.com/DSSFocus_Pro_Admin_Panel_Task/2025-06-10_20-24-47_2025-06-10_20-24-47.webp
2025-06-29 14:27:55,680 - WARNING - ⚠️ Skipping malformed key: screenshots/amirishaque67_at_gmail.com/DSSFocus_Pro_Admin_Panel_Task/2025-06-10_20-24-55_2025-06-10_20-24-55.webp
2025-06-29 14:27:55,680 - WARNING - ⚠️ Skipping malformed key: screenshots/amirishaque67_at_gmail.com/DSSFocus_Pro_Admin_Panel_Task/2025-06-10_20-24-56_2025-06-10_20-24-56.webp
2025-06-29 14:27:55,680 - WARNING - ⚠️ Skipping malformed key: screenshots/amirishaque67_at_gmail.com/DSSFocus_Pro_Admin_Panel_Task/2025-06-10_20-25-04_2025-06-10_20-25-04.webp
2025-06-29 14:27:55,680 - WARNING - ⚠️ Skipping malformed key: screenshots/amirishaque67_at_gmail.com/DSSFocus_Pro_Admin_Panel_Task/2025-06-10_20-25-12_2025-06-10_20-25-12.webp
2025-06-29 14:27:55,681 - WARNING - ⚠️ Skipping malformed key: screenshots/amirishaque67_at_gmail.com/DSSFocus_Pro_Admin_Panel_Task/2025-06-10_20-25-21_2025-06-10_20-25-21.webp
2025-06-29 14:27:55,681 - WARNING - ⚠️ Skipping malformed key: screenshots/amirishaque67_at_gmail.com/DSSFocus_Pro_Admin_Panel_Task/2025-06-10_20-25-25_2025-06-10_20-25-25.webp
2025-06-29 14:27:55,681 - WARNING - ⚠️ Skipping malformed key: screenshots/amirishaque67_at_gmail.com/DSSFocus_Pro_Admin_Panel_Task/2025-06-10_20-25-29_2025-06-10_20-25-29.webp
2025-06-29 14:27:55,681 - WARNING - ⚠️ Skipping malformed key: screenshots/amirishaque67_at_gmail.com/DSSFocus_Pro_Admin_Panel_Task/2025-06-10_20-25-33_2025-06-10_20-25-33.webp
2025-06-29 14:27:55,681 - WARNING - ⚠️ Skipping malformed key: screenshots/amirishaque67_at_gmail.com/DSSFocus_Pro_Admin_Panel_Task/2025-06-10_20-25-37_2025-06-10_20-25-37.webp
2025-06-29 14:27:55,681 - WARNING - ⚠️ Skipping malformed key: screenshots/amirishaque67_at_gmail.com/DSSFocus_Pro_Admin_Panel_Task/2025-06-10_20-25-41_2025-06-10_20-25-41.webp
2025-06-29 14:27:55,681 - WARNING - ⚠️ Skipping malformed key: screenshots/amirishaque67_at_gmail.com/DSSFocus_Pro_Admin_Panel_Task/2025-06-10_20-25-46_2025-06-10_20-25-45.webp
2025-06-29 14:27:55,681 - WARNING - ⚠️ Skipping malformed key: screenshots/amirishaque67_at_gmail.com/DSSFocus_Pro_Admin_Panel_Task/2025-06-10_20-25-49_2025-06-10_20-25-49.webp
2025-06-29 14:27:55,681 - WARNING - ⚠️ Skipping malformed key: screenshots/amirishaque67_at_gmail.com/DSSFocus_Pro_Admin_Panel_Task/2025-06-10_20-25-54_2025-06-10_20-25-53.webp
2025-06-29 14:27:55,681 - WARNING - ⚠️ Skipping malformed key: screenshots/amirishaque67_at_gmail.com/DSSFocus_Pro_Admin_Panel_Task/2025-06-10_20-25-57_2025-06-10_20-25-57.webp
2025-06-29 14:27:55,681 - WARNING - ⚠️ Skipping malformed key: screenshots/amirishaque67_at_gmail.com/DSSFocus_Pro_Admin_Panel_Task/2025-06-10_20-26-02_2025-06-10_20-26-02.webp
2025-06-29 14:27:55,681 - WARNING - ⚠️ Skipping malformed key: screenshots/amirishaque67_at_gmail.com/DSSFocus_Pro_Admin_Panel_Task/2025-06-10_20-26-05_2025-06-10_20-26-05.webp
2025-06-29 14:27:55,681 - WARNING - ⚠️ Skipping malformed key: screenshots/amirishaque67_at_gmail.com/DSSFocus_Pro_Admin_Panel_Task/2025-06-10_20-26-10_2025-06-10_20-26-10.webp
2025-06-29 14:27:55,682 - WARNING - ⚠️ Skipping malformed key: screenshots/amirishaque67_at_gmail.com/DSSFocus_Pro_Admin_Panel_Task/2025-06-10_20-26-13_2025-06-10_20-26-13.webp
2025-06-29 14:27:55,682 - WARNING - ⚠️ Skipping malformed key: screenshots/amirishaque67_at_gmail.com/DSSFocus_Pro_Admin_Panel_Task/2025-06-10_20-26-18_2025-06-10_20-26-18.webp
2025-06-29 14:27:55,682 - WARNING - ⚠️ Skipping malformed key: screenshots/amirishaque67_at_gmail.com/DSSFocus_Pro_Admin_Panel_Task/2025-06-10_20-26-21_2025-06-10_20-26-21.webp
2025-06-29 14:27:55,682 - WARNING - ⚠️ Skipping malformed key: screenshots/amirishaque67_at_gmail.com/DSSFocus_Pro_Admin_Panel_Task/2025-06-10_20-26-26_2025-06-10_20-26-26.webp
2025-06-29 14:27:55,682 - WARNING - ⚠️ Skipping malformed key: screenshots/amirishaque67_at_gmail.com/DSSFocus_Pro_Admin_Panel_Task/2025-06-10_20-26-29_2025-06-10_20-26-29.webp
2025-06-29 14:27:55,682 - WARNING - ⚠️ Skipping malformed key: screenshots/amirishaque67_at_gmail.com/DSSFocus_Pro_Admin_Panel_Task/2025-06-10_20-26-36_2025-06-10_20-26-36.webp
2025-06-29 14:27:55,682 - WARNING - ⚠️ Skipping malformed key: screenshots/amirishaque67_at_gmail.com/DSSFocus_Pro_Admin_Panel_Task/2025-06-10_20-26-38_2025-06-10_20-26-38.webp
2025-06-29 14:27:55,682 - WARNING - ⚠️ Skipping malformed key: screenshots/amirishaque67_at_gmail.com/DSSFocus_Pro_Admin_Panel_Task/2025-06-10_20-26-44_2025-06-10_20-26-44.webp
2025-06-29 14:27:55,682 - WARNING - ⚠️ Skipping malformed key: screenshots/amirishaque67_at_gmail.com/DSSFocus_Pro_Admin_Panel_Task/2025-06-10_20-26-46_2025-06-10_20-26-46.webp
2025-06-29 14:27:55,682 - WARNING - ⚠️ Skipping malformed key: screenshots/amirishaque67_at_gmail.com/DSSFocus_Pro_Admin_Panel_Task/2025-06-10_20-26-52_2025-06-10_20-26-52.webp
2025-06-29 14:27:55,682 - WARNING - ⚠️ Skipping malformed key: screenshots/amirishaque67_at_gmail.com/DSSFocus_Pro_Admin_Panel_Task/2025-06-10_20-26-54_2025-06-10_20-26-54.webp
2025-06-29 14:27:55,682 - WARNING - ⚠️ Skipping malformed key: screenshots/amirishaque67_at_gmail.com/DSSFocus_Pro_Admin_Panel_Task/2025-06-10_20-27-01_2025-06-10_20-27-00.webp
2025-06-29 14:27:55,682 - WARNING - ⚠️ Skipping malformed key: screenshots/amirishaque67_at_gmail.com/DSSFocus_Pro_Admin_Panel_Task/2025-06-10_20-27-02_2025-06-10_20-27-02.webp
2025-06-29 14:27:55,683 - WARNING - ⚠️ Skipping malformed key: screenshots/amirishaque67_at_gmail.com/DSSFocus_Pro_Admin_Panel_Task/2025-06-10_20-27-09_2025-06-10_20-27-09.webp
2025-06-29 14:27:55,683 - WARNING - ⚠️ Skipping malformed key: screenshots/amirishaque67_at_gmail.com/DSSFocus_Pro_Admin_Panel_Task/2025-06-10_20-27-10_2025-06-10_20-27-10.webp
2025-06-29 14:27:55,683 - WARNING - ⚠️ Skipping malformed key: screenshots/amirishaque67_at_gmail.com/DSSFocus_Pro_Admin_Panel_Task/2025-06-10_20-27-17_2025-06-10_20-27-17.webp
2025-06-29 14:27:55,683 - WARNING - ⚠️ Skipping malformed key: screenshots/amirishaque67_at_gmail.com/DSSFocus_Pro_Admin_Panel_Task/2025-06-10_20-27-18_2025-06-10_20-27-18.webp
2025-06-29 14:27:55,683 - WARNING - ⚠️ Skipping malformed key: screenshots/amirishaque67_at_gmail.com/DSSFocus_Pro_Admin_Panel_Task/2025-06-10_20-27-25_2025-06-10_20-27-25.webp
2025-06-29 14:27:55,683 - WARNING - ⚠️ Skipping malformed key: screenshots/amirishaque67_at_gmail.com/DSSFocus_Pro_Admin_Panel_Task/2025-06-10_20-27-26_2025-06-10_20-27-26.webp
2025-06-29 14:27:55,684 - WARNING - ⚠️ Skipping malformed key: screenshots/amirishaque67_at_gmail.com/DSSFocus_Pro_Admin_Panel_Task/2025-06-10_20-27-35_2025-06-10_20-27-34.webp
2025-06-29 14:27:55,684 - WARNING - ⚠️ Skipping malformed key: screenshots/amirishaque67_at_gmail.com/DSSFocus_Pro_Admin_Panel_Task/2025-06-10_20-27-42_2025-06-10_20-27-42.webp
2025-06-29 14:27:55,684 - WARNING - ⚠️ Skipping malformed key: screenshots/amirishaque67_at_gmail.com/DSSFocus_Pro_Admin_Panel_Task/2025-06-10_20-27-43_2025-06-10_20-27-43.webp
2025-06-29 14:27:55,684 - WARNING - ⚠️ Skipping malformed key: screenshots/amirishaque67_at_gmail.com/DSSFocus_Pro_Admin_Panel_Task/2025-06-10_20-27-50_2025-06-10_20-27-50.webp
2025-06-29 14:27:55,684 - WARNING - ⚠️ Skipping malformed key: screenshots/amirishaque67_at_gmail.com/DSSFocus_Pro_Admin_Panel_Task/2025-06-10_20-27-51_2025-06-10_20-27-51.webp
2025-06-29 14:27:55,684 - WARNING - ⚠️ Skipping malformed key: screenshots/amirishaque67_at_gmail.com/DSSFocus_Pro_Admin_Panel_Task/2025-06-10_20-27-58_2025-06-10_20-27-58.webp
2025-06-29 14:27:55,684 - WARNING - ⚠️ Skipping malformed key: screenshots/amirishaque67_at_gmail.com/DSSFocus_Pro_Admin_Panel_Task/2025-06-10_20-27-59_2025-06-10_20-27-59.webp
2025-06-29 14:27:55,684 - WARNING - ⚠️ Skipping malformed key: screenshots/amirishaque67_at_gmail.com/DSSFocus_Pro_Admin_Panel_Task/2025-06-10_20-28-07_2025-06-10_20-28-07.webp
2025-06-29 14:27:55,684 - WARNING - ⚠️ Skipping malformed key: screenshots/amirishaque67_at_gmail.com/DSSFocus_Pro_Admin_Panel_Task/2025-06-10_20-28-15_2025-06-10_20-28-15.webp
2025-06-29 14:27:55,684 - WARNING - ⚠️ Skipping malformed key: screenshots/amirishaque67_at_gmail.com/DSSFocus_Pro_Admin_Panel_Task/2025-06-10_20-28-23_2025-06-10_20-28-23.webp
2025-06-29 14:27:55,684 - WARNING - ⚠️ Skipping malformed key: screenshots/amirishaque67_at_gmail.com/DSSFocus_Pro_Admin_Panel_Task/2025-06-10_20-28-24_2025-06-10_20-28-23.webp
2025-06-29 14:27:55,684 - WARNING - ⚠️ Skipping malformed key: screenshots/amirishaque67_at_gmail.com/DSSFocus_Pro_Admin_Panel_Task/2025-06-10_20-28-32_2025-06-10_20-28-32.webp
2025-06-29 14:27:55,685 - WARNING - ⚠️ Skipping malformed key: screenshots/amirishaque67_at_gmail.com/DSSFocus_Pro_Admin_Panel_Task/2025-06-10_20-28-33_2025-06-10_20-28-32.webp
2025-06-29 14:27:55,685 - WARNING - ⚠️ Skipping malformed key: screenshots/amirishaque67_at_gmail.com/DSSFocus_Pro_Admin_Panel_Task/2025-06-10_20-28-41_2025-06-10_20-28-41.webp
2025-06-29 14:27:55,685 - WARNING - ⚠️ Skipping malformed key: screenshots/amirishaque67_at_gmail.com/DSSFocus_Pro_Admin_Panel_Task/2025-06-10_20-28-49_2025-06-10_20-28-49.webp
2025-06-29 14:27:55,685 - WARNING - ⚠️ Skipping malformed key: screenshots/amirishaque67_at_gmail.com/DSSFocus_Pro_Admin_Panel_Task/2025-06-10_20-28-58_2025-06-10_20-28-57.webp
2025-06-29 14:27:55,685 - WARNING - ⚠️ Skipping malformed key: screenshots/amirishaque67_at_gmail.com/DSSFocus_Pro_Admin_Panel_Task/2025-06-10_20-28-58_2025-06-10_20-28-58.webp
2025-06-29 14:27:55,685 - WARNING - ⚠️ Skipping malformed key: screenshots/amirishaque67_at_gmail.com/DSSFocus_Pro_Admin_Panel_Task/2025-06-10_20-29-06_2025-06-10_20-29-06.webp
2025-06-29 14:27:55,685 - WARNING - ⚠️ Skipping malformed key: screenshots/amirishaque67_at_gmail.com/DSSFocus_Pro_Admin_Panel_Task/2025-06-10_20-29-07_2025-06-10_20-29-06.webp
2025-06-29 14:27:55,685 - WARNING - ⚠️ Skipping malformed key: screenshots/amirishaque67_at_gmail.com/DSSFocus_Pro_Admin_Panel_Task/2025-06-10_20-29-15_2025-06-10_20-29-15.webp
2025-06-29 14:27:55,685 - WARNING - ⚠️ Skipping malformed key: screenshots/amirishaque67_at_gmail.com/DSSFocus_Pro_Admin_Panel_Task/2025-06-10_20-29-16_2025-06-10_20-29-16.webp
2025-06-29 14:27:55,685 - WARNING - ⚠️ Skipping malformed key: screenshots/amirishaque67_at_gmail.com/DSSFocus_Pro_Admin_Panel_Task/2025-06-10_20-29-23_2025-06-10_20-29-23.webp
2025-06-29 14:27:55,685 - WARNING - ⚠️ Skipping malformed key: screenshots/amirishaque67_at_gmail.com/DSSFocus_Pro_Admin_Panel_Task/2025-06-10_20-29-24_2025-06-10_20-29-24.webp
2025-06-29 14:27:55,686 - WARNING - ⚠️ Skipping malformed key: screenshots/amirishaque67_at_gmail.com/DSSFocus_Pro_Admin_Panel_Task/2025-06-10_20-29-32_2025-06-10_20-29-31.webp
2025-06-29 14:27:55,686 - WARNING - ⚠️ Skipping malformed key: screenshots/amirishaque67_at_gmail.com/DSSFocus_Pro_Admin_Panel_Task/2025-06-10_20-29-32_2025-06-10_20-29-32.webp
2025-06-29 14:27:55,686 - WARNING - ⚠️ Skipping malformed key: screenshots/amirishaque67_at_gmail.com/DSSFocus_Pro_Admin_Panel_Task/2025-06-10_20-29-40_2025-06-10_20-29-40.webp
2025-06-29 14:27:55,686 - WARNING - ⚠️ Skipping malformed key: screenshots/amirishaque67_at_gmail.com/DSSFocus_Pro_Admin_Panel_Task/2025-06-10_20-29-48_2025-06-10_20-29-48.webp
2025-06-29 14:27:55,686 - WARNING - ⚠️ Skipping malformed key: screenshots/amirishaque67_at_gmail.com/DSSFocus_Pro_Admin_Panel_Task/2025-06-10_20-29-49_2025-06-10_20-29-49.webp
2025-06-29 14:27:55,686 - WARNING - ⚠️ Skipping malformed key: screenshots/amirishaque67_at_gmail.com/DSSFocus_Pro_Admin_Panel_Task/2025-06-10_20-29-56_2025-06-10_20-29-56.webp
2025-06-29 14:27:55,687 - WARNING - ⚠️ Skipping malformed key: screenshots/amirishaque67_at_gmail.com/DSSFocus_Pro_Admin_Panel_Task/2025-06-10_20-29-57_2025-06-10_20-29-57.webp
2025-06-29 14:27:55,687 - WARNING - ⚠️ Skipping malformed key: screenshots/amirishaque67_at_gmail.com/DSSFocus_Pro_Admin_Panel_Task/2025-06-10_20-30-05_2025-06-10_20-30-05.webp
2025-06-29 14:27:55,687 - WARNING - ⚠️ Skipping malformed key: screenshots/amirishaque67_at_gmail.com/DSSFocus_Pro_Admin_Panel_Task/2025-06-10_20-30-13_2025-06-10_20-30-13.webp
2025-06-29 14:27:55,687 - WARNING - ⚠️ Skipping malformed key: screenshots/amirishaque67_at_gmail.com/DSSFocus_Pro_Admin_Panel_Task/2025-06-10_20-30-14_2025-06-10_20-30-14.webp
2025-06-29 14:27:55,687 - WARNING - ⚠️ Skipping malformed key: screenshots/amirishaque67_at_gmail.com/DSSFocus_Pro_Admin_Panel_Task/2025-06-10_20-30-21_2025-06-10_20-30-21.webp
2025-06-29 14:27:55,687 - WARNING - ⚠️ Skipping malformed key: screenshots/amirishaque67_at_gmail.com/DSSFocus_Pro_Admin_Panel_Task/2025-06-10_20-30-22_2025-06-10_20-30-22.webp
2025-06-29 14:27:55,687 - WARNING - ⚠️ Skipping malformed key: screenshots/amirishaque67_at_gmail.com/DSSFocus_Pro_Admin_Panel_Task/2025-06-10_20-30-29_2025-06-10_20-30-29.webp
2025-06-29 14:27:55,687 - WARNING - ⚠️ Skipping malformed key: screenshots/amirishaque67_at_gmail.com/DSSFocus_Pro_Admin_Panel_Task/2025-06-10_20-30-30_2025-06-10_20-30-30.webp
2025-06-29 14:27:55,687 - WARNING - ⚠️ Skipping malformed key: screenshots/amirishaque67_at_gmail.com/DSSFocus_Pro_Admin_Panel_Task/2025-06-10_20-30-38_2025-06-10_20-30-38.webp
2025-06-29 14:27:55,687 - WARNING - ⚠️ Skipping malformed key: screenshots/amirishaque67_at_gmail.com/DSSFocus_Pro_Admin_Panel_Task/2025-06-10_20-30-47_2025-06-10_20-30-47.webp
2025-06-29 14:27:55,688 - WARNING - ⚠️ Skipping malformed key: screenshots/amirishaque67_at_gmail.com/DSSFocus_Pro_Admin_Panel_Task/2025-06-10_20-30-55_2025-06-10_20-30-55.webp
2025-06-29 14:27:55,688 - WARNING - ⚠️ Skipping malformed key: screenshots/amirishaque67_at_gmail.com/DSSFocus_Pro_Admin_Panel_Task/2025-06-10_20-30-56_2025-06-10_20-30-56.webp
2025-06-29 14:27:55,688 - WARNING - ⚠️ Skipping malformed key: screenshots/amirishaque67_at_gmail.com/DSSFocus_Pro_Admin_Panel_Task/2025-06-10_20-31-05_2025-06-10_20-31-04.webp
2025-06-29 14:27:55,688 - WARNING - ⚠️ Skipping malformed key: screenshots/amirishaque67_at_gmail.com/DSSFocus_Pro_Admin_Panel_Task/2025-06-10_20-31-12_2025-06-10_20-31-12.webp
2025-06-29 14:27:55,688 - WARNING - ⚠️ Skipping malformed key: screenshots/amirishaque67_at_gmail.com/DSSFocus_Pro_Admin_Panel_Task/2025-06-10_20-31-13_2025-06-10_20-31-13.webp
2025-06-29 14:27:55,688 - WARNING - ⚠️ Skipping malformed key: screenshots/amirishaque67_at_gmail.com/DSSFocus_Pro_Admin_Panel_Task/2025-06-10_20-31-20_2025-06-10_20-31-20.webp
2025-06-29 14:27:55,690 - WARNING - ⚠️ Skipping malformed key: screenshots/amirishaque67_at_gmail.com/DSSFocus_Pro_Admin_Panel_Task/2025-06-10_20-31-21_2025-06-10_20-31-21.webp
2025-06-29 14:27:55,690 - WARNING - ⚠️ Skipping malformed key: screenshots/amirishaque67_at_gmail.com/DSSFocus_Pro_Admin_Panel_Task/2025-06-10_20-31-30_2025-06-10_20-31-30.webp
2025-06-29 14:27:55,690 - WARNING - ⚠️ Skipping malformed key: screenshots/amirishaque67_at_gmail.com/DSSFocus_Pro_Admin_Panel_Task/2025-06-10_20-31-40_2025-06-10_20-31-40.webp
2025-06-29 14:27:55,690 - WARNING - ⚠️ Skipping malformed key: screenshots/amirishaque67_at_gmail.com/DSSFocus_Pro_Admin_Panel_Task/2025-06-10_20-31-49_2025-06-10_20-31-49.webp
2025-06-29 14:27:55,690 - WARNING - ⚠️ Skipping malformed key: screenshots/amirishaque67_at_gmail.com/DSSFocus_Pro_Admin_Panel_Task/2025-06-10_20-31-57_2025-06-10_20-31-57.webp
2025-06-29 14:27:55,691 - WARNING - ⚠️ Skipping malformed key: screenshots/amirishaque67_at_gmail.com/DSSFocus_Pro_Admin_Panel_Task/2025-06-10_20-31-58_2025-06-10_20-31-58.webp
2025-06-29 14:27:55,691 - WARNING - ⚠️ Skipping malformed key: screenshots/amirishaque67_at_gmail.com/DSSFocus_Pro_Admin_Panel_Task/2025-06-10_20-32-10_2025-06-10_20-32-09.webp
2025-06-29 14:27:55,691 - WARNING - ⚠️ Skipping malformed key: screenshots/amirishaque67_at_gmail.com/DSSFocus_Pro_Admin_Panel_Task/2025-06-10_20-32-10_2025-06-10_20-32-10.webp
2025-06-29 14:27:55,691 - WARNING - ⚠️ Skipping malformed key: screenshots/amirishaque67_at_gmail.com/DSSFocus_Pro_Admin_Panel_Task/2025-06-10_20-32-24_2025-06-10_20-32-24.webp
2025-06-29 14:27:55,692 - WARNING - ⚠️ Skipping malformed key: screenshots/amirishaque67_at_gmail.com/DSSFocus_Pro_Admin_Panel_Task/2025-06-10_20-32-26_2025-06-10_20-32-26.webp
2025-06-29 14:27:55,692 - WARNING - ⚠️ Skipping malformed key: screenshots/amirishaque67_at_gmail.com/DSSFocus_Pro_Admin_Panel_Task/2025-06-10_20-32-32_2025-06-10_20-32-32.webp
2025-06-29 14:27:55,692 - WARNING - ⚠️ Skipping malformed key: screenshots/amirishaque67_at_gmail.com/DSSFocus_Pro_Admin_Panel_Task/2025-06-10_20-32-34_2025-06-10_20-32-34.webp
2025-06-29 14:27:55,692 - WARNING - ⚠️ Skipping malformed key: screenshots/amirishaque67_at_gmail.com/DSSFocus_Pro_Admin_Panel_Task/2025-06-10_20-32-41_2025-06-10_20-32-41.webp
2025-06-29 14:27:55,692 - WARNING - ⚠️ Skipping malformed key: screenshots/amirishaque67_at_gmail.com/DSSFocus_Pro_Admin_Panel_Task/2025-06-10_20-32-42_2025-06-10_20-32-42.webp
2025-06-29 14:27:55,692 - WARNING - ⚠️ Skipping malformed key: screenshots/amirishaque67_at_gmail.com/DSSFocus_Pro_Admin_Panel_Task/2025-06-10_20-32-49_2025-06-10_20-32-49.webp
2025-06-29 14:27:55,693 - WARNING - ⚠️ Skipping malformed key: screenshots/amirishaque67_at_gmail.com/DSSFocus_Pro_Admin_Panel_Task/2025-06-10_20-32-50_2025-06-10_20-32-50.webp
2025-06-29 14:27:55,693 - WARNING - ⚠️ Skipping malformed key: screenshots/amirishaque67_at_gmail.com/DSSFocus_Pro_Admin_Panel_Task/2025-06-10_20-32-58_2025-06-10_20-32-58.webp
2025-06-29 14:27:55,693 - WARNING - ⚠️ Skipping malformed key: screenshots/amirishaque67_at_gmail.com/DSSFocus_Pro_Admin_Panel_Task/2025-06-10_20-32-59_2025-06-10_20-32-59.webp
2025-06-29 14:27:55,693 - WARNING - ⚠️ Skipping malformed key: screenshots/amirishaque67_at_gmail.com/DSSFocus_Pro_Admin_Panel_Task/2025-06-10_20-33-08_2025-06-10_20-33-08.webp
2025-06-29 14:27:55,693 - WARNING - ⚠️ Skipping malformed key: screenshots/amirishaque67_at_gmail.com/DSSFocus_Pro_Admin_Panel_Task/2025-06-10_20-33-16_2025-06-10_20-33-16.webp
2025-06-29 14:27:55,693 - WARNING - ⚠️ Skipping malformed key: screenshots/amirishaque67_at_gmail.com/DSSFocus_Pro_Admin_Panel_Task/2025-06-10_20-33-17_2025-06-10_20-33-16.webp
2025-06-29 14:27:55,693 - WARNING - ⚠️ Skipping malformed key: screenshots/amirishaque67_at_gmail.com/DSSFocus_Pro_Admin_Panel_Task/2025-06-10_20-33-25_2025-06-10_20-33-25.webp
2025-06-29 14:27:55,693 - WARNING - ⚠️ Skipping malformed key: screenshots/amirishaque67_at_gmail.com/DSSFocus_Pro_Admin_Panel_Task/2025-06-10_20-33-34_2025-06-10_20-33-34.webp
2025-06-29 14:27:55,694 - WARNING - ⚠️ Skipping malformed key: screenshots/amirishaque67_at_gmail.com/DSSFocus_Pro_Admin_Panel_Task/2025-06-10_20-33-43_2025-06-10_20-33-42.webp
2025-06-29 14:27:55,694 - WARNING - ⚠️ Skipping malformed key: screenshots/amirishaque67_at_gmail.com/DSSFocus_Pro_Admin_Panel_Task/2025-06-10_20-33-43_2025-06-10_20-33-43.webp
2025-06-29 14:27:55,694 - WARNING - ⚠️ Skipping malformed key: screenshots/amirishaque67_at_gmail.com/DSSFocus_Pro_Admin_Panel_Task/2025-06-10_20-33-51_2025-06-10_20-33-51.webp
2025-06-29 14:27:55,694 - WARNING - ⚠️ Skipping malformed key: screenshots/amirishaque67_at_gmail.com/DSSFocus_Pro_Admin_Panel_Task/2025-06-10_20-34-01_2025-06-10_20-34-00.webp
2025-06-29 14:27:55,694 - WARNING - ⚠️ Skipping malformed key: screenshots/amirishaque67_at_gmail.com/DSSFocus_Pro_Admin_Panel_Task/2025-06-10_20-34-01_2025-06-10_20-34-01.webp
2025-06-29 14:27:55,694 - WARNING - ⚠️ Skipping malformed key: screenshots/amirishaque67_at_gmail.com/DSSFocus_Pro_Admin_Panel_Task/2025-06-10_20-34-14_2025-06-10_20-34-14.webp
2025-06-29 14:27:55,695 - WARNING - ⚠️ Skipping malformed key: screenshots/amirishaque67_at_gmail.com/DSSFocus_Pro_Admin_Panel_Task/2025-06-10_20-34-22_2025-06-10_20-34-22.webp
2025-06-29 14:27:55,695 - WARNING - ⚠️ Skipping malformed key: screenshots/amirishaque67_at_gmail.com/DSSFocus_Pro_Admin_Panel_Task/2025-06-10_20-34-24_2025-06-10_20-34-24.webp
2025-06-29 14:27:55,695 - WARNING - ⚠️ Skipping malformed key: screenshots/amirishaque67_at_gmail.com/DSSFocus_Pro_Admin_Panel_Task/2025-06-10_20-34-31_2025-06-10_20-34-30.webp
2025-06-29 14:27:55,695 - WARNING - ⚠️ Skipping malformed key: screenshots/amirishaque67_at_gmail.com/DSSFocus_Pro_Admin_Panel_Task/2025-06-10_20-34-32_2025-06-10_20-34-32.webp
2025-06-29 14:27:55,695 - WARNING - ⚠️ Skipping malformed key: screenshots/amirishaque67_at_gmail.com/DSSFocus_Pro_Admin_Panel_Task/2025-06-10_20-34-39_2025-06-10_20-34-39.webp
2025-06-29 14:27:55,695 - WARNING - ⚠️ Skipping malformed key: screenshots/amirishaque67_at_gmail.com/DSSFocus_Pro_Admin_Panel_Task/2025-06-10_20-34-40_2025-06-10_20-34-40.webp
2025-06-29 14:27:55,695 - WARNING - ⚠️ Skipping malformed key: screenshots/amirishaque67_at_gmail.com/DSSFocus_Pro_Admin_Panel_Task/2025-06-10_20-34-47_2025-06-10_20-34-47.webp
2025-06-29 14:27:55,695 - WARNING - ⚠️ Skipping malformed key: screenshots/amirishaque67_at_gmail.com/DSSFocus_Pro_Admin_Panel_Task/2025-06-10_20-34-49_2025-06-10_20-34-48.webp
2025-06-29 14:27:55,696 - WARNING - ⚠️ Skipping malformed key: screenshots/amirishaque67_at_gmail.com/DSSFocus_Pro_Admin_Panel_Task/2025-06-10_20-34-55_2025-06-10_20-34-55.webp
2025-06-29 14:27:55,696 - WARNING - ⚠️ Skipping malformed key: screenshots/amirishaque67_at_gmail.com/DSSFocus_Pro_Admin_Panel_Task/2025-06-10_20-34-56_2025-06-10_20-34-56.webp
2025-06-29 14:27:55,696 - WARNING - ⚠️ Skipping malformed key: screenshots/amirishaque67_at_gmail.com/DSSFocus_Pro_Admin_Panel_Task/2025-06-10_20-35-04_2025-06-10_20-35-04.webp
2025-06-29 14:27:55,696 - WARNING - ⚠️ Skipping malformed key: screenshots/amirishaque67_at_gmail.com/DSSFocus_Pro_Admin_Panel_Task/2025-06-10_20-35-05_2025-06-10_20-35-05.webp
2025-06-29 14:27:55,696 - WARNING - ⚠️ Skipping malformed key: screenshots/amirishaque67_at_gmail.com/DSSFocus_Pro_Admin_Panel_Task/2025-06-10_20-35-12_2025-06-10_20-35-12.webp
2025-06-29 14:27:55,697 - WARNING - ⚠️ Skipping malformed key: screenshots/amirishaque67_at_gmail.com/DSSFocus_Pro_Admin_Panel_Task/2025-06-10_20-35-13_2025-06-10_20-35-12.webp
2025-06-29 14:27:55,697 - WARNING - ⚠️ Skipping malformed key: screenshots/amirishaque67_at_gmail.com/DSSFocus_Pro_Admin_Panel_Task/2025-06-10_20-35-20_2025-06-10_20-35-20.webp
2025-06-29 14:27:55,697 - WARNING - ⚠️ Skipping malformed key: screenshots/amirishaque67_at_gmail.com/DSSFocus_Pro_Admin_Panel_Task/2025-06-10_20-35-21_2025-06-10_20-35-21.webp
2025-06-29 14:27:55,697 - WARNING - ⚠️ Skipping malformed key: screenshots/amirishaque67_at_gmail.com/DSSFocus_Pro_Admin_Panel_Task/2025-06-10_20-35-30_2025-06-10_20-35-29.webp
2025-06-29 14:27:55,697 - WARNING - ⚠️ Skipping malformed key: screenshots/amirishaque67_at_gmail.com/DSSFocus_Pro_Admin_Panel_Task/2025-06-10_20-35-39_2025-06-10_20-35-38.webp
2025-06-29 14:27:55,698 - WARNING - ⚠️ Skipping malformed key: screenshots/amirishaque67_at_gmail.com/DSSFocus_Pro_Admin_Panel_Task/2025-06-10_20-35-39_2025-06-10_20-35-39.webp
2025-06-29 14:27:55,698 - WARNING - ⚠️ Skipping malformed key: screenshots/amirishaque67_at_gmail.com/DSSFocus_Pro_Admin_Panel_Task/2025-06-10_20-35-47_2025-06-10_20-35-47.webp
2025-06-29 14:27:55,698 - WARNING - ⚠️ Skipping malformed key: screenshots/amirishaque67_at_gmail.com/DSSFocus_Pro_Admin_Panel_Task/2025-06-10_20-35-48_2025-06-10_20-35-48.webp
2025-06-29 14:27:55,698 - WARNING - ⚠️ Skipping malformed key: screenshots/amirishaque67_at_gmail.com/DSSFocus_Pro_Admin_Panel_Task/2025-06-10_20-35-56_2025-06-10_20-35-56.webp
2025-06-29 14:27:55,698 - WARNING - ⚠️ Skipping malformed key: screenshots/amirishaque67_at_gmail.com/DSSFocus_Pro_Admin_Panel_Task/2025-06-10_20-36-04_2025-06-10_20-36-04.webp
2025-06-29 14:27:55,698 - WARNING - ⚠️ Skipping malformed key: screenshots/amirishaque67_at_gmail.com/DSSFocus_Pro_Admin_Panel_Task/2025-06-10_20-36-12_2025-06-10_20-36-12.webp
2025-06-29 14:27:55,699 - WARNING - ⚠️ Skipping malformed key: screenshots/amirishaque67_at_gmail.com/DSSFocus_Pro_Admin_Panel_Task/2025-06-10_20-36-13_2025-06-10_20-36-13.webp
2025-06-29 14:27:55,699 - WARNING - ⚠️ Skipping malformed key: screenshots/amirishaque67_at_gmail.com/DSSFocus_Pro_Admin_Panel_Task/2025-06-10_20-36-20_2025-06-10_20-36-20.webp
2025-06-29 14:27:55,699 - WARNING - ⚠️ Skipping malformed key: screenshots/amirishaque67_at_gmail.com/DSSFocus_Pro_Admin_Panel_Task/2025-06-10_20-36-21_2025-06-10_20-36-20.webp
2025-06-29 14:27:55,699 - WARNING - ⚠️ Skipping malformed key: screenshots/amirishaque67_at_gmail.com/DSSFocus_Pro_Admin_Panel_Task/2025-06-10_20-36-28_2025-06-10_20-36-28.webp
2025-06-29 14:27:55,699 - WARNING - ⚠️ Skipping malformed key: screenshots/amirishaque67_at_gmail.com/DSSFocus_Pro_Admin_Panel_Task/2025-06-10_20-36-37_2025-06-10_20-36-36.webp
2025-06-29 14:27:55,700 - WARNING - ⚠️ Skipping malformed key: screenshots/amirishaque67_at_gmail.com/DSSFocus_Pro_Admin_Panel_Task/2025-06-10_20-36-39_2025-06-10_20-36-39.webp
2025-06-29 14:27:55,700 - WARNING - ⚠️ Skipping malformed key: screenshots/amirishaque67_at_gmail.com/DSSFocus_Pro_Admin_Panel_Task/2025-06-10_20-36-45_2025-06-10_20-36-44.webp
2025-06-29 14:27:55,700 - WARNING - ⚠️ Skipping malformed key: screenshots/amirishaque67_at_gmail.com/DSSFocus_Pro_Admin_Panel_Task/2025-06-10_20-36-47_2025-06-10_20-36-47.webp
2025-06-29 14:27:55,700 - WARNING - ⚠️ Skipping malformed key: screenshots/amirishaque67_at_gmail.com/DSSFocus_Pro_Admin_Panel_Task/2025-06-10_20-36-52_2025-06-10_20-36-52.webp
2025-06-29 14:27:55,700 - WARNING - ⚠️ Skipping malformed key: screenshots/amirishaque67_at_gmail.com/DSSFocus_Pro_Admin_Panel_Task/2025-06-10_20-36-55_2025-06-10_20-36-55.webp
2025-06-29 14:27:55,700 - WARNING - ⚠️ Skipping malformed key: screenshots/amirishaque67_at_gmail.com/DSSFocus_Pro_Admin_Panel_Task/2025-06-10_20-37-00_2025-06-10_20-37-00.webp
2025-06-29 14:27:55,700 - WARNING - ⚠️ Skipping malformed key: screenshots/amirishaque67_at_gmail.com/DSSFocus_Pro_Admin_Panel_Task/2025-06-10_20-37-02_2025-06-10_20-37-02.webp
2025-06-29 14:27:55,700 - WARNING - ⚠️ Skipping malformed key: screenshots/amirishaque67_at_gmail.com/DSSFocus_Pro_Admin_Panel_Task/2025-06-10_20-37-08_2025-06-10_20-37-08.webp
2025-06-29 14:27:55,701 - WARNING - ⚠️ Skipping malformed key: screenshots/amirishaque67_at_gmail.com/DSSFocus_Pro_Admin_Panel_Task/2025-06-10_20-37-10_2025-06-10_20-37-10.webp
2025-06-29 14:27:55,701 - WARNING - ⚠️ Skipping malformed key: screenshots/amirishaque67_at_gmail.com/DSSFocus_Pro_Admin_Panel_Task/2025-06-10_20-37-16_2025-06-10_20-37-16.webp
2025-06-29 14:27:55,701 - WARNING - ⚠️ Skipping malformed key: screenshots/amirishaque67_at_gmail.com/DSSFocus_Pro_Admin_Panel_Task/2025-06-10_20-37-18_2025-06-10_20-37-18.webp
2025-06-29 14:27:55,701 - WARNING - ⚠️ Skipping malformed key: screenshots/amirishaque67_at_gmail.com/DSSFocus_Pro_Admin_Panel_Task/2025-06-10_20-37-25_2025-06-10_20-37-25.webp
2025-06-29 14:27:55,701 - WARNING - ⚠️ Skipping malformed key: screenshots/amirishaque67_at_gmail.com/DSSFocus_Pro_Admin_Panel_Task/2025-06-10_20-37-26_2025-06-10_20-37-26.webp
2025-06-29 14:27:55,701 - WARNING - ⚠️ Skipping malformed key: screenshots/amirishaque67_at_gmail.com/DSSFocus_Pro_Admin_Panel_Task/2025-06-10_20-37-33_2025-06-10_20-37-33.webp
2025-06-29 14:27:55,701 - WARNING - ⚠️ Skipping malformed key: screenshots/amirishaque67_at_gmail.com/DSSFocus_Pro_Admin_Panel_Task/2025-06-10_20-37-34_2025-06-10_20-37-34.webp
2025-06-29 14:27:55,702 - WARNING - ⚠️ Skipping malformed key: screenshots/amirishaque67_at_gmail.com/DSSFocus_Pro_Admin_Panel_Task/2025-06-10_20-37-41_2025-06-10_20-37-41.webp
2025-06-29 14:27:55,702 - WARNING - ⚠️ Skipping malformed key: screenshots/amirishaque67_at_gmail.com/DSSFocus_Pro_Admin_Panel_Task/2025-06-10_20-37-42_2025-06-10_20-37-42.webp
2025-06-29 14:27:55,702 - WARNING - ⚠️ Skipping malformed key: screenshots/amirishaque67_at_gmail.com/DSSFocus_Pro_Admin_Panel_Task/2025-06-10_20-37-50_2025-06-10_20-37-50.webp
2025-06-29 14:27:55,702 - WARNING - ⚠️ Skipping malformed key: screenshots/amirishaque67_at_gmail.com/DSSFocus_Pro_Admin_Panel_Task/2025-06-10_20-37-51_2025-06-10_20-37-50.webp
2025-06-29 14:27:55,702 - WARNING - ⚠️ Skipping malformed key: screenshots/amirishaque67_at_gmail.com/DSSFocus_Pro_Admin_Panel_Task/2025-06-10_20-37-59_2025-06-10_20-37-59.webp
2025-06-29 14:27:55,703 - WARNING - ⚠️ Skipping malformed key: screenshots/amirishaque67_at_gmail.com/DSSFocus_Pro_Admin_Panel_Task/2025-06-10_20-38-00_2025-06-10_20-37-59.webp
2025-06-29 14:27:55,703 - WARNING - ⚠️ Skipping malformed key: screenshots/amirishaque67_at_gmail.com/DSSFocus_Pro_Admin_Panel_Task/2025-06-10_20-38-07_2025-06-10_20-38-07.webp
2025-06-29 14:27:55,703 - WARNING - ⚠️ Skipping malformed key: screenshots/amirishaque67_at_gmail.com/DSSFocus_Pro_Admin_Panel_Task/2025-06-10_20-38-15_2025-06-10_20-38-15.webp
2025-06-29 14:27:55,703 - WARNING - ⚠️ Skipping malformed key: screenshots/amirishaque67_at_gmail.com/DSSFocus_Pro_Admin_Panel_Task/2025-06-10_20-38-24_2025-06-10_20-38-24.webp
2025-06-29 14:27:55,703 - WARNING - ⚠️ Skipping malformed key: screenshots/amirishaque67_at_gmail.com/DSSFocus_Pro_Admin_Panel_Task/2025-06-10_20-38-26_2025-06-10_20-38-26.webp
2025-06-29 14:27:55,703 - WARNING - ⚠️ Skipping malformed key: screenshots/amirishaque67_at_gmail.com/DSSFocus_Pro_Admin_Panel_Task/2025-06-10_20-38-32_2025-06-10_20-38-32.webp
2025-06-29 14:27:55,703 - WARNING - ⚠️ Skipping malformed key: screenshots/amirishaque67_at_gmail.com/DSSFocus_Pro_Admin_Panel_Task/2025-06-10_20-38-35_2025-06-10_20-38-35.webp
2025-06-29 14:27:55,703 - WARNING - ⚠️ Skipping malformed key: screenshots/amirishaque67_at_gmail.com/DSSFocus_Pro_Admin_Panel_Task/2025-06-10_20-38-40_2025-06-10_20-38-40.webp
2025-06-29 14:27:55,703 - WARNING - ⚠️ Skipping malformed key: screenshots/amirishaque67_at_gmail.com/DSSFocus_Pro_Admin_Panel_Task/2025-06-10_20-38-43_2025-06-10_20-38-43.webp
2025-06-29 14:27:55,703 - WARNING - ⚠️ Skipping malformed key: screenshots/amirishaque67_at_gmail.com/DSSFocus_Pro_Admin_Panel_Task/2025-06-10_20-38-48_2025-06-10_20-38-48.webp
2025-06-29 14:27:55,704 - WARNING - ⚠️ Skipping malformed key: screenshots/amirishaque67_at_gmail.com/DSSFocus_Pro_Admin_Panel_Task/2025-06-10_20-38-51_2025-06-10_20-38-51.webp
2025-06-29 14:27:55,704 - WARNING - ⚠️ Skipping malformed key: screenshots/amirishaque67_at_gmail.com/DSSFocus_Pro_Admin_Panel_Task/2025-06-10_20-38-56_2025-06-10_20-38-56.webp
2025-06-29 14:27:55,704 - WARNING - ⚠️ Skipping malformed key: screenshots/amirishaque67_at_gmail.com/DSSFocus_Pro_Admin_Panel_Task/2025-06-10_20-38-59_2025-06-10_20-38-59.webp
2025-06-29 14:27:55,704 - WARNING - ⚠️ Skipping malformed key: screenshots/amirishaque67_at_gmail.com/DSSFocus_Pro_Admin_Panel_Task/2025-06-10_20-39-04_2025-06-10_20-39-04.webp
2025-06-29 14:27:55,704 - WARNING - ⚠️ Skipping malformed key: screenshots/amirishaque67_at_gmail.com/DSSFocus_Pro_Admin_Panel_Task/2025-06-10_20-39-07_2025-06-10_20-39-07.webp
2025-06-29 14:27:55,704 - WARNING - ⚠️ Skipping malformed key: screenshots/amirishaque67_at_gmail.com/DSSFocus_Pro_Admin_Panel_Task/2025-06-10_20-39-13_2025-06-10_20-39-13.webp
2025-06-29 14:27:55,704 - WARNING - ⚠️ Skipping malformed key: screenshots/amirishaque67_at_gmail.com/DSSFocus_Pro_Admin_Panel_Task/2025-06-10_20-39-15_2025-06-10_20-39-15.webp
2025-06-29 14:27:55,704 - WARNING - ⚠️ Skipping malformed key: screenshots/amirishaque67_at_gmail.com/DSSFocus_Pro_Admin_Panel_Task/2025-06-10_20-39-21_2025-06-10_20-39-21.webp
2025-06-29 14:27:55,704 - WARNING - ⚠️ Skipping malformed key: screenshots/amirishaque67_at_gmail.com/DSSFocus_Pro_Admin_Panel_Task/2025-06-10_20-39-23_2025-06-10_20-39-23.webp
2025-06-29 14:27:55,704 - WARNING - ⚠️ Skipping malformed key: screenshots/amirishaque67_at_gmail.com/DSSFocus_Pro_Admin_Panel_Task/2025-06-10_20-39-30_2025-06-10_20-39-30.webp
2025-06-29 14:27:55,704 - WARNING - ⚠️ Skipping malformed key: screenshots/amirishaque67_at_gmail.com/DSSFocus_Pro_Admin_Panel_Task/2025-06-10_20-39-31_2025-06-10_20-39-31.webp
2025-06-29 14:27:55,704 - WARNING - ⚠️ Skipping malformed key: screenshots/amirishaque67_at_gmail.com/DSSFocus_Pro_Admin_Panel_Task/2025-06-10_20-39-38_2025-06-10_20-39-38.webp
2025-06-29 14:27:55,704 - WARNING - ⚠️ Skipping malformed key: screenshots/amirishaque67_at_gmail.com/DSSFocus_Pro_Admin_Panel_Task/2025-06-10_20-39-40_2025-06-10_20-39-40.webp
2025-06-29 14:27:55,704 - WARNING - ⚠️ Skipping malformed key: screenshots/amirishaque67_at_gmail.com/DSSFocus_Pro_Admin_Panel_Task/2025-06-10_20-39-47_2025-06-10_20-39-47.webp
2025-06-29 14:27:55,705 - WARNING - ⚠️ Skipping malformed key: screenshots/amirishaque67_at_gmail.com/DSSFocus_Pro_Admin_Panel_Task/2025-06-10_20-39-48_2025-06-10_20-39-48.webp
2025-06-29 14:27:55,705 - WARNING - ⚠️ Skipping malformed key: screenshots/amirishaque67_at_gmail.com/DSSFocus_Pro_Admin_Panel_Task/2025-06-10_20-39-55_2025-06-10_20-39-55.webp
2025-06-29 14:27:55,705 - WARNING - ⚠️ Skipping malformed key: screenshots/amirishaque67_at_gmail.com/DSSFocus_Pro_Admin_Panel_Task/2025-06-10_20-39-56_2025-06-10_20-39-56.webp
2025-06-29 14:27:55,705 - WARNING - ⚠️ Skipping malformed key: screenshots/amirishaque67_at_gmail.com/DSSFocus_Pro_Admin_Panel_Task/2025-06-10_20-40-03_2025-06-10_20-40-03.webp
2025-06-29 14:27:55,705 - WARNING - ⚠️ Skipping malformed key: screenshots/amirishaque67_at_gmail.com/DSSFocus_Pro_Admin_Panel_Task/2025-06-10_20-40-04_2025-06-10_20-40-04.webp
2025-06-29 14:27:55,705 - WARNING - ⚠️ Skipping malformed key: screenshots/amirishaque67_at_gmail.com/DSSFocus_Pro_Admin_Panel_Task/2025-06-10_20-40-13_2025-06-10_20-40-12.webp
2025-06-29 14:27:55,705 - WARNING - ⚠️ Skipping malformed key: screenshots/amirishaque67_at_gmail.com/DSSFocus_Pro_Admin_Panel_Task/2025-06-10_20-40-20_2025-06-10_20-40-20.webp
2025-06-29 14:27:55,705 - WARNING - ⚠️ Skipping malformed key: screenshots/amirishaque67_at_gmail.com/DSSFocus_Pro_Admin_Panel_Task/2025-06-10_20-40-21_2025-06-10_20-40-21.webp
2025-06-29 14:27:55,705 - WARNING - ⚠️ Skipping malformed key: screenshots/amirishaque67_at_gmail.com/DSSFocus_Pro_Admin_Panel_Task/2025-06-10_20-40-29_2025-06-10_20-40-29.webp
2025-06-29 14:27:55,705 - WARNING - ⚠️ Skipping malformed key: screenshots/amirishaque67_at_gmail.com/DSSFocus_Pro_Admin_Panel_Task/2025-06-10_20-40-38_2025-06-10_20-40-38.webp
2025-06-29 14:27:55,705 - WARNING - ⚠️ Skipping malformed key: screenshots/amirishaque67_at_gmail.com/DSSFocus_Pro_Admin_Panel_Task/2025-06-10_20-40-39_2025-06-10_20-40-39.webp
2025-06-29 14:27:55,706 - WARNING - ⚠️ Skipping malformed key: screenshots/amirishaque67_at_gmail.com/DSSFocus_Pro_Admin_Panel_Task/2025-06-10_20-40-47_2025-06-10_20-40-47.webp
2025-06-29 14:27:55,706 - WARNING - ⚠️ Skipping malformed key: screenshots/amirishaque67_at_gmail.com/DSSFocus_Pro_Admin_Panel_Task/2025-06-10_20-40-48_2025-06-10_20-40-48.webp
2025-06-29 14:27:55,706 - WARNING - ⚠️ Skipping malformed key: screenshots/amirishaque67_at_gmail.com/DSSFocus_Pro_Admin_Panel_Task/2025-06-10_20-40-56_2025-06-10_20-40-55.webp
2025-06-29 14:27:55,706 - WARNING - ⚠️ Skipping malformed key: screenshots/amirishaque67_at_gmail.com/DSSFocus_Pro_Admin_Panel_Task/2025-06-10_20-40-57_2025-06-10_20-40-57.webp
2025-06-29 14:27:55,706 - WARNING - ⚠️ Skipping malformed key: screenshots/amirishaque67_at_gmail.com/DSSFocus_Pro_Admin_Panel_Task/2025-06-10_20-41-04_2025-06-10_20-41-04.webp
2025-06-29 14:27:55,706 - WARNING - ⚠️ Skipping malformed key: screenshots/amirishaque67_at_gmail.com/DSSFocus_Pro_Admin_Panel_Task/2025-06-10_20-41-06_2025-06-10_20-41-06.webp
2025-06-29 14:27:55,706 - WARNING - ⚠️ Skipping malformed key: screenshots/amirishaque67_at_gmail.com/DSSFocus_Pro_Admin_Panel_Task/2025-06-10_20-41-13_2025-06-10_20-41-13.webp
2025-06-29 14:27:55,707 - WARNING - ⚠️ Skipping malformed key: screenshots/amirishaque67_at_gmail.com/DSSFocus_Pro_Admin_Panel_Task/2025-06-10_20-41-15_2025-06-10_20-41-14.webp
2025-06-29 14:27:55,708 - WARNING - ⚠️ Skipping malformed key: screenshots/amirishaque67_at_gmail.com/DSSFocus_Pro_Admin_Panel_Task/2025-06-10_20-41-22_2025-06-10_20-41-22.webp
2025-06-29 14:27:55,708 - WARNING - ⚠️ Skipping malformed key: screenshots/amirishaque67_at_gmail.com/DSSFocus_Pro_Admin_Panel_Task/2025-06-10_20-41-23_2025-06-10_20-41-23.webp
2025-06-29 14:27:55,708 - WARNING - ⚠️ Skipping malformed key: screenshots/amirishaque67_at_gmail.com/DSSFocus_Pro_Admin_Panel_Task/2025-06-10_20-41-32_2025-06-10_20-41-32.webp
2025-06-29 14:27:55,708 - WARNING - ⚠️ Skipping malformed key: screenshots/amirishaque67_at_gmail.com/DSSFocus_Pro_Admin_Panel_Task/2025-06-10_20-41-33_2025-06-10_20-41-32.webp
2025-06-29 14:27:55,708 - WARNING - ⚠️ Skipping malformed key: screenshots/amirishaque67_at_gmail.com/DSSFocus_Pro_Admin_Panel_Task/2025-06-10_20-41-40_2025-06-10_20-41-40.webp
2025-06-29 14:27:55,708 - WARNING - ⚠️ Skipping malformed key: screenshots/amirishaque67_at_gmail.com/DSSFocus_Pro_Admin_Panel_Task/2025-06-10_20-41-41_2025-06-10_20-41-41.webp
2025-06-29 14:27:55,708 - WARNING - ⚠️ Skipping malformed key: screenshots/amirishaque67_at_gmail.com/DSSFocus_Pro_Admin_Panel_Task/2025-06-10_20-41-49_2025-06-10_20-41-48.webp
2025-06-29 14:27:55,708 - WARNING - ⚠️ Skipping malformed key: screenshots/amirishaque67_at_gmail.com/DSSFocus_Pro_Admin_Panel_Task/2025-06-10_20-41-49_2025-06-10_20-41-49.webp
2025-06-29 14:27:55,709 - WARNING - ⚠️ Skipping malformed key: screenshots/amirishaque67_at_gmail.com/DSSFocus_Pro_Admin_Panel_Task/2025-06-10_20-41-57_2025-06-10_20-41-57.webp
2025-06-29 14:27:55,709 - WARNING - ⚠️ Skipping malformed key: screenshots/amirishaque67_at_gmail.com/DSSFocus_Pro_Admin_Panel_Task/2025-06-10_20-41-58_2025-06-10_20-41-58.webp
2025-06-29 14:27:55,709 - WARNING - ⚠️ Skipping malformed key: screenshots/amirishaque67_at_gmail.com/DSSFocus_Pro_Admin_Panel_Task/2025-06-10_20-42-06_2025-06-10_20-42-06.webp
2025-06-29 14:27:55,709 - WARNING - ⚠️ Skipping malformed key: screenshots/amirishaque67_at_gmail.com/DSSFocus_Pro_Admin_Panel_Task/2025-06-10_20-42-14_2025-06-10_20-42-14.webp
2025-06-29 14:27:55,709 - WARNING - ⚠️ Skipping malformed key: screenshots/amirishaque67_at_gmail.com/DSSFocus_Pro_Admin_Panel_Task/2025-06-10_20-42-15_2025-06-10_20-42-15.webp
2025-06-29 14:27:55,709 - INFO - 📊 Processed 1000 objects...
2025-06-29 14:27:55,709 - WARNING - ⚠️ Skipping malformed key: screenshots/amirishaque67_at_gmail.com/DSSFocus_Pro_Admin_Panel_Task/2025-06-10_20-42-23_2025-06-10_20-42-23.webp
2025-06-29 14:27:55,709 - INFO - ✅ Program analysis completed. Processed 1000 objects.
2025-06-29 14:28:07,350 - INFO - 🔍 Starting program analysis from bucket 'ddsfocustime'
2025-06-29 14:28:08,558 - WARNING - ⚠️ Skipping malformed key: screenshots/amirishaque67_at_gmail.com/DDSFocusPro_v1.3/2025-06-16_15-44-33_2025-06-16_15-44-32.webp
2025-06-29 14:28:08,558 - WARNING - ⚠️ Skipping malformed key: screenshots/amirishaque67_at_gmail.com/DDSFocusPro_v1.3/2025-06-16_15-44-42_2025-06-16_15-44-41.webp
2025-06-29 14:28:08,558 - WARNING - ⚠️ Skipping malformed key: screenshots/amirishaque67_at_gmail.com/DDSFocusPro_v1.3/2025-06-16_15-44-56_2025-06-16_15-44-56.webp
2025-06-29 14:28:08,558 - WARNING - ⚠️ Skipping malformed key: screenshots/amirishaque67_at_gmail.com/DSSFocus_Pro_Admin_Panel_Task/2025-06-10_17-48-25_2025-06-10_17-48-25.webp
2025-06-29 14:28:08,558 - WARNING - ⚠️ Skipping malformed key: screenshots/amirishaque67_at_gmail.com/DSSFocus_Pro_Admin_Panel_Task/2025-06-10_17-48-35_2025-06-10_17-48-34.webp
2025-06-29 14:28:08,558 - WARNING - ⚠️ Skipping malformed key: screenshots/amirishaque67_at_gmail.com/DSSFocus_Pro_Admin_Panel_Task/2025-06-10_17-48-44_2025-06-10_17-48-44.webp
2025-06-29 14:28:08,558 - WARNING - ⚠️ Skipping malformed key: screenshots/amirishaque67_at_gmail.com/DSSFocus_Pro_Admin_Panel_Task/2025-06-10_17-48-53_2025-06-10_17-48-53.webp
2025-06-29 14:28:08,559 - WARNING - ⚠️ Skipping malformed key: screenshots/amirishaque67_at_gmail.com/DSSFocus_Pro_Admin_Panel_Task/2025-06-10_17-49-02_2025-06-10_17-49-02.webp
2025-06-29 14:28:08,559 - WARNING - ⚠️ Skipping malformed key: screenshots/amirishaque67_at_gmail.com/DSSFocus_Pro_Admin_Panel_Task/2025-06-10_17-49-11_2025-06-10_17-49-11.webp
2025-06-29 14:28:08,559 - INFO - ✅ Program analysis completed. Processed 10 objects.
2025-06-29 14:28:08,560 - INFO - 💾 Analysis saved to test_analysis.json
2025-06-29 14:29:10,378 - INFO - 🔍 Starting program analysis from bucket 'ddsfocustime'
2025-06-29 14:29:11,599 - WARNING - ⚠️ Skipping malformed key: screenshots/amirishaque67_at_gmail.com/DDSFocusPro_v1.3/2025-06-16_15-44-33_2025-06-16_15-44-32.webp
2025-06-29 14:29:11,599 - WARNING - ⚠️ Skipping malformed key: screenshots/amirishaque67_at_gmail.com/DDSFocusPro_v1.3/2025-06-16_15-44-42_2025-06-16_15-44-41.webp
2025-06-29 14:29:11,599 - WARNING - ⚠️ Skipping malformed key: screenshots/amirishaque67_at_gmail.com/DDSFocusPro_v1.3/2025-06-16_15-44-56_2025-06-16_15-44-56.webp
2025-06-29 14:29:11,600 - WARNING - ⚠️ Skipping malformed key: screenshots/amirishaque67_at_gmail.com/DSSFocus_Pro_Admin_Panel_Task/2025-06-10_17-48-25_2025-06-10_17-48-25.webp
2025-06-29 14:29:11,600 - WARNING - ⚠️ Skipping malformed key: screenshots/amirishaque67_at_gmail.com/DSSFocus_Pro_Admin_Panel_Task/2025-06-10_17-48-35_2025-06-10_17-48-34.webp
2025-06-29 14:29:11,600 - WARNING - ⚠️ Skipping malformed key: screenshots/amirishaque67_at_gmail.com/DSSFocus_Pro_Admin_Panel_Task/2025-06-10_17-48-44_2025-06-10_17-48-44.webp
2025-06-29 14:29:11,600 - WARNING - ⚠️ Skipping malformed key: screenshots/amirishaque67_at_gmail.com/DSSFocus_Pro_Admin_Panel_Task/2025-06-10_17-48-53_2025-06-10_17-48-53.webp
2025-06-29 14:29:11,600 - WARNING - ⚠️ Skipping malformed key: screenshots/amirishaque67_at_gmail.com/DSSFocus_Pro_Admin_Panel_Task/2025-06-10_17-49-02_2025-06-10_17-49-02.webp
2025-06-29 14:29:11,600 - WARNING - ⚠️ Skipping malformed key: screenshots/amirishaque67_at_gmail.com/DSSFocus_Pro_Admin_Panel_Task/2025-06-10_17-49-11_2025-06-10_17-49-11.webp
2025-06-29 14:29:11,600 - WARNING - ⚠️ Skipping malformed key: screenshots/amirishaque67_at_gmail.com/DSSFocus_Pro_Admin_Panel_Task/2025-06-10_17-49-22_2025-06-10_17-49-21.webp
2025-06-29 14:29:11,600 - WARNING - ⚠️ Skipping malformed key: screenshots/amirishaque67_at_gmail.com/DSSFocus_Pro_Admin_Panel_Task/2025-06-10_17-49-31_2025-06-10_17-49-30.webp
2025-06-29 14:29:11,600 - WARNING - ⚠️ Skipping malformed key: screenshots/amirishaque67_at_gmail.com/DSSFocus_Pro_Admin_Panel_Task/2025-06-10_17-49-40_2025-06-10_17-49-40.webp
2025-06-29 14:29:11,600 - WARNING - ⚠️ Skipping malformed key: screenshots/amirishaque67_at_gmail.com/DSSFocus_Pro_Admin_Panel_Task/2025-06-10_17-49-50_2025-06-10_17-49-50.webp
2025-06-29 14:29:11,600 - WARNING - ⚠️ Skipping malformed key: screenshots/amirishaque67_at_gmail.com/DSSFocus_Pro_Admin_Panel_Task/2025-06-10_17-49-59_2025-06-10_17-49-59.webp
2025-06-29 14:29:11,600 - WARNING - ⚠️ Skipping malformed key: screenshots/amirishaque67_at_gmail.com/DSSFocus_Pro_Admin_Panel_Task/2025-06-10_17-50-08_2025-06-10_17-50-08.webp
2025-06-29 14:29:11,600 - WARNING - ⚠️ Skipping malformed key: screenshots/amirishaque67_at_gmail.com/DSSFocus_Pro_Admin_Panel_Task/2025-06-10_17-50-17_2025-06-10_17-50-17.webp
2025-06-29 14:29:11,600 - WARNING - ⚠️ Skipping malformed key: screenshots/amirishaque67_at_gmail.com/DSSFocus_Pro_Admin_Panel_Task/2025-06-10_17-50-26_2025-06-10_17-50-26.webp
2025-06-29 14:29:11,601 - WARNING - ⚠️ Skipping malformed key: screenshots/amirishaque67_at_gmail.com/DSSFocus_Pro_Admin_Panel_Task/2025-06-10_17-50-35_2025-06-10_17-50-35.webp
2025-06-29 14:29:11,601 - WARNING - ⚠️ Skipping malformed key: screenshots/amirishaque67_at_gmail.com/DSSFocus_Pro_Admin_Panel_Task/2025-06-10_17-50-45_2025-06-10_17-50-45.webp
2025-06-29 14:29:11,601 - WARNING - ⚠️ Skipping malformed key: screenshots/amirishaque67_at_gmail.com/DSSFocus_Pro_Admin_Panel_Task/2025-06-10_17-50-54_2025-06-10_17-50-54.webp
2025-06-29 14:29:11,601 - WARNING - ⚠️ Skipping malformed key: screenshots/amirishaque67_at_gmail.com/DSSFocus_Pro_Admin_Panel_Task/2025-06-10_17-51-03_2025-06-10_17-51-03.webp
2025-06-29 14:29:11,601 - WARNING - ⚠️ Skipping malformed key: screenshots/amirishaque67_at_gmail.com/DSSFocus_Pro_Admin_Panel_Task/2025-06-10_17-51-12_2025-06-10_17-51-12.webp
2025-06-29 14:29:11,601 - WARNING - ⚠️ Skipping malformed key: screenshots/amirishaque67_at_gmail.com/DSSFocus_Pro_Admin_Panel_Task/2025-06-10_17-51-21_2025-06-10_17-51-20.webp
2025-06-29 14:29:11,601 - WARNING - ⚠️ Skipping malformed key: screenshots/amirishaque67_at_gmail.com/DSSFocus_Pro_Admin_Panel_Task/2025-06-10_17-51-29_2025-06-10_17-51-29.webp
2025-06-29 14:29:11,601 - WARNING - ⚠️ Skipping malformed key: screenshots/amirishaque67_at_gmail.com/DSSFocus_Pro_Admin_Panel_Task/2025-06-10_17-51-39_2025-06-10_17-51-38.webp
2025-06-29 14:29:11,601 - WARNING - ⚠️ Skipping malformed key: screenshots/amirishaque67_at_gmail.com/DSSFocus_Pro_Admin_Panel_Task/2025-06-10_17-51-49_2025-06-10_17-51-49.webp
2025-06-29 14:29:11,601 - WARNING - ⚠️ Skipping malformed key: screenshots/amirishaque67_at_gmail.com/DSSFocus_Pro_Admin_Panel_Task/2025-06-10_17-51-57_2025-06-10_17-51-57.webp
2025-06-29 14:29:11,601 - WARNING - ⚠️ Skipping malformed key: screenshots/amirishaque67_at_gmail.com/DSSFocus_Pro_Admin_Panel_Task/2025-06-10_17-52-07_2025-06-10_17-52-07.webp
2025-06-29 14:29:11,601 - WARNING - ⚠️ Skipping malformed key: screenshots/amirishaque67_at_gmail.com/DSSFocus_Pro_Admin_Panel_Task/2025-06-10_17-52-16_2025-06-10_17-52-15.webp
2025-06-29 14:29:11,601 - WARNING - ⚠️ Skipping malformed key: screenshots/amirishaque67_at_gmail.com/DSSFocus_Pro_Admin_Panel_Task/2025-06-10_17-52-25_2025-06-10_17-52-25.webp
2025-06-29 14:29:11,601 - WARNING - ⚠️ Skipping malformed key: screenshots/amirishaque67_at_gmail.com/DSSFocus_Pro_Admin_Panel_Task/2025-06-10_17-52-36_2025-06-10_17-52-35.webp
2025-06-29 14:29:11,602 - WARNING - ⚠️ Skipping malformed key: screenshots/amirishaque67_at_gmail.com/DSSFocus_Pro_Admin_Panel_Task/2025-06-10_17-52-44_2025-06-10_17-52-44.webp
2025-06-29 14:29:11,602 - WARNING - ⚠️ Skipping malformed key: screenshots/amirishaque67_at_gmail.com/DSSFocus_Pro_Admin_Panel_Task/2025-06-10_17-52-55_2025-06-10_17-52-55.webp
2025-06-29 14:29:11,602 - WARNING - ⚠️ Skipping malformed key: screenshots/amirishaque67_at_gmail.com/DSSFocus_Pro_Admin_Panel_Task/2025-06-10_17-53-04_2025-06-10_17-53-04.webp
2025-06-29 14:29:11,602 - WARNING - ⚠️ Skipping malformed key: screenshots/amirishaque67_at_gmail.com/DSSFocus_Pro_Admin_Panel_Task/2025-06-10_17-53-13_2025-06-10_17-53-13.webp
2025-06-29 14:29:11,602 - WARNING - ⚠️ Skipping malformed key: screenshots/amirishaque67_at_gmail.com/DSSFocus_Pro_Admin_Panel_Task/2025-06-10_17-53-22_2025-06-10_17-53-22.webp
2025-06-29 14:29:11,602 - WARNING - ⚠️ Skipping malformed key: screenshots/amirishaque67_at_gmail.com/DSSFocus_Pro_Admin_Panel_Task/2025-06-10_17-53-31_2025-06-10_17-53-31.webp
2025-06-29 14:29:11,602 - WARNING - ⚠️ Skipping malformed key: screenshots/amirishaque67_at_gmail.com/DSSFocus_Pro_Admin_Panel_Task/2025-06-10_17-53-40_2025-06-10_17-53-40.webp
2025-06-29 14:29:11,602 - WARNING - ⚠️ Skipping malformed key: screenshots/amirishaque67_at_gmail.com/DSSFocus_Pro_Admin_Panel_Task/2025-06-10_17-53-49_2025-06-10_17-53-49.webp
2025-06-29 14:29:11,602 - WARNING - ⚠️ Skipping malformed key: screenshots/amirishaque67_at_gmail.com/DSSFocus_Pro_Admin_Panel_Task/2025-06-10_17-53-59_2025-06-10_17-53-58.webp
2025-06-29 14:29:11,602 - WARNING - ⚠️ Skipping malformed key: screenshots/amirishaque67_at_gmail.com/DSSFocus_Pro_Admin_Panel_Task/2025-06-10_17-54-07_2025-06-10_17-54-07.webp
2025-06-29 14:29:11,602 - WARNING - ⚠️ Skipping malformed key: screenshots/amirishaque67_at_gmail.com/DSSFocus_Pro_Admin_Panel_Task/2025-06-10_17-54-16_2025-06-10_17-54-16.webp
2025-06-29 14:29:11,602 - WARNING - ⚠️ Skipping malformed key: screenshots/amirishaque67_at_gmail.com/DSSFocus_Pro_Admin_Panel_Task/2025-06-10_17-54-26_2025-06-10_17-54-26.webp
2025-06-29 14:29:11,603 - WARNING - ⚠️ Skipping malformed key: screenshots/amirishaque67_at_gmail.com/DSSFocus_Pro_Admin_Panel_Task/2025-06-10_17-54-36_2025-06-10_17-54-35.webp
2025-06-29 14:29:11,603 - WARNING - ⚠️ Skipping malformed key: screenshots/amirishaque67_at_gmail.com/DSSFocus_Pro_Admin_Panel_Task/2025-06-10_17-54-45_2025-06-10_17-54-45.webp
2025-06-29 14:29:11,603 - WARNING - ⚠️ Skipping malformed key: screenshots/amirishaque67_at_gmail.com/DSSFocus_Pro_Admin_Panel_Task/2025-06-10_17-54-55_2025-06-10_17-54-54.webp
2025-06-29 14:29:11,603 - WARNING - ⚠️ Skipping malformed key: screenshots/amirishaque67_at_gmail.com/DSSFocus_Pro_Admin_Panel_Task/2025-06-10_17-55-04_2025-06-10_17-55-04.webp
2025-06-29 14:29:11,603 - WARNING - ⚠️ Skipping malformed key: screenshots/amirishaque67_at_gmail.com/DSSFocus_Pro_Admin_Panel_Task/2025-06-10_17-55-14_2025-06-10_17-55-14.webp
2025-06-29 14:29:11,603 - WARNING - ⚠️ Skipping malformed key: screenshots/amirishaque67_at_gmail.com/DSSFocus_Pro_Admin_Panel_Task/2025-06-10_17-55-23_2025-06-10_17-55-23.webp
2025-06-29 14:29:11,603 - WARNING - ⚠️ Skipping malformed key: screenshots/amirishaque67_at_gmail.com/DSSFocus_Pro_Admin_Panel_Task/2025-06-10_17-55-33_2025-06-10_17-55-33.webp
2025-06-29 14:29:11,603 - WARNING - ⚠️ Skipping malformed key: screenshots/amirishaque67_at_gmail.com/DSSFocus_Pro_Admin_Panel_Task/2025-06-10_17-55-46_2025-06-10_17-55-46.webp
2025-06-29 14:29:11,603 - WARNING - ⚠️ Skipping malformed key: screenshots/amirishaque67_at_gmail.com/DSSFocus_Pro_Admin_Panel_Task/2025-06-10_17-55-58_2025-06-10_17-55-57.webp
2025-06-29 14:29:11,603 - WARNING - ⚠️ Skipping malformed key: screenshots/amirishaque67_at_gmail.com/DSSFocus_Pro_Admin_Panel_Task/2025-06-10_17-56-07_2025-06-10_17-56-07.webp
2025-06-29 14:29:11,603 - WARNING - ⚠️ Skipping malformed key: screenshots/amirishaque67_at_gmail.com/DSSFocus_Pro_Admin_Panel_Task/2025-06-10_17-56-16_2025-06-10_17-56-16.webp
2025-06-29 14:29:11,603 - WARNING - ⚠️ Skipping malformed key: screenshots/amirishaque67_at_gmail.com/DSSFocus_Pro_Admin_Panel_Task/2025-06-10_17-56-26_2025-06-10_17-56-25.webp
2025-06-29 14:29:11,603 - WARNING - ⚠️ Skipping malformed key: screenshots/amirishaque67_at_gmail.com/DSSFocus_Pro_Admin_Panel_Task/2025-06-10_17-56-35_2025-06-10_17-56-35.webp
2025-06-29 14:29:11,603 - WARNING - ⚠️ Skipping malformed key: screenshots/amirishaque67_at_gmail.com/DSSFocus_Pro_Admin_Panel_Task/2025-06-10_17-56-44_2025-06-10_17-56-44.webp
2025-06-29 14:29:11,604 - WARNING - ⚠️ Skipping malformed key: screenshots/amirishaque67_at_gmail.com/DSSFocus_Pro_Admin_Panel_Task/2025-06-10_17-56-54_2025-06-10_17-56-53.webp
2025-06-29 14:29:11,604 - WARNING - ⚠️ Skipping malformed key: screenshots/amirishaque67_at_gmail.com/DSSFocus_Pro_Admin_Panel_Task/2025-06-10_17-57-03_2025-06-10_17-57-02.webp
2025-06-29 14:29:11,604 - WARNING - ⚠️ Skipping malformed key: screenshots/amirishaque67_at_gmail.com/DSSFocus_Pro_Admin_Panel_Task/2025-06-10_17-57-12_2025-06-10_17-57-12.webp
2025-06-29 14:29:11,604 - WARNING - ⚠️ Skipping malformed key: screenshots/amirishaque67_at_gmail.com/DSSFocus_Pro_Admin_Panel_Task/2025-06-10_17-57-21_2025-06-10_17-57-21.webp
2025-06-29 14:29:11,604 - WARNING - ⚠️ Skipping malformed key: screenshots/amirishaque67_at_gmail.com/DSSFocus_Pro_Admin_Panel_Task/2025-06-10_17-57-30_2025-06-10_17-57-30.webp
2025-06-29 14:29:11,604 - WARNING - ⚠️ Skipping malformed key: screenshots/amirishaque67_at_gmail.com/DSSFocus_Pro_Admin_Panel_Task/2025-06-10_17-57-40_2025-06-10_17-57-39.webp
2025-06-29 14:29:11,604 - WARNING - ⚠️ Skipping malformed key: screenshots/amirishaque67_at_gmail.com/DSSFocus_Pro_Admin_Panel_Task/2025-06-10_17-57-49_2025-06-10_17-57-49.webp
2025-06-29 14:29:11,604 - WARNING - ⚠️ Skipping malformed key: screenshots/amirishaque67_at_gmail.com/DSSFocus_Pro_Admin_Panel_Task/2025-06-10_17-58-00_2025-06-10_17-58-00.webp
2025-06-29 14:29:11,604 - WARNING - ⚠️ Skipping malformed key: screenshots/amirishaque67_at_gmail.com/DSSFocus_Pro_Admin_Panel_Task/2025-06-10_17-58-09_2025-06-10_17-58-09.webp
2025-06-29 14:29:11,604 - WARNING - ⚠️ Skipping malformed key: screenshots/amirishaque67_at_gmail.com/DSSFocus_Pro_Admin_Panel_Task/2025-06-10_17-58-18_2025-06-10_17-58-18.webp
2025-06-29 14:29:11,604 - WARNING - ⚠️ Skipping malformed key: screenshots/amirishaque67_at_gmail.com/DSSFocus_Pro_Admin_Panel_Task/2025-06-10_17-58-28_2025-06-10_17-58-27.webp
2025-06-29 14:29:11,604 - WARNING - ⚠️ Skipping malformed key: screenshots/amirishaque67_at_gmail.com/DSSFocus_Pro_Admin_Panel_Task/2025-06-10_17-58-39_2025-06-10_17-58-39.webp
2025-06-29 14:29:11,605 - WARNING - ⚠️ Skipping malformed key: screenshots/amirishaque67_at_gmail.com/DSSFocus_Pro_Admin_Panel_Task/2025-06-10_17-58-48_2025-06-10_17-58-48.webp
2025-06-29 14:29:11,605 - WARNING - ⚠️ Skipping malformed key: screenshots/amirishaque67_at_gmail.com/DSSFocus_Pro_Admin_Panel_Task/2025-06-10_17-58-59_2025-06-10_17-58-58.webp
2025-06-29 14:29:11,605 - WARNING - ⚠️ Skipping malformed key: screenshots/amirishaque67_at_gmail.com/DSSFocus_Pro_Admin_Panel_Task/2025-06-10_17-59-10_2025-06-10_17-59-09.webp
2025-06-29 14:29:11,605 - WARNING - ⚠️ Skipping malformed key: screenshots/amirishaque67_at_gmail.com/DSSFocus_Pro_Admin_Panel_Task/2025-06-10_17-59-20_2025-06-10_17-59-20.webp
2025-06-29 14:29:11,605 - WARNING - ⚠️ Skipping malformed key: screenshots/amirishaque67_at_gmail.com/DSSFocus_Pro_Admin_Panel_Task/2025-06-10_17-59-30_2025-06-10_17-59-30.webp
2025-06-29 14:29:11,605 - WARNING - ⚠️ Skipping malformed key: screenshots/amirishaque67_at_gmail.com/DSSFocus_Pro_Admin_Panel_Task/2025-06-10_17-59-40_2025-06-10_17-59-39.webp
2025-06-29 14:29:11,605 - WARNING - ⚠️ Skipping malformed key: screenshots/amirishaque67_at_gmail.com/DSSFocus_Pro_Admin_Panel_Task/2025-06-10_17-59-50_2025-06-10_17-59-49.webp
2025-06-29 14:29:11,605 - WARNING - ⚠️ Skipping malformed key: screenshots/amirishaque67_at_gmail.com/DSSFocus_Pro_Admin_Panel_Task/2025-06-10_18-00-04_2025-06-10_18-00-04.webp
2025-06-29 14:29:11,605 - WARNING - ⚠️ Skipping malformed key: screenshots/amirishaque67_at_gmail.com/DSSFocus_Pro_Admin_Panel_Task/2025-06-10_18-00-14_2025-06-10_18-00-14.webp
2025-06-29 14:29:11,606 - WARNING - ⚠️ Skipping malformed key: screenshots/amirishaque67_at_gmail.com/DSSFocus_Pro_Admin_Panel_Task/2025-06-10_18-00-24_2025-06-10_18-00-24.webp
2025-06-29 14:29:11,606 - WARNING - ⚠️ Skipping malformed key: screenshots/amirishaque67_at_gmail.com/DSSFocus_Pro_Admin_Panel_Task/2025-06-10_18-00-34_2025-06-10_18-00-33.webp
2025-06-29 14:29:11,606 - WARNING - ⚠️ Skipping malformed key: screenshots/amirishaque67_at_gmail.com/DSSFocus_Pro_Admin_Panel_Task/2025-06-10_18-00-43_2025-06-10_18-00-43.webp
2025-06-29 14:29:11,606 - WARNING - ⚠️ Skipping malformed key: screenshots/amirishaque67_at_gmail.com/DSSFocus_Pro_Admin_Panel_Task/2025-06-10_18-00-53_2025-06-10_18-00-53.webp
2025-06-29 14:29:11,606 - WARNING - ⚠️ Skipping malformed key: screenshots/amirishaque67_at_gmail.com/DSSFocus_Pro_Admin_Panel_Task/2025-06-10_18-01-06_2025-06-10_18-01-06.webp
2025-06-29 14:29:11,606 - WARNING - ⚠️ Skipping malformed key: screenshots/amirishaque67_at_gmail.com/DSSFocus_Pro_Admin_Panel_Task/2025-06-10_18-01-15_2025-06-10_18-01-15.webp
2025-06-29 14:29:11,606 - WARNING - ⚠️ Skipping malformed key: screenshots/amirishaque67_at_gmail.com/DSSFocus_Pro_Admin_Panel_Task/2025-06-10_18-01-51_2025-06-10_18-01-51.webp
2025-06-29 14:29:11,607 - WARNING - ⚠️ Skipping malformed key: screenshots/amirishaque67_at_gmail.com/DSSFocus_Pro_Admin_Panel_Task/2025-06-10_18-02-01_2025-06-10_18-02-01.webp
2025-06-29 14:29:11,607 - WARNING - ⚠️ Skipping malformed key: screenshots/amirishaque67_at_gmail.com/DSSFocus_Pro_Admin_Panel_Task/2025-06-10_18-02-10_2025-06-10_18-02-10.webp
2025-06-29 14:29:11,607 - WARNING - ⚠️ Skipping malformed key: screenshots/amirishaque67_at_gmail.com/DSSFocus_Pro_Admin_Panel_Task/2025-06-10_18-02-19_2025-06-10_18-02-19.webp
2025-06-29 14:29:11,607 - WARNING - ⚠️ Skipping malformed key: screenshots/amirishaque67_at_gmail.com/DSSFocus_Pro_Admin_Panel_Task/2025-06-10_18-02-28_2025-06-10_18-02-28.webp
2025-06-29 14:29:11,607 - WARNING - ⚠️ Skipping malformed key: screenshots/amirishaque67_at_gmail.com/DSSFocus_Pro_Admin_Panel_Task/2025-06-10_18-02-37_2025-06-10_18-02-37.webp
2025-06-29 14:29:11,607 - WARNING - ⚠️ Skipping malformed key: screenshots/amirishaque67_at_gmail.com/DSSFocus_Pro_Admin_Panel_Task/2025-06-10_18-02-46_2025-06-10_18-02-46.webp
2025-06-29 14:29:11,607 - WARNING - ⚠️ Skipping malformed key: screenshots/amirishaque67_at_gmail.com/DSSFocus_Pro_Admin_Panel_Task/2025-06-10_18-02-55_2025-06-10_18-02-55.webp
2025-06-29 14:29:11,607 - WARNING - ⚠️ Skipping malformed key: screenshots/amirishaque67_at_gmail.com/DSSFocus_Pro_Admin_Panel_Task/2025-06-10_18-03-04_2025-06-10_18-03-04.webp
2025-06-29 14:29:11,607 - WARNING - ⚠️ Skipping malformed key: screenshots/amirishaque67_at_gmail.com/DSSFocus_Pro_Admin_Panel_Task/2025-06-10_18-03-17_2025-06-10_18-03-17.webp
2025-06-29 14:29:11,607 - WARNING - ⚠️ Skipping malformed key: screenshots/amirishaque67_at_gmail.com/DSSFocus_Pro_Admin_Panel_Task/2025-06-10_18-03-26_2025-06-10_18-03-26.webp
2025-06-29 14:29:11,607 - WARNING - ⚠️ Skipping malformed key: screenshots/amirishaque67_at_gmail.com/DSSFocus_Pro_Admin_Panel_Task/2025-06-10_18-03-35_2025-06-10_18-03-35.webp
2025-06-29 14:29:11,607 - WARNING - ⚠️ Skipping malformed key: screenshots/amirishaque67_at_gmail.com/DSSFocus_Pro_Admin_Panel_Task/2025-06-10_18-03-45_2025-06-10_18-03-44.webp
2025-06-29 14:29:11,607 - WARNING - ⚠️ Skipping malformed key: screenshots/amirishaque67_at_gmail.com/DSSFocus_Pro_Admin_Panel_Task/2025-06-10_18-03-54_2025-06-10_18-03-54.webp
2025-06-29 14:29:11,607 - WARNING - ⚠️ Skipping malformed key: screenshots/amirishaque67_at_gmail.com/DSSFocus_Pro_Admin_Panel_Task/2025-06-10_18-04-03_2025-06-10_18-04-03.webp
2025-06-29 14:29:11,608 - INFO - ✅ Program analysis completed. Processed 100 objects.
2025-06-29 14:30:27,292 - INFO - 🔍 Starting program analysis from bucket 'ddsfocustime'
2025-06-29 14:30:28,595 - INFO - ✅ Program analysis completed. Processed 50 objects.
2025-06-29 14:30:35,731 - INFO - 🔍 Starting program analysis from bucket 'ddsfocustime'
2025-06-29 14:30:36,895 - INFO - 📊 Processed 1000 objects...
2025-06-29 14:30:36,896 - INFO - ✅ Program analysis completed. Processed 1000 objects.
2025-06-29 14:30:52,927 - INFO - 🔍 Generating program report for user: amirishaque67@gmail.com
2025-06-29 14:30:54,209 - INFO - ✅ Generated program report for amirishaque67@gmail.com: 1000 screenshots
2025-06-29 14:30:54,210 - INFO - 💾 Analysis saved to user_program_report.json
2025-06-29 14:56:07,437 - ERROR - ❌ Error generating user program report: 'S3LogExtractor' object has no attribute '_get_user_data'
2025-06-29 14:56:07,439 - INFO - 💾 Analysis saved to test_user_report.json
2025-06-29 14:56:56,109 - INFO - 📊 Found 0 items for user amirishaque67@gmail.com
2025-06-29 14:56:56,115 - INFO - 💾 Analysis saved to test_user_report.json
2025-06-29 15:26:02,281 - INFO - 🔍 Starting program analysis from bucket 'ddsfocustime'
2025-06-29 15:26:03,435 - INFO - 📊 Processed 1000 objects...
2025-06-29 15:26:03,436 - INFO - ✅ Program analysis completed. Processed 1000 objects.
2025-06-29 15:47:44,534 - INFO - 🔍 Generating program report for user: haseebcodejourney@gmail.com
2025-06-29 15:47:45,615 - WARNING - ⚠️ Invalid date format in filename: DDSFocusPro_v1.1, error: time data 'DDSFocusPro' does not match format '%Y-%m-%d'
2025-06-29 15:47:45,615 - WARNING - ⚠️ Invalid date format in filename: DDSFocusPro_v1.1, error: time data 'DDSFocusPro' does not match format '%Y-%m-%d'
2025-06-29 15:47:45,615 - WARNING - ⚠️ Invalid date format in filename: DDSFocusPro_v1.1, error: time data 'DDSFocusPro' does not match format '%Y-%m-%d'
2025-06-29 15:47:45,615 - WARNING - ⚠️ Invalid date format in filename: DDSFocusPro_v1.1, error: time data 'DDSFocusPro' does not match format '%Y-%m-%d'
2025-06-29 15:47:45,616 - WARNING - ⚠️ Invalid date format in filename: DDSFocusPro_v1.1, error: time data 'DDSFocusPro' does not match format '%Y-%m-%d'
2025-06-29 15:47:45,616 - WARNING - ⚠️ Invalid date format in filename: DDSFocusPro_v1.1, error: time data 'DDSFocusPro' does not match format '%Y-%m-%d'
2025-06-29 15:47:45,616 - WARNING - ⚠️ Invalid date format in filename: DDSFocusPro_v1.1, error: time data 'DDSFocusPro' does not match format '%Y-%m-%d'
2025-06-29 15:47:45,616 - WARNING - ⚠️ Invalid date format in filename: DDSFocusPro_v1.1, error: time data 'DDSFocusPro' does not match format '%Y-%m-%d'
2025-06-29 15:47:45,616 - WARNING - ⚠️ Invalid date format in filename: DDSFocusPro_v1.1, error: time data 'DDSFocusPro' does not match format '%Y-%m-%d'
2025-06-29 15:47:45,616 - WARNING - ⚠️ Invalid date format in filename: DDSFocusPro_v1.1, error: time data 'DDSFocusPro' does not match format '%Y-%m-%d'
2025-06-29 15:47:45,616 - WARNING - ⚠️ Invalid date format in filename: DDSFocusPro_v1.1, error: time data 'DDSFocusPro' does not match format '%Y-%m-%d'
2025-06-29 15:47:45,616 - WARNING - ⚠️ Invalid date format in filename: DDSFocusPro_v1.1, error: time data 'DDSFocusPro' does not match format '%Y-%m-%d'
2025-06-29 15:47:45,616 - WARNING - ⚠️ Invalid date format in filename: DDSFocusPro_v1.1, error: time data 'DDSFocusPro' does not match format '%Y-%m-%d'
2025-06-29 15:47:45,617 - WARNING - ⚠️ Invalid date format in filename: DDSFocusPro_v1.1, error: time data 'DDSFocusPro' does not match format '%Y-%m-%d'
2025-06-29 15:47:45,617 - WARNING - ⚠️ Invalid date format in filename: DDSFocusPro_v1.1, error: time data 'DDSFocusPro' does not match format '%Y-%m-%d'
2025-06-29 15:47:45,617 - WARNING - ⚠️ Invalid date format in filename: DDSFocusPro_v1.1, error: time data 'DDSFocusPro' does not match format '%Y-%m-%d'
2025-06-29 15:47:45,617 - WARNING - ⚠️ Invalid date format in filename: DDSFocusPro_v1.1, error: time data 'DDSFocusPro' does not match format '%Y-%m-%d'
2025-06-29 15:47:45,617 - WARNING - ⚠️ Invalid date format in filename: DDSFocusPro_v1.1, error: time data 'DDSFocusPro' does not match format '%Y-%m-%d'
2025-06-29 15:47:45,617 - WARNING - ⚠️ Invalid date format in filename: DDSFocusPro_v1.1, error: time data 'DDSFocusPro' does not match format '%Y-%m-%d'
2025-06-29 15:47:45,617 - WARNING - ⚠️ Invalid date format in filename: DDSFocusPro_v1.1, error: time data 'DDSFocusPro' does not match format '%Y-%m-%d'
2025-06-29 15:47:45,617 - WARNING - ⚠️ Invalid date format in filename: DDSFocusPro_v1.1, error: time data 'DDSFocusPro' does not match format '%Y-%m-%d'
2025-06-29 15:47:45,617 - WARNING - ⚠️ Invalid date format in filename: DDSFocusPro_v1.1, error: time data 'DDSFocusPro' does not match format '%Y-%m-%d'
2025-06-29 15:47:45,617 - WARNING - ⚠️ Invalid date format in filename: DDSFocusPro_v1.1, error: time data 'DDSFocusPro' does not match format '%Y-%m-%d'
2025-06-29 15:47:45,617 - WARNING - ⚠️ Invalid date format in filename: DDSFocusPro_v1.1, error: time data 'DDSFocusPro' does not match format '%Y-%m-%d'
2025-06-29 15:47:45,618 - WARNING - ⚠️ Invalid date format in filename: DDSFocusPro_v1.1, error: time data 'DDSFocusPro' does not match format '%Y-%m-%d'
2025-06-29 15:47:45,618 - WARNING - ⚠️ Invalid date format in filename: DDSFocusPro_v1.1, error: time data 'DDSFocusPro' does not match format '%Y-%m-%d'
2025-06-29 15:47:45,618 - WARNING - ⚠️ Invalid date format in filename: DDSFocusPro_v1.1, error: time data 'DDSFocusPro' does not match format '%Y-%m-%d'
2025-06-29 15:47:45,618 - WARNING - ⚠️ Invalid date format in filename: DDSFocusPro_v1.1, error: time data 'DDSFocusPro' does not match format '%Y-%m-%d'
2025-06-29 15:47:45,618 - WARNING - ⚠️ Invalid date format in filename: DDSFocusPro_v1.1, error: time data 'DDSFocusPro' does not match format '%Y-%m-%d'
2025-06-29 15:47:45,618 - WARNING - ⚠️ Invalid date format in filename: DDSFocusPro_v1.1, error: time data 'DDSFocusPro' does not match format '%Y-%m-%d'
2025-06-29 15:47:45,618 - WARNING - ⚠️ Invalid date format in filename: DDSFocusPro_v1.1, error: time data 'DDSFocusPro' does not match format '%Y-%m-%d'
2025-06-29 15:47:45,618 - WARNING - ⚠️ Invalid date format in filename: DDSFocusPro_v1.1, error: time data 'DDSFocusPro' does not match format '%Y-%m-%d'
2025-06-29 15:47:45,618 - WARNING - ⚠️ Invalid date format in filename: DDSFocusPro_v1.1, error: time data 'DDSFocusPro' does not match format '%Y-%m-%d'
2025-06-29 15:47:45,618 - WARNING - ⚠️ Invalid date format in filename: DDSFocusPro_v1.1, error: time data 'DDSFocusPro' does not match format '%Y-%m-%d'
2025-06-29 15:47:45,618 - WARNING - ⚠️ Invalid date format in filename: DDSFocusPro_v1.1, error: time data 'DDSFocusPro' does not match format '%Y-%m-%d'
2025-06-29 15:47:45,619 - WARNING - ⚠️ Invalid date format in filename: DDSFocusPro_v1.1, error: time data 'DDSFocusPro' does not match format '%Y-%m-%d'
2025-06-29 15:47:45,619 - WARNING - ⚠️ Invalid date format in filename: DDSFocusPro_v1.1, error: time data 'DDSFocusPro' does not match format '%Y-%m-%d'
2025-06-29 15:47:45,619 - WARNING - ⚠️ Invalid date format in filename: DDSFocusPro_v1.1, error: time data 'DDSFocusPro' does not match format '%Y-%m-%d'
2025-06-29 15:47:45,619 - WARNING - ⚠️ Invalid date format in filename: DDSFocusPro_v1.1, error: time data 'DDSFocusPro' does not match format '%Y-%m-%d'
2025-06-29 15:47:45,619 - WARNING - ⚠️ Invalid date format in filename: DDSFocusPro_v1.1, error: time data 'DDSFocusPro' does not match format '%Y-%m-%d'
2025-06-29 15:47:45,619 - WARNING - ⚠️ Invalid date format in filename: DDSFocusPro_v1.1, error: time data 'DDSFocusPro' does not match format '%Y-%m-%d'
2025-06-29 15:47:45,619 - WARNING - ⚠️ Invalid date format in filename: DDSFocusPro_v1.1, error: time data 'DDSFocusPro' does not match format '%Y-%m-%d'
2025-06-29 15:47:45,619 - WARNING - ⚠️ Invalid date format in filename: DDSFocusPro_v1.1, error: time data 'DDSFocusPro' does not match format '%Y-%m-%d'
2025-06-29 15:47:45,619 - WARNING - ⚠️ Invalid date format in filename: DDSFocusPro_v1.1, error: time data 'DDSFocusPro' does not match format '%Y-%m-%d'
2025-06-29 15:47:45,619 - WARNING - ⚠️ Invalid date format in filename: DDSFocusPro_v1.1, error: time data 'DDSFocusPro' does not match format '%Y-%m-%d'
2025-06-29 15:47:45,619 - WARNING - ⚠️ Invalid date format in filename: DDSFocusPro_v1.1, error: time data 'DDSFocusPro' does not match format '%Y-%m-%d'
2025-06-29 15:47:45,619 - WARNING - ⚠️ Invalid date format in filename: DDSFocusPro_v1.1, error: time data 'DDSFocusPro' does not match format '%Y-%m-%d'
2025-06-29 15:47:45,620 - WARNING - ⚠️ Invalid date format in filename: DDSFocusPro_v1.1, error: time data 'DDSFocusPro' does not match format '%Y-%m-%d'
2025-06-29 15:47:45,620 - WARNING - ⚠️ Invalid date format in filename: DDSFocusPro_v1.1, error: time data 'DDSFocusPro' does not match format '%Y-%m-%d'
2025-06-29 15:47:45,620 - WARNING - ⚠️ Invalid date format in filename: DDSFocusPro_v1.1, error: time data 'DDSFocusPro' does not match format '%Y-%m-%d'
2025-06-29 15:47:45,620 - WARNING - ⚠️ Invalid date format in filename: DDSFocusPro_v1.1, error: time data 'DDSFocusPro' does not match format '%Y-%m-%d'
2025-06-29 15:47:45,620 - WARNING - ⚠️ Invalid date format in filename: DDSFocusPro_v1.1, error: time data 'DDSFocusPro' does not match format '%Y-%m-%d'
2025-06-29 15:47:45,620 - WARNING - ⚠️ Invalid date format in filename: DDSFocusPro_v1.1, error: time data 'DDSFocusPro' does not match format '%Y-%m-%d'
2025-06-29 15:47:45,620 - WARNING - ⚠️ Invalid date format in filename: DDSFocusPro_v1.1, error: time data 'DDSFocusPro' does not match format '%Y-%m-%d'
2025-06-29 15:47:45,620 - WARNING - ⚠️ Invalid date format in filename: DDSFocusPro_v1.1, error: time data 'DDSFocusPro' does not match format '%Y-%m-%d'
2025-06-29 15:47:45,620 - WARNING - ⚠️ Invalid date format in filename: DDSFocusPro_v1.1, error: time data 'DDSFocusPro' does not match format '%Y-%m-%d'
2025-06-29 15:47:45,621 - WARNING - ⚠️ Invalid date format in filename: DDSFocusPro_v1.1, error: time data 'DDSFocusPro' does not match format '%Y-%m-%d'
2025-06-29 15:47:45,621 - WARNING - ⚠️ Invalid date format in filename: DDSFocusPro_v1.1, error: time data 'DDSFocusPro' does not match format '%Y-%m-%d'
2025-06-29 15:47:45,621 - WARNING - ⚠️ Invalid date format in filename: DDSFocusPro_v1.1, error: time data 'DDSFocusPro' does not match format '%Y-%m-%d'
2025-06-29 15:47:45,621 - WARNING - ⚠️ Invalid date format in filename: DDSFocusPro_v1.1, error: time data 'DDSFocusPro' does not match format '%Y-%m-%d'
2025-06-29 15:47:45,621 - WARNING - ⚠️ Invalid date format in filename: DDSFocusPro_v1.1, error: time data 'DDSFocusPro' does not match format '%Y-%m-%d'
2025-06-29 15:47:45,621 - WARNING - ⚠️ Invalid date format in filename: DDSFocusPro_v1.1, error: time data 'DDSFocusPro' does not match format '%Y-%m-%d'
2025-06-29 15:47:45,621 - WARNING - ⚠️ Invalid date format in filename: DDSFocusPro_v1.1, error: time data 'DDSFocusPro' does not match format '%Y-%m-%d'
2025-06-29 15:47:45,621 - WARNING - ⚠️ Invalid date format in filename: DDSFocusPro_v1.1, error: time data 'DDSFocusPro' does not match format '%Y-%m-%d'
2025-06-29 15:47:45,621 - WARNING - ⚠️ Invalid date format in filename: DDSFocusPro_v1.1, error: time data 'DDSFocusPro' does not match format '%Y-%m-%d'
2025-06-29 15:47:45,621 - WARNING - ⚠️ Invalid date format in filename: DDSFocusPro_v1.1, error: time data 'DDSFocusPro' does not match format '%Y-%m-%d'
2025-06-29 15:47:45,621 - WARNING - ⚠️ Invalid date format in filename: DDSFocusPro_v1.1, error: time data 'DDSFocusPro' does not match format '%Y-%m-%d'
2025-06-29 15:47:45,622 - WARNING - ⚠️ Invalid date format in filename: DDSFocusPro_v1.1, error: time data 'DDSFocusPro' does not match format '%Y-%m-%d'
2025-06-29 15:47:45,622 - WARNING - ⚠️ Invalid date format in filename: DDSFocusPro_v1.1, error: time data 'DDSFocusPro' does not match format '%Y-%m-%d'
2025-06-29 15:47:45,622 - WARNING - ⚠️ Invalid date format in filename: DDSFocusPro_v1.1, error: time data 'DDSFocusPro' does not match format '%Y-%m-%d'
2025-06-29 15:47:45,622 - WARNING - ⚠️ Invalid date format in filename: DDSFocusPro_v1.1, error: time data 'DDSFocusPro' does not match format '%Y-%m-%d'
2025-06-29 15:47:45,622 - WARNING - ⚠️ Invalid date format in filename: DDSFocusPro_v1.1, error: time data 'DDSFocusPro' does not match format '%Y-%m-%d'
2025-06-29 15:47:45,622 - WARNING - ⚠️ Invalid date format in filename: DDSFocusPro_v1.1, error: time data 'DDSFocusPro' does not match format '%Y-%m-%d'
2025-06-29 15:47:45,622 - WARNING - ⚠️ Invalid date format in filename: DDSFocusPro_v1.1, error: time data 'DDSFocusPro' does not match format '%Y-%m-%d'
2025-06-29 15:47:45,622 - WARNING - ⚠️ Invalid date format in filename: DDSFocusPro_v1.1, error: time data 'DDSFocusPro' does not match format '%Y-%m-%d'
2025-06-29 15:47:45,622 - WARNING - ⚠️ Invalid date format in filename: DDSFocusPro_v1.1, error: time data 'DDSFocusPro' does not match format '%Y-%m-%d'
2025-06-29 15:47:45,622 - WARNING - ⚠️ Invalid date format in filename: DDSFocusPro_v1.1, error: time data 'DDSFocusPro' does not match format '%Y-%m-%d'
2025-06-29 15:47:45,622 - WARNING - ⚠️ Invalid date format in filename: DDSFocusPro_v1.1, error: time data 'DDSFocusPro' does not match format '%Y-%m-%d'
2025-06-29 15:47:45,623 - WARNING - ⚠️ Invalid date format in filename: DDSFocusPro_v1.1, error: time data 'DDSFocusPro' does not match format '%Y-%m-%d'
2025-06-29 15:47:45,623 - WARNING - ⚠️ Invalid date format in filename: DDSFocusPro_v1.1, error: time data 'DDSFocusPro' does not match format '%Y-%m-%d'
2025-06-29 15:47:45,623 - WARNING - ⚠️ Invalid date format in filename: DDSFocusPro_v1.1, error: time data 'DDSFocusPro' does not match format '%Y-%m-%d'
2025-06-29 15:47:45,623 - WARNING - ⚠️ Invalid date format in filename: DDSFocusPro_v1.1, error: time data 'DDSFocusPro' does not match format '%Y-%m-%d'
2025-06-29 15:47:45,623 - WARNING - ⚠️ Invalid date format in filename: DDSFocusPro_v1.1, error: time data 'DDSFocusPro' does not match format '%Y-%m-%d'
2025-06-29 15:47:45,623 - WARNING - ⚠️ Invalid date format in filename: DDSFocusPro_v1.1, error: time data 'DDSFocusPro' does not match format '%Y-%m-%d'
2025-06-29 15:47:45,623 - WARNING - ⚠️ Invalid date format in filename: DDSFocusPro_v1.1, error: time data 'DDSFocusPro' does not match format '%Y-%m-%d'
2025-06-29 15:47:45,623 - WARNING - ⚠️ Invalid date format in filename: DDSFocusPro_v1.1, error: time data 'DDSFocusPro' does not match format '%Y-%m-%d'
2025-06-29 15:47:45,623 - WARNING - ⚠️ Invalid date format in filename: DDSFocusPro_v1.1, error: time data 'DDSFocusPro' does not match format '%Y-%m-%d'
2025-06-29 15:47:45,623 - WARNING - ⚠️ Invalid date format in filename: DDSFocusPro_v1.1, error: time data 'DDSFocusPro' does not match format '%Y-%m-%d'
2025-06-29 15:47:45,624 - WARNING - ⚠️ Invalid date format in filename: DDSFocusPro_v1.1, error: time data 'DDSFocusPro' does not match format '%Y-%m-%d'
2025-06-29 15:47:45,624 - WARNING - ⚠️ Invalid date format in filename: DDSFocusPro_v1.1, error: time data 'DDSFocusPro' does not match format '%Y-%m-%d'
2025-06-29 15:47:45,624 - WARNING - ⚠️ Invalid date format in filename: DDSFocusPro_v1.1, error: time data 'DDSFocusPro' does not match format '%Y-%m-%d'
2025-06-29 15:47:45,624 - WARNING - ⚠️ Invalid date format in filename: DDSFocusPro_v1.1, error: time data 'DDSFocusPro' does not match format '%Y-%m-%d'
2025-06-29 15:47:45,626 - WARNING - ⚠️ Invalid date format in filename: DDSFocusPro_v1.1, error: time data 'DDSFocusPro' does not match format '%Y-%m-%d'
2025-06-29 15:47:45,626 - WARNING - ⚠️ Invalid date format in filename: DDSFocusPro_v1.1, error: time data 'DDSFocusPro' does not match format '%Y-%m-%d'
2025-06-29 15:47:45,626 - WARNING - ⚠️ Invalid date format in filename: DDSFocusPro_v1.1, error: time data 'DDSFocusPro' does not match format '%Y-%m-%d'
2025-06-29 15:47:45,626 - WARNING - ⚠️ Invalid date format in filename: DDSFocusPro_v1.1, error: time data 'DDSFocusPro' does not match format '%Y-%m-%d'
2025-06-29 15:47:45,626 - WARNING - ⚠️ Invalid date format in filename: DDSFocusPro_v1.1, error: time data 'DDSFocusPro' does not match format '%Y-%m-%d'
2025-06-29 15:47:45,626 - WARNING - ⚠️ Invalid date format in filename: DDSFocusPro_v1.1, error: time data 'DDSFocusPro' does not match format '%Y-%m-%d'
2025-06-29 15:47:45,626 - WARNING - ⚠️ Invalid date format in filename: DDSFocusPro_v1.1, error: time data 'DDSFocusPro' does not match format '%Y-%m-%d'
2025-06-29 15:47:45,626 - WARNING - ⚠️ Invalid date format in filename: DDSFocusPro_v1.1, error: time data 'DDSFocusPro' does not match format '%Y-%m-%d'
2025-06-29 15:47:45,627 - WARNING - ⚠️ Invalid date format in filename: DDSFocusPro_v1.1, error: time data 'DDSFocusPro' does not match format '%Y-%m-%d'
2025-06-29 15:47:45,627 - WARNING - ⚠️ Invalid date format in filename: DDSFocusPro_v1.1, error: time data 'DDSFocusPro' does not match format '%Y-%m-%d'
2025-06-29 15:47:45,627 - WARNING - ⚠️ Invalid date format in filename: DDSFocusPro_v1.1, error: time data 'DDSFocusPro' does not match format '%Y-%m-%d'
2025-06-29 15:47:45,627 - WARNING - ⚠️ Invalid date format in filename: DDSFocusPro_v1.1, error: time data 'DDSFocusPro' does not match format '%Y-%m-%d'
2025-06-29 15:47:45,627 - WARNING - ⚠️ Invalid date format in filename: DDSFocusPro_v1.1, error: time data 'DDSFocusPro' does not match format '%Y-%m-%d'
2025-06-29 15:47:45,627 - WARNING - ⚠️ Invalid date format in filename: DDSFocusPro_v1.1, error: time data 'DDSFocusPro' does not match format '%Y-%m-%d'
2025-06-29 15:47:45,627 - WARNING - ⚠️ Invalid date format in filename: DDSFocusPro_v1.1, error: time data 'DDSFocusPro' does not match format '%Y-%m-%d'
2025-06-29 15:47:45,627 - WARNING - ⚠️ Invalid date format in filename: DDSFocusPro_v1.1, error: time data 'DDSFocusPro' does not match format '%Y-%m-%d'
2025-06-29 15:47:45,628 - WARNING - ⚠️ Invalid date format in filename: DDSFocusPro_v1.1, error: time data 'DDSFocusPro' does not match format '%Y-%m-%d'
2025-06-29 15:47:45,628 - WARNING - ⚠️ Invalid date format in filename: DDSFocusPro_v1.1, error: time data 'DDSFocusPro' does not match format '%Y-%m-%d'
2025-06-29 15:47:45,628 - WARNING - ⚠️ Invalid date format in filename: DDSFocusPro_v1.1, error: time data 'DDSFocusPro' does not match format '%Y-%m-%d'
2025-06-29 15:47:45,628 - WARNING - ⚠️ Invalid date format in filename: DDSFocusPro_v1.1, error: time data 'DDSFocusPro' does not match format '%Y-%m-%d'
2025-06-29 15:47:45,628 - WARNING - ⚠️ Invalid date format in filename: DDSFocusPro_v1.1, error: time data 'DDSFocusPro' does not match format '%Y-%m-%d'
2025-06-29 15:47:45,628 - WARNING - ⚠️ Invalid date format in filename: DDSFocusPro_v1.1, error: time data 'DDSFocusPro' does not match format '%Y-%m-%d'
2025-06-29 15:47:45,628 - WARNING - ⚠️ Invalid date format in filename: DDSFocusPro_v1.1, error: time data 'DDSFocusPro' does not match format '%Y-%m-%d'
2025-06-29 15:47:45,628 - WARNING - ⚠️ Invalid date format in filename: DDSFocusPro_v1.1, error: time data 'DDSFocusPro' does not match format '%Y-%m-%d'
2025-06-29 15:47:45,629 - WARNING - ⚠️ Invalid date format in filename: DDSFocusPro_v1.1, error: time data 'DDSFocusPro' does not match format '%Y-%m-%d'
2025-06-29 15:47:45,629 - WARNING - ⚠️ Invalid date format in filename: DDSFocusPro_v1.1, error: time data 'DDSFocusPro' does not match format '%Y-%m-%d'
2025-06-29 15:47:45,629 - WARNING - ⚠️ Invalid date format in filename: DDSFocusPro_v1.1, error: time data 'DDSFocusPro' does not match format '%Y-%m-%d'
2025-06-29 15:47:45,629 - WARNING - ⚠️ Invalid date format in filename: DDSFocusPro_v1.1, error: time data 'DDSFocusPro' does not match format '%Y-%m-%d'
2025-06-29 15:47:45,629 - WARNING - ⚠️ Invalid date format in filename: DDSFocusPro_v1.1, error: time data 'DDSFocusPro' does not match format '%Y-%m-%d'
2025-06-29 15:47:45,629 - WARNING - ⚠️ Invalid date format in filename: DDSFocusPro_v1.1, error: time data 'DDSFocusPro' does not match format '%Y-%m-%d'
2025-06-29 15:47:45,629 - WARNING - ⚠️ Invalid date format in filename: DDSFocusPro_v1.1, error: time data 'DDSFocusPro' does not match format '%Y-%m-%d'
2025-06-29 15:47:45,629 - WARNING - ⚠️ Invalid date format in filename: DDSFocusPro_v1.1, error: time data 'DDSFocusPro' does not match format '%Y-%m-%d'
2025-06-29 15:47:45,629 - WARNING - ⚠️ Invalid date format in filename: DDSFocusPro_v1.1, error: time data 'DDSFocusPro' does not match format '%Y-%m-%d'
2025-06-29 15:47:45,629 - WARNING - ⚠️ Invalid date format in filename: DDSFocusPro_v1.1, error: time data 'DDSFocusPro' does not match format '%Y-%m-%d'
2025-06-29 15:47:45,630 - WARNING - ⚠️ Invalid date format in filename: DDSFocusPro_v1.1, error: time data 'DDSFocusPro' does not match format '%Y-%m-%d'
2025-06-29 15:47:45,630 - WARNING - ⚠️ Invalid date format in filename: DDSFocusPro_v1.1, error: time data 'DDSFocusPro' does not match format '%Y-%m-%d'
2025-06-29 15:47:45,630 - WARNING - ⚠️ Invalid date format in filename: DDSFocusPro_v1.1, error: time data 'DDSFocusPro' does not match format '%Y-%m-%d'
2025-06-29 15:47:45,630 - WARNING - ⚠️ Invalid date format in filename: DDSFocusPro_v1.1, error: time data 'DDSFocusPro' does not match format '%Y-%m-%d'
2025-06-29 15:47:45,630 - WARNING - ⚠️ Invalid date format in filename: DDSFocusPro_v1.1, error: time data 'DDSFocusPro' does not match format '%Y-%m-%d'
2025-06-29 15:47:45,630 - WARNING - ⚠️ Invalid date format in filename: DDSFocusPro_v1.1, error: time data 'DDSFocusPro' does not match format '%Y-%m-%d'
2025-06-29 15:47:45,631 - WARNING - ⚠️ Invalid date format in filename: DDSFocusPro_v1.1, error: time data 'DDSFocusPro' does not match format '%Y-%m-%d'
2025-06-29 15:47:45,631 - WARNING - ⚠️ Invalid date format in filename: DDSFocusPro_v1.1, error: time data 'DDSFocusPro' does not match format '%Y-%m-%d'
2025-06-29 15:47:45,631 - WARNING - ⚠️ Invalid date format in filename: DDSFocusPro_v1.1, error: time data 'DDSFocusPro' does not match format '%Y-%m-%d'
2025-06-29 15:47:45,631 - WARNING - ⚠️ Invalid date format in filename: DDSFocusPro_v1.1, error: time data 'DDSFocusPro' does not match format '%Y-%m-%d'
2025-06-29 15:47:45,631 - WARNING - ⚠️ Invalid date format in filename: DDSFocusPro_v1.1, error: time data 'DDSFocusPro' does not match format '%Y-%m-%d'
2025-06-29 15:47:45,631 - WARNING - ⚠️ Invalid date format in filename: DDSFocusPro_v1.1, error: time data 'DDSFocusPro' does not match format '%Y-%m-%d'
2025-06-29 15:47:45,631 - WARNING - ⚠️ Invalid date format in filename: DDSFocusPro_v1.1, error: time data 'DDSFocusPro' does not match format '%Y-%m-%d'
2025-06-29 15:47:45,631 - WARNING - ⚠️ Invalid date format in filename: DDSFocusPro_v1.1, error: time data 'DDSFocusPro' does not match format '%Y-%m-%d'
2025-06-29 15:47:45,632 - WARNING - ⚠️ Invalid date format in filename: DDSFocusPro_v1.1, error: time data 'DDSFocusPro' does not match format '%Y-%m-%d'
2025-06-29 15:47:45,632 - WARNING - ⚠️ Invalid date format in filename: DDSFocusPro_v1.1, error: time data 'DDSFocusPro' does not match format '%Y-%m-%d'
2025-06-29 15:47:45,632 - WARNING - ⚠️ Invalid date format in filename: DDSFocusPro_v1.1, error: time data 'DDSFocusPro' does not match format '%Y-%m-%d'
2025-06-29 15:47:45,632 - WARNING - ⚠️ Invalid date format in filename: DDSFocusPro_v1.1, error: time data 'DDSFocusPro' does not match format '%Y-%m-%d'
2025-06-29 15:47:45,632 - WARNING - ⚠️ Invalid date format in filename: DDSFocusPro_v1.1, error: time data 'DDSFocusPro' does not match format '%Y-%m-%d'
2025-06-29 15:47:45,632 - WARNING - ⚠️ Invalid date format in filename: DDSFocusPro_v1.1, error: time data 'DDSFocusPro' does not match format '%Y-%m-%d'
2025-06-29 15:47:45,632 - WARNING - ⚠️ Invalid date format in filename: DDSFocusPro_v1.1, error: time data 'DDSFocusPro' does not match format '%Y-%m-%d'
2025-06-29 15:47:45,632 - WARNING - ⚠️ Invalid date format in filename: DDSFocusPro_v1.1, error: time data 'DDSFocusPro' does not match format '%Y-%m-%d'
2025-06-29 15:47:45,633 - WARNING - ⚠️ Invalid date format in filename: DDSFocusPro_v1.1, error: time data 'DDSFocusPro' does not match format '%Y-%m-%d'
2025-06-29 15:47:45,633 - WARNING - ⚠️ Invalid date format in filename: DDSFocusPro_v1.1, error: time data 'DDSFocusPro' does not match format '%Y-%m-%d'
2025-06-29 15:47:45,633 - WARNING - ⚠️ Invalid date format in filename: DDSFocusPro_v1.1, error: time data 'DDSFocusPro' does not match format '%Y-%m-%d'
2025-06-29 15:47:45,633 - WARNING - ⚠️ Invalid date format in filename: DDSFocusPro_v1.1, error: time data 'DDSFocusPro' does not match format '%Y-%m-%d'
2025-06-29 15:47:45,633 - WARNING - ⚠️ Invalid date format in filename: DDSFocusPro_v1.1, error: time data 'DDSFocusPro' does not match format '%Y-%m-%d'
2025-06-29 15:47:45,633 - WARNING - ⚠️ Invalid date format in filename: DDSFocusPro_v1.1, error: time data 'DDSFocusPro' does not match format '%Y-%m-%d'
2025-06-29 15:47:45,633 - WARNING - ⚠️ Invalid date format in filename: DDSFocusPro_v1.1, error: time data 'DDSFocusPro' does not match format '%Y-%m-%d'
2025-06-29 15:47:45,633 - WARNING - ⚠️ Invalid date format in filename: DDSFocusPro_v1.1, error: time data 'DDSFocusPro' does not match format '%Y-%m-%d'
2025-06-29 15:47:45,633 - WARNING - ⚠️ Invalid date format in filename: DDSFocusPro_v1.1, error: time data 'DDSFocusPro' does not match format '%Y-%m-%d'
2025-06-29 15:47:45,634 - WARNING - ⚠️ Invalid date format in filename: DDSFocusPro_v1.1, error: time data 'DDSFocusPro' does not match format '%Y-%m-%d'
2025-06-29 15:47:45,634 - WARNING - ⚠️ Invalid date format in filename: DDSFocusPro_v1.1, error: time data 'DDSFocusPro' does not match format '%Y-%m-%d'
2025-06-29 15:47:45,634 - WARNING - ⚠️ Invalid date format in filename: DDSFocusPro_v1.1, error: time data 'DDSFocusPro' does not match format '%Y-%m-%d'
2025-06-29 15:47:45,634 - WARNING - ⚠️ Invalid date format in filename: DDSFocusPro_v1.1, error: time data 'DDSFocusPro' does not match format '%Y-%m-%d'
2025-06-29 15:47:45,634 - WARNING - ⚠️ Invalid date format in filename: DDSFocusPro_v1.1, error: time data 'DDSFocusPro' does not match format '%Y-%m-%d'
2025-06-29 15:47:45,634 - WARNING - ⚠️ Invalid date format in filename: DDSFocusPro_v1.1, error: time data 'DDSFocusPro' does not match format '%Y-%m-%d'
2025-06-29 15:47:45,634 - WARNING - ⚠️ Invalid date format in filename: DDSFocusPro_v1.1, error: time data 'DDSFocusPro' does not match format '%Y-%m-%d'
2025-06-29 15:47:45,634 - WARNING - ⚠️ Invalid date format in filename: DDSFocusPro_v1.1, error: time data 'DDSFocusPro' does not match format '%Y-%m-%d'
2025-06-29 15:47:45,634 - WARNING - ⚠️ Invalid date format in filename: DDSFocusPro_v1.1, error: time data 'DDSFocusPro' does not match format '%Y-%m-%d'
2025-06-29 15:47:45,634 - WARNING - ⚠️ Invalid date format in filename: DDSFocusPro_v1.1, error: time data 'DDSFocusPro' does not match format '%Y-%m-%d'
2025-06-29 15:47:45,635 - WARNING - ⚠️ Invalid date format in filename: DDSFocusPro_v1.1, error: time data 'DDSFocusPro' does not match format '%Y-%m-%d'
2025-06-29 15:47:45,635 - WARNING - ⚠️ Invalid date format in filename: DDSFocusPro_v1.1, error: time data 'DDSFocusPro' does not match format '%Y-%m-%d'
2025-06-29 15:47:45,635 - WARNING - ⚠️ Invalid date format in filename: DDSFocusPro_v1.1, error: time data 'DDSFocusPro' does not match format '%Y-%m-%d'
2025-06-29 15:47:45,635 - WARNING - ⚠️ Invalid date format in filename: DDSFocusPro_v1.1, error: time data 'DDSFocusPro' does not match format '%Y-%m-%d'
2025-06-29 15:47:45,635 - WARNING - ⚠️ Invalid date format in filename: DDSFocusPro_v1.1, error: time data 'DDSFocusPro' does not match format '%Y-%m-%d'
2025-06-29 15:47:45,635 - WARNING - ⚠️ Invalid date format in filename: DDSFocusPro_v1.1, error: time data 'DDSFocusPro' does not match format '%Y-%m-%d'
2025-06-29 15:47:45,636 - WARNING - ⚠️ Invalid date format in filename: DDSFocusPro_v1.1, error: time data 'DDSFocusPro' does not match format '%Y-%m-%d'
2025-06-29 15:47:45,636 - WARNING - ⚠️ Invalid date format in filename: DDSFocusPro_v1.1, error: time data 'DDSFocusPro' does not match format '%Y-%m-%d'
2025-06-29 15:47:45,636 - WARNING - ⚠️ Invalid date format in filename: DDSFocusPro_v1.1, error: time data 'DDSFocusPro' does not match format '%Y-%m-%d'
2025-06-29 15:47:45,636 - WARNING - ⚠️ Invalid date format in filename: DDSFocusPro_v1.1, error: time data 'DDSFocusPro' does not match format '%Y-%m-%d'
2025-06-29 15:47:45,636 - WARNING - ⚠️ Invalid date format in filename: DDSFocusPro_v1.1, error: time data 'DDSFocusPro' does not match format '%Y-%m-%d'
2025-06-29 15:47:45,636 - WARNING - ⚠️ Invalid date format in filename: DDSFocusPro_v1.1, error: time data 'DDSFocusPro' does not match format '%Y-%m-%d'
2025-06-29 15:47:45,637 - WARNING - ⚠️ Invalid date format in filename: DDSFocusPro_v1.1, error: time data 'DDSFocusPro' does not match format '%Y-%m-%d'
2025-06-29 15:47:45,637 - WARNING - ⚠️ Invalid date format in filename: DDSFocusPro_v1.1, error: time data 'DDSFocusPro' does not match format '%Y-%m-%d'
2025-06-29 15:47:45,637 - WARNING - ⚠️ Invalid date format in filename: DDSFocusPro_v1.1, error: time data 'DDSFocusPro' does not match format '%Y-%m-%d'
2025-06-29 15:47:45,637 - WARNING - ⚠️ Invalid date format in filename: DDSFocusPro_v1.1, error: time data 'DDSFocusPro' does not match format '%Y-%m-%d'
2025-06-29 15:47:45,637 - WARNING - ⚠️ Invalid date format in filename: DDSFocusPro_v1.1, error: time data 'DDSFocusPro' does not match format '%Y-%m-%d'
2025-06-29 15:47:45,637 - WARNING - ⚠️ Invalid date format in filename: DDSFocusPro_v1.1, error: time data 'DDSFocusPro' does not match format '%Y-%m-%d'
2025-06-29 15:47:45,637 - WARNING - ⚠️ Invalid date format in filename: DDSFocusPro_v1.1, error: time data 'DDSFocusPro' does not match format '%Y-%m-%d'
2025-06-29 15:47:45,637 - WARNING - ⚠️ Invalid date format in filename: DDSFocusPro_v1.1, error: time data 'DDSFocusPro' does not match format '%Y-%m-%d'
2025-06-29 15:47:45,638 - WARNING - ⚠️ Invalid date format in filename: DDSFocusPro_v1.1, error: time data 'DDSFocusPro' does not match format '%Y-%m-%d'
2025-06-29 15:47:45,638 - WARNING - ⚠️ Invalid date format in filename: DDSFocusPro_v1.1, error: time data 'DDSFocusPro' does not match format '%Y-%m-%d'
2025-06-29 15:47:45,638 - WARNING - ⚠️ Invalid date format in filename: DDSFocusPro_v1.1, error: time data 'DDSFocusPro' does not match format '%Y-%m-%d'
2025-06-29 15:47:45,638 - WARNING - ⚠️ Invalid date format in filename: DDSFocusPro_v1.1, error: time data 'DDSFocusPro' does not match format '%Y-%m-%d'
2025-06-29 15:47:45,638 - WARNING - ⚠️ Invalid date format in filename: DDSFocusPro_v1.1, error: time data 'DDSFocusPro' does not match format '%Y-%m-%d'
2025-06-29 15:47:45,638 - WARNING - ⚠️ Invalid date format in filename: DDSFocusPro_v1.1, error: time data 'DDSFocusPro' does not match format '%Y-%m-%d'
2025-06-29 15:47:45,638 - WARNING - ⚠️ Invalid date format in filename: DDSFocusPro_v1.1, error: time data 'DDSFocusPro' does not match format '%Y-%m-%d'
2025-06-29 15:47:45,638 - WARNING - ⚠️ Invalid date format in filename: DDSFocusPro_v1.1, error: time data 'DDSFocusPro' does not match format '%Y-%m-%d'
2025-06-29 15:47:45,639 - WARNING - ⚠️ Invalid date format in filename: DDSFocusPro_v1.2, error: time data 'DDSFocusPro' does not match format '%Y-%m-%d'
2025-06-29 15:47:45,639 - WARNING - ⚠️ Invalid date format in filename: DDSFocusPro_v1.2, error: time data 'DDSFocusPro' does not match format '%Y-%m-%d'
2025-06-29 15:47:45,639 - WARNING - ⚠️ Invalid date format in filename: DDSFocusPro_v1.2, error: time data 'DDSFocusPro' does not match format '%Y-%m-%d'
2025-06-29 15:47:45,639 - WARNING - ⚠️ Invalid date format in filename: DDSFocusPro_v1.2, error: time data 'DDSFocusPro' does not match format '%Y-%m-%d'
2025-06-29 15:47:45,639 - WARNING - ⚠️ Invalid date format in filename: DDSFocusPro_v1.2, error: time data 'DDSFocusPro' does not match format '%Y-%m-%d'
2025-06-29 15:47:45,639 - WARNING - ⚠️ Invalid date format in filename: DDSFocusPro_v1.2, error: time data 'DDSFocusPro' does not match format '%Y-%m-%d'
2025-06-29 15:47:45,640 - WARNING - ⚠️ Invalid date format in filename: DDSFocusPro_v1.2, error: time data 'DDSFocusPro' does not match format '%Y-%m-%d'
2025-06-29 15:47:45,640 - WARNING - ⚠️ Invalid date format in filename: DDSFocusPro_v1.2, error: time data 'DDSFocusPro' does not match format '%Y-%m-%d'
2025-06-29 15:47:45,640 - WARNING - ⚠️ Invalid date format in filename: DDSFocusPro_v1.2, error: time data 'DDSFocusPro' does not match format '%Y-%m-%d'
2025-06-29 15:47:45,640 - WARNING - ⚠️ Invalid date format in filename: DDSFocusPro_v1.2, error: time data 'DDSFocusPro' does not match format '%Y-%m-%d'
2025-06-29 15:47:45,641 - WARNING - ⚠️ Invalid date format in filename: DDSFocusPro_v1.2, error: time data 'DDSFocusPro' does not match format '%Y-%m-%d'
2025-06-29 15:47:45,641 - WARNING - ⚠️ Invalid date format in filename: DDSFocusPro_v1.2, error: time data 'DDSFocusPro' does not match format '%Y-%m-%d'
2025-06-29 15:47:45,641 - WARNING - ⚠️ Invalid date format in filename: DDSFocusPro_v1.2, error: time data 'DDSFocusPro' does not match format '%Y-%m-%d'
2025-06-29 15:47:45,641 - WARNING - ⚠️ Invalid date format in filename: DDSFocusPro_v1.2, error: time data 'DDSFocusPro' does not match format '%Y-%m-%d'
2025-06-29 15:47:45,642 - WARNING - ⚠️ Invalid date format in filename: DDSFocusPro_v1.2, error: time data 'DDSFocusPro' does not match format '%Y-%m-%d'
2025-06-29 15:47:45,642 - WARNING - ⚠️ Invalid date format in filename: DDSFocusPro_v1.2, error: time data 'DDSFocusPro' does not match format '%Y-%m-%d'
2025-06-29 15:47:45,642 - WARNING - ⚠️ Invalid date format in filename: DDSFocusPro_v1.2, error: time data 'DDSFocusPro' does not match format '%Y-%m-%d'
2025-06-29 15:47:45,642 - WARNING - ⚠️ Invalid date format in filename: DDSFocusPro_v1.2, error: time data 'DDSFocusPro' does not match format '%Y-%m-%d'
2025-06-29 15:47:45,642 - WARNING - ⚠️ Invalid date format in filename: DDSFocusPro_v1.2, error: time data 'DDSFocusPro' does not match format '%Y-%m-%d'
2025-06-29 15:47:45,642 - WARNING - ⚠️ Invalid date format in filename: DDSFocusPro_v1.2, error: time data 'DDSFocusPro' does not match format '%Y-%m-%d'
2025-06-29 15:47:45,643 - WARNING - ⚠️ Invalid date format in filename: DDSFocusPro_v1.2, error: time data 'DDSFocusPro' does not match format '%Y-%m-%d'
2025-06-29 15:47:45,643 - WARNING - ⚠️ Invalid date format in filename: DDSFocusPro_v1.2, error: time data 'DDSFocusPro' does not match format '%Y-%m-%d'
2025-06-29 15:47:45,643 - WARNING - ⚠️ Invalid date format in filename: DDSFocusPro_v1.2, error: time data 'DDSFocusPro' does not match format '%Y-%m-%d'
2025-06-29 15:47:45,643 - WARNING - ⚠️ Invalid date format in filename: DDSFocusPro_v1.2, error: time data 'DDSFocusPro' does not match format '%Y-%m-%d'
2025-06-29 15:47:45,644 - WARNING - ⚠️ Invalid date format in filename: DDSFocusPro_v1.2, error: time data 'DDSFocusPro' does not match format '%Y-%m-%d'
2025-06-29 15:47:45,644 - WARNING - ⚠️ Invalid date format in filename: DDSFocusPro_v1.2, error: time data 'DDSFocusPro' does not match format '%Y-%m-%d'
2025-06-29 15:47:45,645 - WARNING - ⚠️ Invalid date format in filename: DDSFocusPro_v1.2, error: time data 'DDSFocusPro' does not match format '%Y-%m-%d'
2025-06-29 15:47:45,645 - WARNING - ⚠️ Invalid date format in filename: DDSFocusPro_v1.2, error: time data 'DDSFocusPro' does not match format '%Y-%m-%d'
2025-06-29 15:47:45,645 - WARNING - ⚠️ Invalid date format in filename: DDSFocusPro_v1.2, error: time data 'DDSFocusPro' does not match format '%Y-%m-%d'
2025-06-29 15:47:45,645 - WARNING - ⚠️ Invalid date format in filename: DDSFocusPro_v1.2, error: time data 'DDSFocusPro' does not match format '%Y-%m-%d'
2025-06-29 15:47:45,645 - WARNING - ⚠️ Invalid date format in filename: DDSFocusPro_v1.2, error: time data 'DDSFocusPro' does not match format '%Y-%m-%d'
2025-06-29 15:47:45,646 - WARNING - ⚠️ Invalid date format in filename: DDSFocusPro_v1.2, error: time data 'DDSFocusPro' does not match format '%Y-%m-%d'
2025-06-29 15:47:45,646 - WARNING - ⚠️ Invalid date format in filename: DDSFocusPro_v1.2, error: time data 'DDSFocusPro' does not match format '%Y-%m-%d'
2025-06-29 15:47:45,646 - WARNING - ⚠️ Invalid date format in filename: DDSFocusPro_v1.2, error: time data 'DDSFocusPro' does not match format '%Y-%m-%d'
2025-06-29 15:47:45,646 - WARNING - ⚠️ Invalid date format in filename: DDSFocusPro_v1.2, error: time data 'DDSFocusPro' does not match format '%Y-%m-%d'
2025-06-29 15:47:45,646 - WARNING - ⚠️ Invalid date format in filename: DDSFocusPro_v1.2, error: time data 'DDSFocusPro' does not match format '%Y-%m-%d'
2025-06-29 15:47:45,646 - WARNING - ⚠️ Invalid date format in filename: DDSFocusPro_v1.2, error: time data 'DDSFocusPro' does not match format '%Y-%m-%d'
2025-06-29 15:47:45,646 - WARNING - ⚠️ Invalid date format in filename: DDSFocusPro_v1.2, error: time data 'DDSFocusPro' does not match format '%Y-%m-%d'
2025-06-29 15:47:45,646 - WARNING - ⚠️ Invalid date format in filename: DDSFocusPro_v1.2, error: time data 'DDSFocusPro' does not match format '%Y-%m-%d'
2025-06-29 15:47:45,647 - WARNING - ⚠️ Invalid date format in filename: DDSFocusPro_v1.2, error: time data 'DDSFocusPro' does not match format '%Y-%m-%d'
2025-06-29 15:47:45,647 - WARNING - ⚠️ Invalid date format in filename: DDSFocusPro_v1.2, error: time data 'DDSFocusPro' does not match format '%Y-%m-%d'
2025-06-29 15:47:45,647 - WARNING - ⚠️ Invalid date format in filename: DDSFocusPro_v1.2, error: time data 'DDSFocusPro' does not match format '%Y-%m-%d'
2025-06-29 15:47:45,647 - WARNING - ⚠️ Invalid date format in filename: DDSFocusPro_v1.2, error: time data 'DDSFocusPro' does not match format '%Y-%m-%d'
2025-06-29 15:47:45,647 - WARNING - ⚠️ Invalid date format in filename: DDSFocusPro_v1.2, error: time data 'DDSFocusPro' does not match format '%Y-%m-%d'
2025-06-29 15:47:45,647 - WARNING - ⚠️ Invalid date format in filename: DDSFocusPro_v1.2, error: time data 'DDSFocusPro' does not match format '%Y-%m-%d'
2025-06-29 15:47:45,647 - WARNING - ⚠️ Invalid date format in filename: DDSFocusPro_v1.2, error: time data 'DDSFocusPro' does not match format '%Y-%m-%d'
2025-06-29 15:47:45,647 - WARNING - ⚠️ Invalid date format in filename: DDSFocusPro_v1.2, error: time data 'DDSFocusPro' does not match format '%Y-%m-%d'
2025-06-29 15:47:45,647 - WARNING - ⚠️ Invalid date format in filename: DDSFocusPro_v1.2, error: time data 'DDSFocusPro' does not match format '%Y-%m-%d'
2025-06-29 15:47:45,647 - WARNING - ⚠️ Invalid date format in filename: DDSFocusPro_v1.2, error: time data 'DDSFocusPro' does not match format '%Y-%m-%d'
2025-06-29 15:47:45,647 - WARNING - ⚠️ Invalid date format in filename: DDSFocusPro_v1.2, error: time data 'DDSFocusPro' does not match format '%Y-%m-%d'
2025-06-29 15:47:45,647 - WARNING - ⚠️ Invalid date format in filename: DDSFocusPro_v1.2, error: time data 'DDSFocusPro' does not match format '%Y-%m-%d'
2025-06-29 15:47:45,648 - WARNING - ⚠️ Invalid date format in filename: DDSFocusPro_v1.2, error: time data 'DDSFocusPro' does not match format '%Y-%m-%d'
2025-06-29 15:47:45,648 - WARNING - ⚠️ Invalid date format in filename: DDSFocusPro_v1.2, error: time data 'DDSFocusPro' does not match format '%Y-%m-%d'
2025-06-29 15:47:45,648 - WARNING - ⚠️ Invalid date format in filename: DDSFocusPro_v1.2, error: time data 'DDSFocusPro' does not match format '%Y-%m-%d'
2025-06-29 15:47:45,648 - WARNING - ⚠️ Invalid date format in filename: DDSFocusPro_v1.2, error: time data 'DDSFocusPro' does not match format '%Y-%m-%d'
2025-06-29 15:47:45,648 - WARNING - ⚠️ Invalid date format in filename: DDSFocusPro_v1.2, error: time data 'DDSFocusPro' does not match format '%Y-%m-%d'
2025-06-29 15:47:45,648 - WARNING - ⚠️ Invalid date format in filename: DDSFocusPro_v1.2, error: time data 'DDSFocusPro' does not match format '%Y-%m-%d'
2025-06-29 15:47:45,648 - WARNING - ⚠️ Invalid date format in filename: DDSFocusPro_v1.2, error: time data 'DDSFocusPro' does not match format '%Y-%m-%d'
2025-06-29 15:47:45,648 - WARNING - ⚠️ Invalid date format in filename: DDSFocusPro_v1.2, error: time data 'DDSFocusPro' does not match format '%Y-%m-%d'
2025-06-29 15:47:45,648 - WARNING - ⚠️ Invalid date format in filename: DDSFocusPro_v1.2, error: time data 'DDSFocusPro' does not match format '%Y-%m-%d'
2025-06-29 15:47:45,649 - WARNING - ⚠️ Invalid date format in filename: DDSFocusPro_v1.2, error: time data 'DDSFocusPro' does not match format '%Y-%m-%d'
2025-06-29 15:47:45,649 - WARNING - ⚠️ Invalid date format in filename: DDSFocusPro_v1.2, error: time data 'DDSFocusPro' does not match format '%Y-%m-%d'
2025-06-29 15:47:45,649 - WARNING - ⚠️ Invalid date format in filename: DDSFocusPro_v1.2, error: time data 'DDSFocusPro' does not match format '%Y-%m-%d'
2025-06-29 15:47:45,649 - WARNING - ⚠️ Invalid date format in filename: DDSFocusPro_v1.2, error: time data 'DDSFocusPro' does not match format '%Y-%m-%d'
2025-06-29 15:47:45,649 - WARNING - ⚠️ Invalid date format in filename: DDSFocusPro_v1.2, error: time data 'DDSFocusPro' does not match format '%Y-%m-%d'
2025-06-29 15:47:45,649 - WARNING - ⚠️ Invalid date format in filename: DDSFocusPro_v1.2, error: time data 'DDSFocusPro' does not match format '%Y-%m-%d'
2025-06-29 15:47:45,649 - WARNING - ⚠️ Invalid date format in filename: DDSFocusPro_v1.2, error: time data 'DDSFocusPro' does not match format '%Y-%m-%d'
2025-06-29 15:47:45,649 - WARNING - ⚠️ Invalid date format in filename: DDSFocusPro_v1.2, error: time data 'DDSFocusPro' does not match format '%Y-%m-%d'
2025-06-29 15:47:45,649 - WARNING - ⚠️ Invalid date format in filename: DDSFocusPro_v1.2, error: time data 'DDSFocusPro' does not match format '%Y-%m-%d'
2025-06-29 15:47:45,650 - WARNING - ⚠️ Invalid date format in filename: DDSFocusPro_v1.2, error: time data 'DDSFocusPro' does not match format '%Y-%m-%d'
2025-06-29 15:47:45,650 - WARNING - ⚠️ Invalid date format in filename: DDSFocusPro_v1.2, error: time data 'DDSFocusPro' does not match format '%Y-%m-%d'
2025-06-29 15:47:45,650 - WARNING - ⚠️ Invalid date format in filename: DDSFocusPro_v1.2, error: time data 'DDSFocusPro' does not match format '%Y-%m-%d'
2025-06-29 15:47:45,650 - WARNING - ⚠️ Invalid date format in filename: DDSFocusPro_v1.2, error: time data 'DDSFocusPro' does not match format '%Y-%m-%d'
2025-06-29 15:47:45,651 - WARNING - ⚠️ Invalid date format in filename: DDSFocusPro_v1.2, error: time data 'DDSFocusPro' does not match format '%Y-%m-%d'
2025-06-29 15:47:45,651 - WARNING - ⚠️ Invalid date format in filename: DDSFocusPro_v1.2, error: time data 'DDSFocusPro' does not match format '%Y-%m-%d'
2025-06-29 15:47:45,652 - WARNING - ⚠️ Invalid date format in filename: DDSFocusPro_v1.2, error: time data 'DDSFocusPro' does not match format '%Y-%m-%d'
2025-06-29 15:47:45,652 - WARNING - ⚠️ Invalid date format in filename: DDSFocusPro_v1.2, error: time data 'DDSFocusPro' does not match format '%Y-%m-%d'
2025-06-29 15:47:45,652 - WARNING - ⚠️ Invalid date format in filename: DDSFocusPro_v1.2, error: time data 'DDSFocusPro' does not match format '%Y-%m-%d'
2025-06-29 15:47:45,652 - WARNING - ⚠️ Invalid date format in filename: DDSFocusPro_v1.2, error: time data 'DDSFocusPro' does not match format '%Y-%m-%d'
2025-06-29 15:47:45,653 - WARNING - ⚠️ Invalid date format in filename: DDSFocusPro_v1.2, error: time data 'DDSFocusPro' does not match format '%Y-%m-%d'
2025-06-29 15:47:45,653 - WARNING - ⚠️ Invalid date format in filename: DDSFocusPro_v1.2, error: time data 'DDSFocusPro' does not match format '%Y-%m-%d'
2025-06-29 15:47:45,654 - WARNING - ⚠️ Invalid date format in filename: DDSFocusPro_v1.2, error: time data 'DDSFocusPro' does not match format '%Y-%m-%d'
2025-06-29 15:47:45,654 - WARNING - ⚠️ Invalid date format in filename: DDSFocusPro_v1.2, error: time data 'DDSFocusPro' does not match format '%Y-%m-%d'
2025-06-29 15:47:45,655 - WARNING - ⚠️ Invalid date format in filename: DDSFocusPro_v1.2, error: time data 'DDSFocusPro' does not match format '%Y-%m-%d'
2025-06-29 15:47:45,655 - WARNING - ⚠️ Invalid date format in filename: DDSFocusPro_v1.2, error: time data 'DDSFocusPro' does not match format '%Y-%m-%d'
2025-06-29 15:47:45,656 - WARNING - ⚠️ Invalid date format in filename: DDSFocusPro_v1.2, error: time data 'DDSFocusPro' does not match format '%Y-%m-%d'
2025-06-29 15:47:45,656 - WARNING - ⚠️ Invalid date format in filename: DDSFocusPro_v1.2, error: time data 'DDSFocusPro' does not match format '%Y-%m-%d'
2025-06-29 15:47:45,657 - WARNING - ⚠️ Invalid date format in filename: DDSFocusPro_v1.2, error: time data 'DDSFocusPro' does not match format '%Y-%m-%d'
2025-06-29 15:47:45,658 - WARNING - ⚠️ Invalid date format in filename: DDSFocusPro_v1.2, error: time data 'DDSFocusPro' does not match format '%Y-%m-%d'
2025-06-29 15:47:45,658 - WARNING - ⚠️ Invalid date format in filename: DDSFocusPro_v1.2, error: time data 'DDSFocusPro' does not match format '%Y-%m-%d'
2025-06-29 15:47:45,659 - WARNING - ⚠️ Invalid date format in filename: DDSFocusPro_v1.2, error: time data 'DDSFocusPro' does not match format '%Y-%m-%d'
2025-06-29 15:47:45,660 - WARNING - ⚠️ Invalid date format in filename: DDSFocusPro_v1.2, error: time data 'DDSFocusPro' does not match format '%Y-%m-%d'
2025-06-29 15:47:45,660 - WARNING - ⚠️ Invalid date format in filename: DDSFocusPro_v1.2, error: time data 'DDSFocusPro' does not match format '%Y-%m-%d'
2025-06-29 15:47:45,660 - WARNING - ⚠️ Invalid date format in filename: DDSFocusPro_v1.2, error: time data 'DDSFocusPro' does not match format '%Y-%m-%d'
2025-06-29 15:47:45,661 - WARNING - ⚠️ Invalid date format in filename: DDSFocusPro_v1.2, error: time data 'DDSFocusPro' does not match format '%Y-%m-%d'
2025-06-29 15:47:45,661 - WARNING - ⚠️ Invalid date format in filename: DDSFocusPro_v1.2, error: time data 'DDSFocusPro' does not match format '%Y-%m-%d'
2025-06-29 15:47:45,662 - WARNING - ⚠️ Invalid date format in filename: DDSFocusPro_v1.2, error: time data 'DDSFocusPro' does not match format '%Y-%m-%d'
2025-06-29 15:47:45,662 - WARNING - ⚠️ Invalid date format in filename: DDSFocusPro_v1.2, error: time data 'DDSFocusPro' does not match format '%Y-%m-%d'
2025-06-29 15:47:45,662 - WARNING - ⚠️ Invalid date format in filename: DDSFocusPro_v1.2, error: time data 'DDSFocusPro' does not match format '%Y-%m-%d'
2025-06-29 15:47:45,662 - WARNING - ⚠️ Invalid date format in filename: DDSFocusPro_v1.2, error: time data 'DDSFocusPro' does not match format '%Y-%m-%d'
2025-06-29 15:47:45,663 - WARNING - ⚠️ Invalid date format in filename: DDSFocusPro_v1.2, error: time data 'DDSFocusPro' does not match format '%Y-%m-%d'
2025-06-29 15:47:45,663 - WARNING - ⚠️ Invalid date format in filename: DDSFocusPro_v1.2, error: time data 'DDSFocusPro' does not match format '%Y-%m-%d'
2025-06-29 15:47:45,663 - WARNING - ⚠️ Invalid date format in filename: DDSFocusPro_v1.2, error: time data 'DDSFocusPro' does not match format '%Y-%m-%d'
2025-06-29 15:47:45,663 - WARNING - ⚠️ Invalid date format in filename: DDSFocusPro_v1.2, error: time data 'DDSFocusPro' does not match format '%Y-%m-%d'
2025-06-29 15:47:45,663 - WARNING - ⚠️ Invalid date format in filename: DDSFocusPro_v1.2, error: time data 'DDSFocusPro' does not match format '%Y-%m-%d'
2025-06-29 15:47:45,664 - WARNING - ⚠️ Invalid date format in filename: DDSFocusPro_v1.2, error: time data 'DDSFocusPro' does not match format '%Y-%m-%d'
2025-06-29 15:47:45,664 - WARNING - ⚠️ Invalid date format in filename: DDSFocusPro_v1.2, error: time data 'DDSFocusPro' does not match format '%Y-%m-%d'
2025-06-29 15:47:45,666 - WARNING - ⚠️ Invalid date format in filename: DDSFocusPro_v1.2, error: time data 'DDSFocusPro' does not match format '%Y-%m-%d'
2025-06-29 15:47:45,666 - WARNING - ⚠️ Invalid date format in filename: DDSFocusPro_v1.2, error: time data 'DDSFocusPro' does not match format '%Y-%m-%d'
2025-06-29 15:47:45,667 - WARNING - ⚠️ Invalid date format in filename: DDSFocusPro_v1.2, error: time data 'DDSFocusPro' does not match format '%Y-%m-%d'
2025-06-29 15:47:45,667 - WARNING - ⚠️ Invalid date format in filename: DDSFocusPro_v1.2, error: time data 'DDSFocusPro' does not match format '%Y-%m-%d'
2025-06-29 15:47:45,667 - WARNING - ⚠️ Invalid date format in filename: DDSFocusPro_v1.2, error: time data 'DDSFocusPro' does not match format '%Y-%m-%d'
2025-06-29 15:47:45,667 - WARNING - ⚠️ Invalid date format in filename: DDSFocusPro_v1.2, error: time data 'DDSFocusPro' does not match format '%Y-%m-%d'
2025-06-29 15:47:45,667 - WARNING - ⚠️ Invalid date format in filename: DDSFocusPro_v1.2, error: time data 'DDSFocusPro' does not match format '%Y-%m-%d'
2025-06-29 15:47:45,667 - WARNING - ⚠️ Invalid date format in filename: DDSFocusPro_v1.2, error: time data 'DDSFocusPro' does not match format '%Y-%m-%d'
2025-06-29 15:47:45,668 - WARNING - ⚠️ Invalid date format in filename: DDSFocusPro_v1.2, error: time data 'DDSFocusPro' does not match format '%Y-%m-%d'
2025-06-29 15:47:45,668 - WARNING - ⚠️ Invalid date format in filename: DDSFocusPro_v1.2, error: time data 'DDSFocusPro' does not match format '%Y-%m-%d'
2025-06-29 15:47:45,668 - WARNING - ⚠️ Invalid date format in filename: DDSFocusPro_v1.2, error: time data 'DDSFocusPro' does not match format '%Y-%m-%d'
2025-06-29 15:47:45,668 - WARNING - ⚠️ Invalid date format in filename: DDSFocusPro_v1.2, error: time data 'DDSFocusPro' does not match format '%Y-%m-%d'
2025-06-29 15:47:45,668 - WARNING - ⚠️ Invalid date format in filename: DDSFocusPro_v1.2, error: time data 'DDSFocusPro' does not match format '%Y-%m-%d'
2025-06-29 15:47:45,668 - WARNING - ⚠️ Invalid date format in filename: DDSFocusPro_v1.2, error: time data 'DDSFocusPro' does not match format '%Y-%m-%d'
2025-06-29 15:47:45,669 - WARNING - ⚠️ Invalid date format in filename: DDSFocusPro_v1.2, error: time data 'DDSFocusPro' does not match format '%Y-%m-%d'
2025-06-29 15:47:45,669 - WARNING - ⚠️ Invalid date format in filename: DDSFocusPro_v1.2, error: time data 'DDSFocusPro' does not match format '%Y-%m-%d'
2025-06-29 15:47:45,669 - WARNING - ⚠️ Invalid date format in filename: DDSFocusPro_v1.2, error: time data 'DDSFocusPro' does not match format '%Y-%m-%d'
2025-06-29 15:47:45,669 - WARNING - ⚠️ Invalid date format in filename: DDSFocusPro_v1.2, error: time data 'DDSFocusPro' does not match format '%Y-%m-%d'
2025-06-29 15:47:45,669 - WARNING - ⚠️ Invalid date format in filename: DDSFocusPro_v1.2, error: time data 'DDSFocusPro' does not match format '%Y-%m-%d'
2025-06-29 15:47:45,669 - WARNING - ⚠️ Invalid date format in filename: DDSFocusPro_v1.2, error: time data 'DDSFocusPro' does not match format '%Y-%m-%d'
2025-06-29 15:47:45,670 - WARNING - ⚠️ Invalid date format in filename: DDSFocusPro_v1.2, error: time data 'DDSFocusPro' does not match format '%Y-%m-%d'
2025-06-29 15:47:45,723 - INFO - ✅ Generated program report for haseebcodejourney@gmail.com: 676 screenshots
2025-06-29 15:47:45,731 - INFO - 💾 Analysis saved to test_user_report.json
