INFO 2025-08-30 15:16:07,405 autoreload 18368 17976 Watching for file changes with StatReloader
INFO 2025-08-30 15:41:31,577 autoreload 15400 13676 Watching for file changes with StatReloader
INFO 2025-08-30 15:42:07,707 autoreload 15400 13676 C:\Users\DDS\Desktop\back-end-backup\dxdfocurpropanel-back-end\DDSFocusProPanel-Backend\apps\dashboard\views.py changed, reloading.
INFO 2025-08-30 15:42:08,777 autoreload 872 14204 Watching for file changes with StatReloader
INFO 2025-08-30 15:42:22,176 autoreload 872 14204 C:\Users\DDS\Desktop\back-end-backup\dxdfocurpropanel-back-end\DDSFocusProPanel-Backend\apps\dashboard\services.py changed, reloading.
INFO 2025-08-30 15:42:23,273 autoreload 17320 18176 Watching for file changes with StatReloader
INFO 2025-08-30 15:42:45,311 autoreload 17320 18176 C:\Users\DDS\Desktop\back-end-backup\dxdfocurpropanel-back-end\DDSFocusProPanel-Backend\apps\dashboard\services.py changed, reloading.
INFO 2025-08-30 15:42:46,327 autoreload 17072 8296 Watching for file changes with StatReloader
INFO 2025-08-30 15:43:16,258 autoreload 17072 8296 C:\Users\DDS\Desktop\back-end-backup\dxdfocurpropanel-back-end\DDSFocusProPanel-Backend\apps\dashboard\urls.py changed, reloading.
INFO 2025-08-30 15:43:17,238 autoreload 13524 7560 Watching for file changes with StatReloader
INFO 2025-08-30 15:45:41,676 autoreload 14244 10932 Watching for file changes with StatReloader
INFO 2025-08-30 15:52:36,416 autoreload 17876 4708 Watching for file changes with StatReloader
INFO 2025-08-30 15:52:59,659 autoreload 17876 4708 C:\Users\DDS\Desktop\back-end-backup\dxdfocurpropanel-back-end\DDSFocusProPanel-Backend\apps\dashboard\urls.py changed, reloading.
INFO 2025-08-30 15:53:00,647 autoreload 13320 1992 Watching for file changes with StatReloader
INFO 2025-08-30 15:53:09,993 autoreload 13320 1992 C:\Users\DDS\Desktop\back-end-backup\dxdfocurpropanel-back-end\DDSFocusProPanel-Backend\apps\dashboard\ai_views.py changed, reloading.
INFO 2025-08-30 15:55:26,121 autoreload 3236 3364 Watching for file changes with StatReloader
INFO 2025-08-30 15:56:13,865 autoreload 10876 17448 Watching for file changes with StatReloader
INFO 2025-08-30 15:57:23,623 autoreload 4936 17564 Watching for file changes with StatReloader
INFO 2025-08-30 15:58:30,626 middleware 4936 14236 Request: GET /api/dashboard/employees/
INFO 2025-08-30 15:58:30,628 dashboard_views 4936 14236 Dashboard employee data retrieved successfully
INFO 2025-08-30 15:58:30,629 middleware 4936 14236 Response: 200 for GET /api/dashboard/employees/
INFO 2025-08-30 15:58:30,630 basehttp 4936 14236 "GET /api/dashboard/employees/ HTTP/1.1" 200 611
INFO 2025-08-30 15:58:47,869 autoreload 12280 12008 Watching for file changes with StatReloader
INFO 2025-08-30 15:58:49,828 middleware 4936 14236 Request: GET /api/dashboard/employees/
INFO 2025-08-30 15:58:49,829 dashboard_views 4936 14236 Dashboard employee data retrieved successfully
INFO 2025-08-30 15:58:49,829 middleware 4936 14236 Response: 200 for GET /api/dashboard/employees/
INFO 2025-08-30 15:58:49,830 basehttp 4936 14236 "GET /api/dashboard/employees/ HTTP/1.1" 200 611
INFO 2025-08-30 16:04:05,436 autoreload 4936 17564 C:\Users\DDS\Desktop\back-end-backup\dxdfocurpropanel-back-end\DDSFocusProPanel-Backend\apps\dashboard\dashboard_views.py changed, reloading.
INFO 2025-08-30 16:04:06,172 autoreload 12280 12008 C:\Users\DDS\Desktop\back-end-backup\dxdfocurpropanel-back-end\DDSFocusProPanel-Backend\apps\dashboard\dashboard_views.py changed, reloading.
INFO 2025-08-30 16:04:06,535 autoreload 15224 4492 Watching for file changes with StatReloader
INFO 2025-08-30 16:04:07,228 autoreload 9124 17340 Watching for file changes with StatReloader
INFO 2025-08-30 16:04:33,341 autoreload 15224 4492 C:\Users\DDS\Desktop\back-end-backup\dxdfocurpropanel-back-end\DDSFocusProPanel-Backend\apps\dashboard\dashboard_views.py changed, reloading.
INFO 2025-08-30 16:04:33,858 autoreload 9124 17340 C:\Users\DDS\Desktop\back-end-backup\dxdfocurpropanel-back-end\DDSFocusProPanel-Backend\apps\dashboard\dashboard_views.py changed, reloading.
INFO 2025-08-30 16:04:34,439 autoreload 7204 8548 Watching for file changes with StatReloader
INFO 2025-08-30 16:04:34,906 autoreload 16484 18016 Watching for file changes with StatReloader
INFO 2025-08-30 16:04:45,579 autoreload 7204 8548 C:\Users\DDS\Desktop\back-end-backup\dxdfocurpropanel-back-end\DDSFocusProPanel-Backend\apps\dashboard\dashboard_views.py changed, reloading.
INFO 2025-08-30 16:04:45,920 autoreload 16484 18016 C:\Users\DDS\Desktop\back-end-backup\dxdfocurpropanel-back-end\DDSFocusProPanel-Backend\apps\dashboard\dashboard_views.py changed, reloading.
INFO 2025-08-30 16:04:46,785 autoreload 16948 8708 Watching for file changes with StatReloader
INFO 2025-08-30 16:04:46,947 autoreload 15100 13304 Watching for file changes with StatReloader
INFO 2025-08-30 16:04:52,718 autoreload 16948 8708 C:\Users\DDS\Desktop\back-end-backup\dxdfocurpropanel-back-end\DDSFocusProPanel-Backend\apps\dashboard\dashboard_views.py changed, reloading.
INFO 2025-08-30 16:04:52,880 autoreload 15100 13304 C:\Users\DDS\Desktop\back-end-backup\dxdfocurpropanel-back-end\DDSFocusProPanel-Backend\apps\dashboard\dashboard_views.py changed, reloading.
INFO 2025-08-30 16:04:53,694 autoreload 3128 19416 Watching for file changes with StatReloader
INFO 2025-08-30 16:04:53,857 autoreload 7564 11424 Watching for file changes with StatReloader
INFO 2025-08-30 16:05:02,853 autoreload 3128 19416 C:\Users\DDS\Desktop\back-end-backup\dxdfocurpropanel-back-end\DDSFocusProPanel-Backend\apps\dashboard\urls.py changed, reloading.
INFO 2025-08-30 16:05:02,938 autoreload 7564 11424 C:\Users\DDS\Desktop\back-end-backup\dxdfocurpropanel-back-end\DDSFocusProPanel-Backend\apps\dashboard\urls.py changed, reloading.
INFO 2025-08-30 16:05:03,876 autoreload 6080 17348 Watching for file changes with StatReloader
INFO 2025-08-30 16:05:03,941 autoreload 13916 16372 Watching for file changes with StatReloader
INFO 2025-08-30 16:05:09,253 autoreload 13916 16372 C:\Users\DDS\Desktop\back-end-backup\dxdfocurpropanel-back-end\DDSFocusProPanel-Backend\apps\dashboard\urls.py changed, reloading.
INFO 2025-08-30 16:05:10,269 autoreload 15968 16188 Watching for file changes with StatReloader
INFO 2025-08-30 16:05:10,284 autoreload 6080 17348 C:\Users\DDS\Desktop\back-end-backup\dxdfocurpropanel-back-end\DDSFocusProPanel-Backend\apps\dashboard\urls.py changed, reloading.
INFO 2025-08-30 16:05:11,373 autoreload 16144 19448 Watching for file changes with StatReloader
INFO 2025-08-30 16:11:45,373 autoreload 16144 19448 C:\Users\DDS\Desktop\back-end-backup\dxdfocurpropanel-back-end\DDSFocusProPanel-Backend\apps\dashboard\dashboard_views.py changed, reloading.
INFO 2025-08-30 16:11:45,431 autoreload 15968 16188 C:\Users\DDS\Desktop\back-end-backup\dxdfocurpropanel-back-end\DDSFocusProPanel-Backend\apps\dashboard\dashboard_views.py changed, reloading.
INFO 2025-08-30 16:11:46,906 autoreload 16112 19160 Watching for file changes with StatReloader
INFO 2025-08-30 16:11:46,967 autoreload 18908 10948 Watching for file changes with StatReloader
INFO 2025-08-30 16:27:59,406 autoreload 18560 18796 Watching for file changes with StatReloader
INFO 2025-08-30 16:28:38,168 autoreload 18440 18180 Watching for file changes with StatReloader
INFO 2025-08-30 16:28:39,775 middleware 18908 10380 Request: GET /api/dashboard/employees/
ERROR 2025-08-30 16:28:42,226 services 18908 10380 CRM API request failed for employees: 404 Client Error: Not Found for url: https://crm.deluxebilisim.com/api/employees
WARNING 2025-08-30 16:28:42,228 services 18908 10380 Failed to retrieve employees from CRM
ERROR 2025-08-30 16:28:43,145 services 18908 10380 CRM API request failed for employees: 404 Client Error: Not Found for url: https://crm.deluxebilisim.com/api/employees
WARNING 2025-08-30 16:28:43,147 services 18908 10380 Failed to retrieve employees from CRM
ERROR 2025-08-30 16:28:44,030 services 18908 10380 CRM API request failed for employees: 404 Client Error: Not Found for url: https://crm.deluxebilisim.com/api/employees
WARNING 2025-08-30 16:28:44,032 services 18908 10380 Failed to retrieve employees from CRM
INFO 2025-08-30 16:28:45,229 services 18908 10380 Found 0 employee files in S3
INFO 2025-08-30 16:28:45,230 dashboard_views 18908 10380 Dashboard employee data retrieved successfully - Total: 32, Active: 32, Growth: -100.0%
INFO 2025-08-30 16:28:45,232 middleware 18908 10380 Response: 200 for GET /api/dashboard/employees/
INFO 2025-08-30 16:28:45,233 basehttp 18908 10380 "GET /api/dashboard/employees/ HTTP/1.1" 200 830
INFO 2025-09-01 09:45:09,198 autoreload 16112 19160 C:\Users\DDS\Desktop\back-end-backup\dxdfocurpropanel-back-end\DDSFocusProPanel-Backend\config\settings\dev.py changed, reloading.
INFO 2025-09-01 09:45:10,180 autoreload 18908 10948 C:\Users\DDS\Desktop\back-end-backup\dxdfocurpropanel-back-end\DDSFocusProPanel-Backend\config\settings\dev.py changed, reloading.
ERROR 2025-09-01 12:23:33,399 services 28360 27672 CRM API request failed for employees: 404 Client Error: Not Found for url: https://crm.deluxebilisim.com/api/employees
WARNING 2025-09-01 12:23:33,403 services 28360 27672 Failed to retrieve employees from CRM
ERROR 2025-09-01 12:23:34,392 services 28360 27672 CRM API request failed for employees: 404 Client Error: Not Found for url: https://crm.deluxebilisim.com/api/employees
WARNING 2025-09-01 12:23:34,394 services 28360 27672 Failed to retrieve employees from CRM
ERROR 2025-09-01 12:23:35,857 services 28360 27672 CRM API request failed for employees: 404 Client Error: Not Found for url: https://crm.deluxebilisim.com/api/employees
WARNING 2025-09-01 12:23:35,859 services 28360 27672 Failed to retrieve employees from CRM
ERROR 2025-09-01 12:23:40,363 services 28360 27672 Error listing S3 employee files: An error occurred (InvalidAccessKeyId) when calling the ListObjectsV2 operation: The AWS Access Key Id you provided does not exist in our records.
INFO 2025-09-01 12:23:40,363 dashboard_views 28360 27672 Dashboard employee data retrieved successfully - Total: 32, Active: 32, Growth: -100.0%
ERROR 2025-09-01 12:24:05,893 services 25448 26128 CRM API request failed for employees: 404 Client Error: Not Found for url: https://crm.deluxebilisim.com/api/employees
WARNING 2025-09-01 12:24:05,895 services 25448 26128 Failed to retrieve employees from CRM
ERROR 2025-09-01 12:24:07,452 services 25448 26128 CRM API request failed for employees: 404 Client Error: Not Found for url: https://crm.deluxebilisim.com/api/employees
WARNING 2025-09-01 12:24:07,454 services 25448 26128 Failed to retrieve employees from CRM
ERROR 2025-09-01 12:24:08,797 services 25448 26128 CRM API request failed for employees: 404 Client Error: Not Found for url: https://crm.deluxebilisim.com/api/employees
WARNING 2025-09-01 12:24:08,799 services 25448 26128 Failed to retrieve employees from CRM
ERROR 2025-09-01 12:24:13,428 services 25448 26128 Error listing S3 employee files: An error occurred (InvalidAccessKeyId) when calling the ListObjectsV2 operation: The AWS Access Key Id you provided does not exist in our records.
INFO 2025-09-01 12:24:13,429 dashboard_views 25448 26128 Dashboard employee data retrieved successfully - Total: 32, Active: 32, Growth: -100.0%
ERROR 2025-09-01 12:24:35,326 services 29580 28824 CRM API request failed for employees: 404 Client Error: Not Found for url: https://crm.deluxebilisim.com/api/employees
WARNING 2025-09-01 12:24:35,328 services 29580 28824 Failed to retrieve employees from CRM
ERROR 2025-09-01 12:24:36,427 services 29580 28824 CRM API request failed for employees: 404 Client Error: Not Found for url: https://crm.deluxebilisim.com/api/employees
WARNING 2025-09-01 12:24:36,429 services 29580 28824 Failed to retrieve employees from CRM
ERROR 2025-09-01 12:24:37,892 services 29580 28824 CRM API request failed for employees: 404 Client Error: Not Found for url: https://crm.deluxebilisim.com/api/employees
WARNING 2025-09-01 12:24:37,894 services 29580 28824 Failed to retrieve employees from CRM
ERROR 2025-09-01 12:24:42,575 services 29580 28824 Error listing S3 employee files: An error occurred (InvalidAccessKeyId) when calling the ListObjectsV2 operation: The AWS Access Key Id you provided does not exist in our records.
INFO 2025-09-01 12:24:42,576 dashboard_views 29580 28824 Dashboard employee data retrieved successfully - Total: 32, Active: 32, Growth: -100.0%
ERROR 2025-09-01 12:27:21,588 services 24904 23768 CRM API request failed for employees: 404 Client Error: Not Found for url: https://crm.deluxebilisim.com/api/employees
WARNING 2025-09-01 12:27:21,590 services 24904 23768 Failed to retrieve employees from CRM
ERROR 2025-09-01 12:27:23,127 services 24904 23768 CRM API request failed for employees: 404 Client Error: Not Found for url: https://crm.deluxebilisim.com/api/employees
WARNING 2025-09-01 12:27:23,130 services 24904 23768 Failed to retrieve employees from CRM
ERROR 2025-09-01 12:27:24,310 services 24904 23768 CRM API request failed for employees: 404 Client Error: Not Found for url: https://crm.deluxebilisim.com/api/employees
WARNING 2025-09-01 12:27:24,316 services 24904 23768 Failed to retrieve employees from CRM
INFO 2025-09-01 12:27:25,969 services 24904 23768 Found 0 employee files in S3
INFO 2025-09-01 12:27:25,970 dashboard_views 24904 23768 Dashboard employee data retrieved successfully - Total: 32, Active: 32, Growth: -100.0%
INFO 2025-09-01 13:16:27,257 simple_s3_test 3812 14816    Bucket: ddsfocustime
INFO 2025-09-01 13:16:27,279 simple_s3_test 3812 14816    Objects found: 10
INFO 2025-09-01 13:16:27,280 simple_s3_test 3812 14816    Sample objects:
INFO 2025-09-01 13:16:27,280 simple_s3_test 3812 14816      1. logs/amirishaque67_at_gmail.com/--_Select_a_Task_--/2025-07-02_16-50-01_tmp2da5m5tr.json (36821 bytes)
INFO 2025-09-01 13:16:27,280 simple_s3_test 3812 14816      2. logs/amirishaque67_at_gmail.com/--_Select_a_Task_--/2025-07-02_17-22-38_--_Select_a_Task_--_program_raw.json (36821 bytes)
INFO 2025-09-01 13:16:27,281 simple_s3_test 3812 14816      3. logs/amirishaque67_at_gmail.com/--_Select_a_Task_--/2025-07-02_17-22-48_--_Select_a_Task_--_program_raw.json (36821 bytes)
INFO 2025-09-01 13:16:27,281 simple_s3_test 3812 14816      4. logs/amirishaque67_at_gmail.com/--_Select_a_Task_--/2025-07-02_17-29-19_--_Select_a_Task_--_program_raw.json (73283 bytes)
INFO 2025-09-01 13:16:27,282 simple_s3_test 3812 14816      5. logs/amirishaque67_at_gmail.com/--_Select_a_Task_--/2025-07-02_17-29-29_--_Select_a_Task_--_program_raw.json (73283 bytes)
INFO 2025-09-01 13:16:27,288 simple_s3_test 3812 14816   Testing Dashboard Employees: http://localhost:8000/api/dashboard/employees/
INFO 2025-09-01 13:16:31,531 simple_s3_test 3812 14816   Testing Analytics Employees: http://localhost:8000/api/dashboard/analytics/employees/
INFO 2025-09-01 13:16:35,576 simple_s3_test 3812 14816   Testing Metrics Employees: http://localhost:8000/api/dashboard/metrics/employees/
INFO 2025-09-01 13:16:39,667 simple_s3_test 3812 14816   Testing Test Connections: http://localhost:8000/api/dashboard/test-connections/
INFO 2025-09-01 13:16:43,737 simple_s3_test 3812 14816   Testing Data Sources: http://localhost:8000/api/dashboard/data-sources/
INFO 2025-09-01 13:23:21,853 analyze_s3_users_comprehensive 7100 29200 Successfully connected to S3 bucket: ddsfocustime
INFO 2025-09-01 13:23:21,854 analyze_s3_users_comprehensive 7100 29200 Starting comprehensive S3 users analysis...
ERROR 2025-09-01 13:51:18,586 analyze_s3_users_comprehensive 7100 29200 Error getting users from S3: Could not connect to the endpoint URL: "https://ddsfocustime.s3.eu-north-1.amazonaws.com/?list-type=2&continuation-token=1LzDIKxePlAIY9yt5FKbkr6LEkrStjSARGo650sfIYZ6dOVwwFVB%2BVLcAGWSVgrhmB8S5oBt4xYda0jQNbhhwM5m97f0%2FxZwZIl6%2FKqlM5yKYFAB76Op3Ibq%2Bgm3JATd%2F46dctAQV%2FtG8SaFFNjZSxUEuKa2P2QiE4Oqg3gCkkFJuL7Dh3FS%2FQYXSZgd%2F99bPhITFv3kfqm6T0d8lY56XzuIfI3tD7UNMWst3QZwQX1F5pB%2BEimGQdQ%3D%3D&encoding-type=url"
INFO 2025-09-01 13:55:48,338 analyze_s3_users_comprehensive 27604 25852 Successfully connected to S3 bucket: ddsfocustime
INFO 2025-09-01 13:55:48,339 analyze_s3_users_comprehensive 27604 25852 Starting comprehensive S3 users analysis...
ERROR 2025-09-01 14:03:58,853 analyze_s3_users_comprehensive 27604 25852 Error getting users from S3: Could not connect to the endpoint URL: "https://ddsfocustime.s3.eu-north-1.amazonaws.com/?list-type=2&continuation-token=1V3fKNnICkWahmGbtq3u%2B2gcUKyrYO2c32GwGmvVGPTr2iSXicwAEDMeEQQiWxWmetpU%2BwwWcXXWm40l7ea10eMgDFfN33As5jV94ACeJc6v%2BaMYugVw%2BncqmSisfB8GeDK8QD9Vu0qEMlAzxm7HGe1o5Mi3O9X54bGL6OkdBznr4BPldb%2Fu23JDrWXuDa6yo8plaMy%2B3f5s%3D&encoding-type=url"
INFO 2025-09-01 15:35:19,904 services 21488 25412 Starting comprehensive S3 users analysis...
INFO 2025-09-01 16:00:31,376 middleware 28484 20372 Request: GET /api/dashboard/employees/
INFO 2025-09-01 16:00:31,388 services 28484 20372 Starting comprehensive S3 users analysis from all sources...
INFO 2025-09-01 16:00:31,388 services 28484 20372 Processing screenshots/ folder...
INFO 2025-09-01 16:03:28,434 middleware 28484 29368 Request: GET /api/dashboard/employees/
INFO 2025-09-01 16:03:28,443 services 28484 29368 Starting comprehensive S3 users analysis from all sources...
INFO 2025-09-01 16:03:28,444 services 28484 29368 Processing screenshots/ folder...
INFO 2025-09-01 16:11:03,295 middleware 29436 24824 Request: GET /api/dashboard/employees/
INFO 2025-09-01 16:11:03,307 services 29436 24824 Starting comprehensive S3 users analysis from all sources...
INFO 2025-09-01 16:11:03,308 services 29436 24824 Processing screenshots/ folder...
INFO 2025-09-01 16:12:27,397 middleware 29436 6224 Request: GET /api/dashboard/s3-users-optimized/
INFO 2025-09-01 16:12:27,398 optimized_s3_views 29436 6224 Starting background S3 analysis...
INFO 2025-09-01 16:12:27,399 optimized_s3_views 29436 27476 Starting background S3 comprehensive analysis...
INFO 2025-09-01 16:12:27,399 middleware 29436 6224 Response: 200 for GET /api/dashboard/s3-users-optimized/
INFO 2025-09-01 16:12:27,420 services 29436 27476 Starting comprehensive S3 users analysis from all sources...
INFO 2025-09-01 16:12:27,421 services 29436 27476 Processing screenshots/ folder...
INFO 2025-09-01 16:12:27,421 basehttp 29436 6224 "GET /api/dashboard/s3-users-optimized/ HTTP/1.1" 200 926
INFO 2025-09-01 16:24:10,610 middleware 21896 24608 Request: GET /api/dashboard/pictures/
INFO 2025-09-01 16:24:10,625 picture_views 21896 24608 S3 client initialized successfully
INFO 2025-09-01 16:24:11,960 middleware 21896 24608 Response: 200 for GET /api/dashboard/pictures/
INFO 2025-09-01 16:24:11,961 basehttp 21896 24608 "GET /api/dashboard/pictures/ HTTP/1.1" 200 9401
INFO 2025-09-01 16:24:11,991 middleware 21896 25584 Request: GET /api/dashboard/pictures/
INFO 2025-09-01 16:24:12,001 picture_views 21896 25584 S3 client initialized successfully
INFO 2025-09-01 16:24:13,105 middleware 21896 25584 Response: 200 for GET /api/dashboard/pictures/
INFO 2025-09-01 16:24:13,106 basehttp 21896 25584 "GET /api/dashboard/pictures/?limit=5 HTTP/1.1" 200 4819
INFO 2025-09-01 16:24:13,132 middleware 21896 27644 Request: GET /api/dashboard/pictures/
INFO 2025-09-01 16:24:13,140 picture_views 21896 27644 S3 client initialized successfully
INFO 2025-09-01 16:24:14,255 middleware 21896 27644 Response: 200 for GET /api/dashboard/pictures/
INFO 2025-09-01 16:24:14,256 basehttp 21896 27644 "GET /api/dashboard/pictures/?latest=true&limit=3 HTTP/1.1" 200 2990
INFO 2025-09-01 16:24:14,261 middleware 21896 27244 Request: GET /api/dashboard/pictures/
INFO 2025-09-01 16:24:14,268 picture_views 21896 27244 S3 client initialized successfully
INFO 2025-09-01 16:24:15,182 middleware 21896 27244 Response: 200 for GET /api/dashboard/pictures/
INFO 2025-09-01 16:24:15,182 basehttp 21896 27244 "GET /api/dashboard/pictures/?folder=screenshots HTTP/1.1" 200 8487
INFO 2025-09-01 16:24:15,212 middleware 21896 17004 Request: GET /api/dashboard/pictures/
INFO 2025-09-01 16:24:15,220 picture_views 21896 17004 S3 client initialized successfully
INFO 2025-09-01 16:24:16,239 middleware 21896 17004 Response: 200 for GET /api/dashboard/pictures/
INFO 2025-09-01 16:24:16,240 basehttp 21896 17004 "GET /api/dashboard/pictures/?folder=users_screenshots HTTP/1.1" 200 8401
INFO 2025-09-01 16:24:16,262 middleware 21896 27336 Request: GET /api/dashboard/pictures/
INFO 2025-09-01 16:24:16,271 picture_views 21896 27336 S3 client initialized successfully
INFO 2025-09-01 16:24:17,541 middleware 21896 27336 Response: 200 for GET /api/dashboard/pictures/
INFO 2025-09-01 16:24:17,542 basehttp 21896 27336 "GET /api/dashboard/pictures/?date=2025-09-01 HTTP/1.1" 200 9285
INFO 2025-09-01 16:24:17,570 middleware 21896 17048 Request: GET /api/dashboard/pictures/
INFO 2025-09-01 16:24:17,578 picture_views 21896 17048 S3 client initialized successfully
INFO 2025-09-01 16:24:18,648 middleware 21896 17048 Response: 200 for GET /api/dashboard/pictures/
INFO 2025-09-01 16:24:18,653 basehttp 21896 17048 "GET /api/dashboard/pictures/?user_email=nawaz_at_dxdglobal.com HTTP/1.1" 200 257
INFO 2025-09-01 16:24:18,707 middleware 21896 18792 Request: GET /api/dashboard/pictures/user/nawaz_at_dxdglobal.com/
INFO 2025-09-01 16:24:19,931 middleware 21896 18792 Response: 200 for GET /api/dashboard/pictures/user/nawaz_at_dxdglobal.com/
INFO 2025-09-01 16:24:19,933 basehttp 21896 18792 "GET /api/dashboard/pictures/user/nawaz_at_dxdglobal.com/ HTTP/1.1" 200 189
INFO 2025-09-01 16:24:32,153 middleware 21896 4616 Request: GET /api/dashboard/pictures/
INFO 2025-09-01 16:24:32,165 picture_views 21896 4616 S3 client initialized successfully
INFO 2025-09-01 16:24:33,270 middleware 21896 4616 Response: 200 for GET /api/dashboard/pictures/
INFO 2025-09-01 16:24:33,270 basehttp 21896 4616 "GET /api/dashboard/pictures/?user_email=haseebcodejourney_at_gmail.com&limit=3 HTTP/1.1" 200 264
INFO 2025-09-01 16:28:09,319 middleware 10468 9148 Request: GET /api/dashboard/pictures/
INFO 2025-09-01 16:28:09,328 dashboard_pictures_view 10468 9148 S3 client initialized successfully for pictures API
ERROR 2025-09-01 16:28:09,454 dashboard_pictures_view 10468 9148 Error getting dashboard pictures data: Parameter validation failed:
Unknown parameter in input: "MaxItems", must be one of: Bucket, Delimiter, EncodingType, MaxKeys, Prefix, ContinuationToken, FetchOwner, StartAfter, RequestPayer, ExpectedBucketOwner, OptionalObjectAttributes
INFO 2025-09-01 16:28:09,454 dashboard_pictures_view 10468 9148 Dashboard pictures data retrieved - Total: 0, Users: 0
INFO 2025-09-01 16:28:09,456 middleware 10468 9148 Response: 200 for GET /api/dashboard/pictures/
INFO 2025-09-01 16:28:09,457 basehttp 10468 9148 "GET /api/dashboard/pictures/ HTTP/1.1" 200 800
INFO 2025-09-01 16:28:44,905 middleware 10468 9148 Request: GET /api/dashboard/pictures/
INFO 2025-09-01 16:28:44,913 dashboard_pictures_view 10468 9148 S3 client initialized successfully for pictures API
ERROR 2025-09-01 16:28:44,916 dashboard_pictures_view 10468 9148 Error getting dashboard pictures data: Parameter validation failed:
Unknown parameter in input: "MaxItems", must be one of: Bucket, Delimiter, EncodingType, MaxKeys, Prefix, ContinuationToken, FetchOwner, StartAfter, RequestPayer, ExpectedBucketOwner, OptionalObjectAttributes
INFO 2025-09-01 16:28:44,916 dashboard_pictures_view 10468 9148 Dashboard pictures data retrieved - Total: 0, Users: 0
INFO 2025-09-01 16:28:44,917 middleware 10468 9148 Response: 200 for GET /api/dashboard/pictures/
INFO 2025-09-01 16:28:44,917 basehttp 10468 9148 "GET /api/dashboard/pictures/?user_email=nawaz_at_dxdglobal.com HTTP/1.1" 200 820
INFO 2025-09-01 16:32:08,434 middleware 10468 26668 Request: GET /api/dashboard/employees/
INFO 2025-09-01 16:32:08,444 services 10468 26668 Starting comprehensive S3 users analysis from all sources...
INFO 2025-09-01 16:32:08,444 services 10468 26668 Processing screenshots/ folder...
ERROR 2025-09-01 16:34:29,373 services 10468 26668 Error processing folder screenshots/: Could not connect to the endpoint URL: "https://ddsfocustime.s3.eu-north-1.amazonaws.com/?list-type=2&prefix=screenshots%2F&continuation-token=1DYdXLxKml3aYLfDO1wSmIbASx8ebw3KPtD%2FDRdrFie2lSp1bf6jXDueZqttUPam1zaLDR9Gu5gOhaqann8%2FU0zVR5LiVify9bn11DIGvvG9xo1Mi%2F01NnfHj5w8wVLeCN%2FKENlbQyLfMa1YYX1ugUutsyXb43aZnrvJUJnS21u9GsGBpqpiek0%2Fq%2FIq9WG2K1NiH%2F%2BcDjBE%3D&encoding-type=url"
INFO 2025-09-01 16:34:29,374 services 10468 26668 Processing users_screenshots/ folder...
ERROR 2025-09-01 16:34:34,390 services 10468 26668 Error processing folder users_screenshots/: Could not connect to the endpoint URL: "https://ddsfocustime.s3.eu-north-1.amazonaws.com/?list-type=2&prefix=users_screenshots%2F&encoding-type=url"
INFO 2025-09-01 16:34:34,390 services 10468 26668 Combined S3 users analysis completed: 0 total users, 0 files, 0.0 GB
ERROR 2025-09-01 16:34:34,403 services 10468 26668 CRM API request failed for employees: HTTPSConnectionPool(host='crm.deluxebilisim.com', port=443): Max retries exceeded with url: /api/employees (Caused by NameResolutionError("<urllib3.connection.HTTPSConnection object at 0x000001171B342900>: Failed to resolve 'crm.deluxebilisim.com' ([Errno 11001] getaddrinfo failed)"))
WARNING 2025-09-01 16:34:34,403 services 10468 26668 Failed to retrieve employees from CRM
ERROR 2025-09-01 16:34:34,405 services 10468 26668 CRM API request failed for employees: HTTPSConnectionPool(host='crm.deluxebilisim.com', port=443): Max retries exceeded with url: /api/employees (Caused by NameResolutionError("<urllib3.connection.HTTPSConnection object at 0x000001171B438B90>: Failed to resolve 'crm.deluxebilisim.com' ([Errno 11001] getaddrinfo failed)"))
WARNING 2025-09-01 16:34:34,406 services 10468 26668 Failed to retrieve employees from CRM
ERROR 2025-09-01 16:34:34,408 services 10468 26668 CRM API request failed for employees: HTTPSConnectionPool(host='crm.deluxebilisim.com', port=443): Max retries exceeded with url: /api/employees (Caused by NameResolutionError("<urllib3.connection.HTTPSConnection object at 0x000001171B43A850>: Failed to resolve 'crm.deluxebilisim.com' ([Errno 11001] getaddrinfo failed)"))
WARNING 2025-09-01 16:34:34,408 services 10468 26668 Failed to retrieve employees from CRM
ERROR 2025-09-01 16:34:55,090 services 10468 26668 Error listing S3 screenshot files: Could not connect to the endpoint URL: "https://ddsfocustime.s3.eu-north-1.amazonaws.com/?list-type=2&prefix=screenshots%2F&max-keys=1000&encoding-type=url"
INFO 2025-09-01 16:34:55,090 dashboard_views 10468 26668 Dashboard employee data retrieved successfully - Total: 37, Active: 0, Growth: -100.0%
INFO 2025-09-01 16:34:55,091 middleware 10468 26668 Response: 200 for GET /api/dashboard/employees/
INFO 2025-09-01 16:34:55,092 basehttp 10468 26668 "GET /api/dashboard/employees/ HTTP/1.1" 200 1028
INFO 2025-09-01 16:45:39,322 middleware 8872 3196 Request: GET /api/dashboard/pictures/
INFO 2025-09-01 16:45:39,332 pictures_api_view 8872 3196 S3 client initialized successfully for pictures API
INFO 2025-09-01 16:45:41,334 pictures_api_view 8872 3196 Dashboard pictures data retrieved successfully - Total: 447, Users: 2, Growth: 15.5%
INFO 2025-09-01 16:45:41,335 middleware 8872 3196 Response: 200 for GET /api/dashboard/pictures/
INFO 2025-09-01 16:45:41,335 basehttp 8872 3196 "GET /api/dashboard/pictures/ HTTP/1.1" 200 1305
INFO 2025-09-01 16:49:15,994 middleware 7800 23020 Request: GET /api/dashboard/employees/
INFO 2025-09-01 16:49:16,016 users_screenshots_view 7800 23020 S3 client initialized successfully for users_screenshots API
INFO 2025-09-01 16:49:16,115 users_screenshots_view 7800 23020 Starting to process users_screenshots folder...
ERROR 2025-09-01 16:49:16,118 users_screenshots_view 7800 23020 Error getting comprehensive screenshots data: Parameter validation failed:
Unknown parameter in input: "MaxItems", must be one of: Bucket, Delimiter, EncodingType, MaxKeys, Prefix, ContinuationToken, FetchOwner, StartAfter, RequestPayer, ExpectedBucketOwner, OptionalObjectAttributes
INFO 2025-09-01 16:49:16,118 users_screenshots_view 7800 23020 Users screenshots data retrieved successfully - Total: 0, Active: 0, Growth: 0%
INFO 2025-09-01 16:49:16,119 middleware 7800 23020 Response: 200 for GET /api/dashboard/employees/
INFO 2025-09-01 16:49:16,119 basehttp 7800 23020 "GET /api/dashboard/employees/ HTTP/1.1" 200 978
INFO 2025-09-01 16:51:30,240 middleware 20304 27036 Request: GET /api/dashboard/employees/
INFO 2025-09-01 16:51:30,258 users_screenshots_view 20304 27036 S3 client initialized successfully for users_screenshots API
INFO 2025-09-01 16:51:30,368 users_screenshots_view 20304 27036 Starting to process users_screenshots folder...
ERROR 2025-09-01 16:51:30,371 users_screenshots_view 20304 27036 Error getting comprehensive screenshots data: Parameter validation failed:
Unknown parameter in input: "MaxItems", must be one of: Bucket, Delimiter, EncodingType, MaxKeys, Prefix, ContinuationToken, FetchOwner, StartAfter, RequestPayer, ExpectedBucketOwner, OptionalObjectAttributes
INFO 2025-09-01 16:51:30,371 users_screenshots_view 20304 27036 Users screenshots data retrieved successfully - Total: 0, Active: 0, Growth: 0%
INFO 2025-09-01 16:51:30,372 middleware 20304 27036 Response: 200 for GET /api/dashboard/employees/
INFO 2025-09-01 16:51:30,373 basehttp 20304 27036 "GET /api/dashboard/employees/ HTTP/1.1" 200 978
INFO 2025-09-01 16:51:36,710 middleware 20304 27036 Request: GET /api/dashboard/employees/
INFO 2025-09-01 16:51:36,719 users_screenshots_view 20304 27036 S3 client initialized successfully for users_screenshots API
INFO 2025-09-01 16:51:36,720 users_screenshots_view 20304 27036 Starting to process users_screenshots folder...
ERROR 2025-09-01 16:51:36,722 users_screenshots_view 20304 27036 Error getting comprehensive screenshots data: Parameter validation failed:
Unknown parameter in input: "MaxItems", must be one of: Bucket, Delimiter, EncodingType, MaxKeys, Prefix, ContinuationToken, FetchOwner, StartAfter, RequestPayer, ExpectedBucketOwner, OptionalObjectAttributes
INFO 2025-09-01 16:51:36,722 users_screenshots_view 20304 27036 Users screenshots data retrieved successfully - Total: 0, Active: 0, Growth: 0%
INFO 2025-09-01 16:51:36,723 middleware 20304 27036 Response: 200 for GET /api/dashboard/employees/
INFO 2025-09-01 16:51:36,724 basehttp 20304 27036 "GET /api/dashboard/employees/ HTTP/1.1" 200 978
INFO 2025-09-01 16:51:44,939 middleware 20304 27036 Request: GET /api/dashboard/employees/
INFO 2025-09-01 16:51:44,946 users_screenshots_view 20304 27036 S3 client initialized successfully for users_screenshots API
INFO 2025-09-01 16:51:44,948 users_screenshots_view 20304 27036 Starting to process users_screenshots folder...
ERROR 2025-09-01 16:51:44,950 users_screenshots_view 20304 27036 Error getting comprehensive screenshots data: Parameter validation failed:
Unknown parameter in input: "MaxItems", must be one of: Bucket, Delimiter, EncodingType, MaxKeys, Prefix, ContinuationToken, FetchOwner, StartAfter, RequestPayer, ExpectedBucketOwner, OptionalObjectAttributes
INFO 2025-09-01 16:51:44,950 users_screenshots_view 20304 27036 Users screenshots data retrieved successfully - Total: 0, Active: 0, Growth: 0%
INFO 2025-09-01 16:51:44,951 middleware 20304 27036 Response: 200 for GET /api/dashboard/employees/
INFO 2025-09-01 16:51:44,952 basehttp 20304 27036 "GET /api/dashboard/employees/ HTTP/1.1" 200 978
INFO 2025-09-01 16:52:18,594 middleware 20304 25824 Request: GET /api/dashboard/employees/
INFO 2025-09-01 16:52:18,606 users_screenshots_view 20304 25824 S3 client initialized successfully for users_screenshots API
INFO 2025-09-01 16:52:18,607 users_screenshots_view 20304 25824 Starting to process users_screenshots folder...
ERROR 2025-09-01 16:52:18,608 users_screenshots_view 20304 25824 Error getting comprehensive screenshots data: Parameter validation failed:
Unknown parameter in input: "MaxItems", must be one of: Bucket, Delimiter, EncodingType, MaxKeys, Prefix, ContinuationToken, FetchOwner, StartAfter, RequestPayer, ExpectedBucketOwner, OptionalObjectAttributes
INFO 2025-09-01 16:52:18,609 users_screenshots_view 20304 25824 Users screenshots data retrieved successfully - Total: 0, Active: 0, Growth: 0%
INFO 2025-09-01 16:52:18,609 middleware 20304 25824 Response: 200 for GET /api/dashboard/employees/
INFO 2025-09-01 16:52:18,610 basehttp 20304 25824 "GET /api/dashboard/employees/ HTTP/1.1" 200 978
INFO 2025-09-01 16:59:08,709 middleware 20304 30288 Request: GET /api/dashboard/pictures/
INFO 2025-09-01 16:59:08,719 dashboard_pictures_view 20304 30288 S3 client initialized successfully for pictures API
ERROR 2025-09-01 16:59:08,721 dashboard_pictures_view 20304 30288 Error getting dashboard pictures data: Parameter validation failed:
Unknown parameter in input: "MaxItems", must be one of: Bucket, Delimiter, EncodingType, MaxKeys, Prefix, ContinuationToken, FetchOwner, StartAfter, RequestPayer, ExpectedBucketOwner, OptionalObjectAttributes
INFO 2025-09-01 16:59:08,721 dashboard_pictures_view 20304 30288 Dashboard pictures data retrieved - Total: 0, Users: 0
INFO 2025-09-01 16:59:08,722 middleware 20304 30288 Response: 200 for GET /api/dashboard/pictures/
INFO 2025-09-01 16:59:08,722 basehttp 20304 30288 "GET /api/dashboard/pictures/ HTTP/1.1" 200 800
INFO 2025-09-01 16:59:34,667 middleware 20304 30288 Request: GET /api/dashboard/pictures/download/
INFO 2025-09-01 16:59:34,677 middleware 20304 30288 Response: 400 for GET /api/dashboard/pictures/download/
WARNING 2025-09-01 16:59:34,681 log 20304 30288 Bad Request: /api/dashboard/pictures/download/
WARNING 2025-09-01 16:59:34,681 basehttp 20304 30288 "GET /api/dashboard/pictures/download/ HTTP/1.1" 400 54
INFO 2025-09-01 17:09:51,485 middleware 17004 6476 Request: GET /api/dashboard/pictures/download/
INFO 2025-09-01 17:09:54,881 middleware 17004 6476 Response: 404 for GET /api/dashboard/pictures/download/
WARNING 2025-09-01 17:09:54,893 log 17004 6476 Not Found: /api/dashboard/pictures/download/
WARNING 2025-09-01 17:09:54,894 basehttp 17004 6476 "GET /api/dashboard/pictures/download/ HTTP/1.1" 404 4874
INFO 2025-09-01 17:10:05,403 middleware 17004 6476 Request: GET /api/dashboard/employees/
INFO 2025-09-01 17:10:05,899 users_screenshots_view 17004 6476 S3 client initialized successfully for users_screenshots API
INFO 2025-09-01 17:10:06,000 users_screenshots_view 17004 6476 Starting to process users_screenshots folder...
ERROR 2025-09-01 17:10:06,003 users_screenshots_view 17004 6476 Error getting comprehensive screenshots data: Parameter validation failed:
Unknown parameter in input: "MaxItems", must be one of: Bucket, Delimiter, EncodingType, MaxKeys, Prefix, ContinuationToken, FetchOwner, StartAfter, RequestPayer, ExpectedBucketOwner, OptionalObjectAttributes
INFO 2025-09-01 17:10:06,003 users_screenshots_view 17004 6476 Users screenshots data retrieved successfully - Total: 0, Active: 0, Growth: 0%
INFO 2025-09-01 17:10:06,004 middleware 17004 6476 Response: 200 for GET /api/dashboard/employees/
INFO 2025-09-01 17:10:06,005 basehttp 17004 6476 "GET /api/dashboard/employees/ HTTP/1.1" 200 978
INFO 2025-09-01 17:10:12,680 middleware 17004 27652 Request: GET /api/dashboard/employees/
INFO 2025-09-01 17:10:12,690 users_screenshots_view 17004 27652 S3 client initialized successfully for users_screenshots API
INFO 2025-09-01 17:10:12,691 users_screenshots_view 17004 27652 Starting to process users_screenshots folder...
ERROR 2025-09-01 17:10:12,694 users_screenshots_view 17004 27652 Error getting comprehensive screenshots data: Parameter validation failed:
Unknown parameter in input: "MaxItems", must be one of: Bucket, Delimiter, EncodingType, MaxKeys, Prefix, ContinuationToken, FetchOwner, StartAfter, RequestPayer, ExpectedBucketOwner, OptionalObjectAttributes
INFO 2025-09-01 17:10:12,694 users_screenshots_view 17004 27652 Users screenshots data retrieved successfully - Total: 0, Active: 0, Growth: 0%
INFO 2025-09-01 17:10:12,695 middleware 17004 27652 Response: 200 for GET /api/dashboard/employees/
INFO 2025-09-01 17:10:12,696 basehttp 17004 27652 "GET /api/dashboard/employees/ HTTP/1.1" 200 978
INFO 2025-09-01 17:10:18,242 middleware 17004 23752 Request: GET /api/dashboard/employees/
INFO 2025-09-01 17:10:18,251 users_screenshots_view 17004 23752 S3 client initialized successfully for users_screenshots API
INFO 2025-09-01 17:10:18,252 users_screenshots_view 17004 23752 Starting to process users_screenshots folder...
ERROR 2025-09-01 17:10:18,255 users_screenshots_view 17004 23752 Error getting comprehensive screenshots data: Parameter validation failed:
Unknown parameter in input: "MaxItems", must be one of: Bucket, Delimiter, EncodingType, MaxKeys, Prefix, ContinuationToken, FetchOwner, StartAfter, RequestPayer, ExpectedBucketOwner, OptionalObjectAttributes
INFO 2025-09-01 17:10:18,256 users_screenshots_view 17004 23752 Users screenshots data retrieved successfully - Total: 0, Active: 0, Growth: 0%
INFO 2025-09-01 17:10:18,256 middleware 17004 23752 Response: 200 for GET /api/dashboard/employees/
INFO 2025-09-01 17:10:18,257 basehttp 17004 23752 "GET /api/dashboard/employees/ HTTP/1.1" 200 978
INFO 2025-09-01 17:10:42,553 middleware 17004 29676 Request: GET /api/dashboard/employees/
INFO 2025-09-01 17:10:42,564 users_screenshots_view 17004 29676 S3 client initialized successfully for users_screenshots API
INFO 2025-09-01 17:10:42,564 users_screenshots_view 17004 29676 Starting to process users_screenshots folder...
ERROR 2025-09-01 17:10:42,566 users_screenshots_view 17004 29676 Error getting comprehensive screenshots data: Parameter validation failed:
Unknown parameter in input: "MaxItems", must be one of: Bucket, Delimiter, EncodingType, MaxKeys, Prefix, ContinuationToken, FetchOwner, StartAfter, RequestPayer, ExpectedBucketOwner, OptionalObjectAttributes
INFO 2025-09-01 17:10:42,567 users_screenshots_view 17004 29676 Users screenshots data retrieved successfully - Total: 0, Active: 0, Growth: 0%
INFO 2025-09-01 17:10:42,567 middleware 17004 29676 Response: 200 for GET /api/dashboard/employees/
INFO 2025-09-01 17:10:42,568 basehttp 17004 29676 "GET /api/dashboard/employees/ HTTP/1.1" 200 978
INFO 2025-09-01 17:20:06,402 middleware 30676 8440 Request: GET /api/dashboard/employees/
INFO 2025-09-01 17:20:06,913 users_screenshots_view 30676 8440 S3 client initialized successfully for users_screenshots API
INFO 2025-09-01 17:20:07,030 users_screenshots_view 30676 8440 Starting to process users_screenshots folder...
INFO 2025-09-01 17:20:08,938 users_screenshots_view 30676 8440 Processing page with 478 objects
INFO 2025-09-01 17:20:08,939 users_screenshots_view 30676 8440 S3 Processing Summary:
INFO 2025-09-01 17:20:08,940 users_screenshots_view 30676 8440   - Total users found: 2
INFO 2025-09-01 17:20:08,940 users_screenshots_view 30676 8440   - Active users: 2
INFO 2025-09-01 17:20:08,940 users_screenshots_view 30676 8440   - Total files: 477
INFO 2025-09-01 17:20:08,940 users_screenshots_view 30676 8440   - Users data: ['haseebcodejourney_at_gmail.com', 'nawaz_at_dxdglobal.com']
INFO 2025-09-01 17:20:08,945 users_screenshots_view 30676 8440 Processed users_screenshots: 2 users, 477 files, 88.61MB
INFO 2025-09-01 17:20:08,946 users_screenshots_view 30676 8440 Users screenshots data retrieved successfully - Total: 2, Active: 2, Growth: 100.0%
INFO 2025-09-01 17:20:08,947 middleware 30676 8440 Response: 200 for GET /api/dashboard/employees/
INFO 2025-09-01 17:20:08,947 basehttp 30676 8440 "GET /api/dashboard/employees/ HTTP/1.1" 200 1346
INFO 2025-09-01 17:23:27,045 middleware 30676 29932 Request: GET /api/dashboard/employees/
INFO 2025-09-01 17:23:27,056 users_screenshots_view 30676 29932 S3 client initialized successfully for users_screenshots API
INFO 2025-09-01 17:23:27,057 users_screenshots_view 30676 29932 Starting to process users_screenshots folder...
INFO 2025-09-01 17:23:29,304 users_screenshots_view 30676 29932 Processing page with 481 objects
INFO 2025-09-01 17:23:29,306 users_screenshots_view 30676 29932 S3 Processing Summary:
INFO 2025-09-01 17:23:29,306 users_screenshots_view 30676 29932   - Total users found: 2
INFO 2025-09-01 17:23:29,307 users_screenshots_view 30676 29932   - Active users: 2
INFO 2025-09-01 17:23:29,307 users_screenshots_view 30676 29932   - Total files: 480
INFO 2025-09-01 17:23:29,307 users_screenshots_view 30676 29932   - Users data: ['haseebcodejourney_at_gmail.com', 'nawaz_at_dxdglobal.com']
INFO 2025-09-01 17:23:29,308 users_screenshots_view 30676 29932 Processed users_screenshots: 2 users, 480 files, 89.13MB
INFO 2025-09-01 17:23:29,308 users_screenshots_view 30676 29932 Users screenshots data retrieved successfully - Total: 2, Active: 2, Growth: 100.0%
INFO 2025-09-01 17:23:29,309 middleware 30676 29932 Response: 200 for GET /api/dashboard/employees/
INFO 2025-09-01 17:23:29,310 basehttp 30676 29932 "GET /api/dashboard/employees/ HTTP/1.1" 200 1346
INFO 2025-09-01 17:24:05,114 middleware 30676 27572 Request: GET /api/dashboard/employees/
INFO 2025-09-01 17:24:05,125 users_screenshots_view 30676 27572 S3 client initialized successfully for users_screenshots API
INFO 2025-09-01 17:24:05,125 users_screenshots_view 30676 27572 Starting to process users_screenshots folder...
INFO 2025-09-01 17:24:07,075 users_screenshots_view 30676 27572 Processing page with 481 objects
INFO 2025-09-01 17:24:07,078 users_screenshots_view 30676 27572 S3 Processing Summary:
INFO 2025-09-01 17:24:07,078 users_screenshots_view 30676 27572   - Total users found: 2
INFO 2025-09-01 17:24:07,079 users_screenshots_view 30676 27572   - Active users: 2
INFO 2025-09-01 17:24:07,079 users_screenshots_view 30676 27572   - Total files: 480
INFO 2025-09-01 17:24:07,080 users_screenshots_view 30676 27572   - Users data: ['haseebcodejourney_at_gmail.com', 'nawaz_at_dxdglobal.com']
INFO 2025-09-01 17:24:07,080 users_screenshots_view 30676 27572 Processed users_screenshots: 2 users, 480 files, 89.13MB
INFO 2025-09-01 17:24:07,081 users_screenshots_view 30676 27572 Users screenshots data retrieved successfully - Total: 2, Active: 2, Growth: 100.0%
INFO 2025-09-01 17:24:07,082 middleware 30676 27572 Response: 200 for GET /api/dashboard/employees/
INFO 2025-09-01 17:24:07,083 basehttp 30676 27572 "GET /api/dashboard/employees/ HTTP/1.1" 200 1346
INFO 2025-09-01 17:24:35,171 middleware 30676 30832 Request: GET /api/dashboard/employees/
INFO 2025-09-01 17:24:35,183 users_screenshots_view 30676 30832 S3 client initialized successfully for users_screenshots API
INFO 2025-09-01 17:24:35,184 users_screenshots_view 30676 30832 Starting to process users_screenshots folder...
INFO 2025-09-01 17:24:37,189 users_screenshots_view 30676 30832 Processing page with 481 objects
INFO 2025-09-01 17:24:37,191 users_screenshots_view 30676 30832 S3 Processing Summary:
INFO 2025-09-01 17:24:37,192 users_screenshots_view 30676 30832   - Total users found: 2
INFO 2025-09-01 17:24:37,192 users_screenshots_view 30676 30832   - Active users: 2
INFO 2025-09-01 17:24:37,192 users_screenshots_view 30676 30832   - Total files: 480
INFO 2025-09-01 17:24:37,192 users_screenshots_view 30676 30832   - Users data: ['haseebcodejourney_at_gmail.com', 'nawaz_at_dxdglobal.com']
INFO 2025-09-01 17:24:37,193 users_screenshots_view 30676 30832 Processed users_screenshots: 2 users, 480 files, 89.13MB
INFO 2025-09-01 17:24:37,193 users_screenshots_view 30676 30832 Users screenshots data retrieved successfully - Total: 2, Active: 2, Growth: 100.0%
INFO 2025-09-01 17:24:37,194 middleware 30676 30832 Response: 200 for GET /api/dashboard/employees/
INFO 2025-09-01 17:24:37,195 basehttp 30676 30832 "GET /api/dashboard/employees/ HTTP/1.1" 200 1346
INFO 2025-09-01 17:24:59,353 middleware 30676 30832 Request: GET /api/dashboard/employees/
INFO 2025-09-01 17:24:59,364 users_screenshots_view 30676 30832 S3 client initialized successfully for users_screenshots API
INFO 2025-09-01 17:24:59,364 users_screenshots_view 30676 30832 Starting to process users_screenshots folder...
INFO 2025-09-01 17:25:01,016 users_screenshots_view 30676 30832 Processing page with 481 objects
INFO 2025-09-01 17:25:01,018 users_screenshots_view 30676 30832 S3 Processing Summary:
INFO 2025-09-01 17:25:01,019 users_screenshots_view 30676 30832   - Total users found: 2
INFO 2025-09-01 17:25:01,019 users_screenshots_view 30676 30832   - Active users: 2
INFO 2025-09-01 17:25:01,020 users_screenshots_view 30676 30832   - Total files: 480
INFO 2025-09-01 17:25:01,020 users_screenshots_view 30676 30832   - Users data: ['haseebcodejourney_at_gmail.com', 'nawaz_at_dxdglobal.com']
INFO 2025-09-01 17:25:01,021 users_screenshots_view 30676 30832 Processed users_screenshots: 2 users, 480 files, 89.13MB
INFO 2025-09-01 17:25:01,022 users_screenshots_view 30676 30832 Users screenshots data retrieved successfully - Total: 2, Active: 2, Growth: 100.0%
INFO 2025-09-01 17:25:01,022 middleware 30676 30832 Response: 200 for GET /api/dashboard/employees/
INFO 2025-09-01 17:25:01,023 basehttp 30676 30832 "GET /api/dashboard/employees/ HTTP/1.1" 200 1346
INFO 2025-09-01 17:27:33,868 middleware 30676 15992 Request: GET /api/dashboard/employees/
INFO 2025-09-01 17:27:33,881 users_screenshots_view 30676 15992 S3 client initialized successfully for users_screenshots API
INFO 2025-09-01 17:27:33,881 users_screenshots_view 30676 15992 Starting to process users_screenshots folder...
INFO 2025-09-01 17:27:35,893 users_screenshots_view 30676 15992 Processing page with 482 objects
INFO 2025-09-01 17:27:35,896 users_screenshots_view 30676 15992 S3 Processing Summary:
INFO 2025-09-01 17:27:35,896 users_screenshots_view 30676 15992   - Total users found: 3
INFO 2025-09-01 17:27:35,896 users_screenshots_view 30676 15992   - Active users: 3
INFO 2025-09-01 17:27:35,897 users_screenshots_view 30676 15992   - Total files: 481
INFO 2025-09-01 17:27:35,897 users_screenshots_view 30676 15992   - Users data: ['haseebcodejourney_at_gmail.com', 'kiranaiza4_at_gmail.com', 'nawaz_at_dxdglobal.com']
INFO 2025-09-01 17:27:35,898 users_screenshots_view 30676 15992 Processed users_screenshots: 3 users, 481 files, 89.32MB
INFO 2025-09-01 17:27:35,898 users_screenshots_view 30676 15992 Users screenshots data retrieved successfully - Total: 3, Active: 3, Growth: 100.0%
INFO 2025-09-01 17:27:35,899 middleware 30676 15992 Response: 200 for GET /api/dashboard/employees/
INFO 2025-09-01 17:27:35,899 basehttp 30676 15992 "GET /api/dashboard/employees/ HTTP/1.1" 200 1507
INFO 2025-09-01 17:44:50,408 middleware 31192 17816 Request: GET /api/dashboard/crm-test/
INFO 2025-09-01 17:44:50,411 crm_comprehensive_views 31192 17816 Making CRM API request to: https://crm.deluxebilisim.com/api/employees
INFO 2025-09-01 17:44:51,662 crm_comprehensive_views 31192 17816 CRM API response status: 404
WARNING 2025-09-01 17:44:51,663 crm_comprehensive_views 31192 17816 CRM API endpoint not found: employees
INFO 2025-09-01 17:44:51,665 crm_comprehensive_views 31192 17816 Making CRM API request to: https://crm.deluxebilisim.com/api/projects
INFO 2025-09-01 17:44:52,612 crm_comprehensive_views 31192 17816 CRM API response status: 404
WARNING 2025-09-01 17:44:52,612 crm_comprehensive_views 31192 17816 CRM API endpoint not found: projects
INFO 2025-09-01 17:44:52,615 crm_comprehensive_views 31192 17816 Making CRM API request to: https://crm.deluxebilisim.com/api/tasks
INFO 2025-09-01 17:44:53,600 crm_comprehensive_views 31192 17816 CRM API response status: 404
WARNING 2025-09-01 17:44:53,600 crm_comprehensive_views 31192 17816 CRM API endpoint not found: tasks
INFO 2025-09-01 17:44:53,602 crm_comprehensive_views 31192 17816 Making CRM API request to: https://crm.deluxebilisim.com/api/dashboard
INFO 2025-09-01 17:44:54,567 crm_comprehensive_views 31192 17816 CRM API response status: 404
WARNING 2025-09-01 17:44:54,567 crm_comprehensive_views 31192 17816 CRM API endpoint not found: dashboard
INFO 2025-09-01 17:44:54,570 crm_comprehensive_views 31192 17816 Making CRM API request to: https://crm.deluxebilisim.com/api/users
INFO 2025-09-01 17:44:55,517 crm_comprehensive_views 31192 17816 CRM API response status: 404
WARNING 2025-09-01 17:44:55,517 crm_comprehensive_views 31192 17816 CRM API endpoint not found: users
INFO 2025-09-01 17:44:55,519 crm_comprehensive_views 31192 17816 Making CRM API request to: https://crm.deluxebilisim.com/api/deals
INFO 2025-09-01 17:44:56,502 crm_comprehensive_views 31192 17816 CRM API response status: 404
WARNING 2025-09-01 17:44:56,502 crm_comprehensive_views 31192 17816 CRM API endpoint not found: deals
INFO 2025-09-01 17:44:56,506 middleware 31192 17816 Response: 200 for GET /api/dashboard/crm-test/
INFO 2025-09-01 17:44:56,507 basehttp 31192 17816 "GET /api/dashboard/crm-test/ HTTP/1.1" 200 703
INFO 2025-09-01 17:44:56,513 middleware 31192 24656 Request: GET /api/dashboard/crm-comprehensive/
INFO 2025-09-01 17:44:56,514 crm_comprehensive_views 31192 24656 Starting CRM comprehensive dashboard data retrieval...
INFO 2025-09-01 17:44:56,514 crm_comprehensive_views 31192 24656 Trying CRM endpoint: employees
INFO 2025-09-01 17:44:56,514 crm_comprehensive_views 31192 24656 Making CRM API request to: https://crm.deluxebilisim.com/api/employees
INFO 2025-09-01 17:44:57,530 crm_comprehensive_views 31192 24656 CRM API response status: 404
WARNING 2025-09-01 17:44:57,531 crm_comprehensive_views 31192 24656 CRM API endpoint not found: employees
INFO 2025-09-01 17:44:57,533 crm_comprehensive_views 31192 24656 Trying CRM endpoint: users
INFO 2025-09-01 17:44:57,533 crm_comprehensive_views 31192 24656 Making CRM API request to: https://crm.deluxebilisim.com/api/users
INFO 2025-09-01 17:44:58,470 crm_comprehensive_views 31192 24656 CRM API response status: 404
WARNING 2025-09-01 17:44:58,470 crm_comprehensive_views 31192 24656 CRM API endpoint not found: users
INFO 2025-09-01 17:44:58,472 crm_comprehensive_views 31192 24656 Trying CRM endpoint: staff
INFO 2025-09-01 17:44:58,472 crm_comprehensive_views 31192 24656 Making CRM API request to: https://crm.deluxebilisim.com/api/staff
INFO 2025-09-01 17:44:59,459 crm_comprehensive_views 31192 24656 CRM API response status: 404
WARNING 2025-09-01 17:44:59,459 crm_comprehensive_views 31192 24656 CRM API endpoint not found: staff
INFO 2025-09-01 17:44:59,462 crm_comprehensive_views 31192 24656 Trying CRM endpoint: personnel
INFO 2025-09-01 17:44:59,462 crm_comprehensive_views 31192 24656 Making CRM API request to: https://crm.deluxebilisim.com/api/personnel
INFO 2025-09-01 17:45:00,441 crm_comprehensive_views 31192 24656 CRM API response status: 404
WARNING 2025-09-01 17:45:00,442 crm_comprehensive_views 31192 24656 CRM API endpoint not found: personnel
INFO 2025-09-01 17:45:00,445 crm_comprehensive_views 31192 24656 Trying CRM endpoint: team
INFO 2025-09-01 17:45:00,446 crm_comprehensive_views 31192 24656 Making CRM API request to: https://crm.deluxebilisim.com/api/team
INFO 2025-09-01 17:45:01,547 crm_comprehensive_views 31192 24656 CRM API response status: 404
WARNING 2025-09-01 17:45:01,547 crm_comprehensive_views 31192 24656 CRM API endpoint not found: team
INFO 2025-09-01 17:45:01,549 crm_comprehensive_views 31192 24656 Trying CRM endpoint: members
INFO 2025-09-01 17:45:01,550 crm_comprehensive_views 31192 24656 Making CRM API request to: https://crm.deluxebilisim.com/api/members
INFO 2025-09-01 17:45:02,482 crm_comprehensive_views 31192 24656 CRM API response status: 404
WARNING 2025-09-01 17:45:02,482 crm_comprehensive_views 31192 24656 CRM API endpoint not found: members
WARNING 2025-09-01 17:45:02,484 crm_comprehensive_views 31192 24656 No employees found in any CRM endpoint
INFO 2025-09-01 17:45:02,484 crm_comprehensive_views 31192 24656 Trying CRM projects endpoint: projects
INFO 2025-09-01 17:45:02,485 crm_comprehensive_views 31192 24656 Making CRM API request to: https://crm.deluxebilisim.com/api/projects
INFO 2025-09-01 17:45:03,915 crm_comprehensive_views 31192 24656 CRM API response status: 404
WARNING 2025-09-01 17:45:03,915 crm_comprehensive_views 31192 24656 CRM API endpoint not found: projects
INFO 2025-09-01 17:45:03,917 crm_comprehensive_views 31192 24656 Trying CRM projects endpoint: deals
INFO 2025-09-01 17:45:03,918 crm_comprehensive_views 31192 24656 Making CRM API request to: https://crm.deluxebilisim.com/api/deals
INFO 2025-09-01 17:45:05,141 crm_comprehensive_views 31192 24656 CRM API response status: 404
WARNING 2025-09-01 17:45:05,142 crm_comprehensive_views 31192 24656 CRM API endpoint not found: deals
INFO 2025-09-01 17:45:05,144 crm_comprehensive_views 31192 24656 Trying CRM projects endpoint: opportunities
INFO 2025-09-01 17:45:05,145 crm_comprehensive_views 31192 24656 Making CRM API request to: https://crm.deluxebilisim.com/api/opportunities
INFO 2025-09-01 17:45:06,141 crm_comprehensive_views 31192 24656 CRM API response status: 404
WARNING 2025-09-01 17:45:06,142 crm_comprehensive_views 31192 24656 CRM API endpoint not found: opportunities
INFO 2025-09-01 17:45:06,145 crm_comprehensive_views 31192 24656 Trying CRM projects endpoint: cases
INFO 2025-09-01 17:45:06,145 crm_comprehensive_views 31192 24656 Making CRM API request to: https://crm.deluxebilisim.com/api/cases
INFO 2025-09-01 17:45:07,245 crm_comprehensive_views 31192 24656 CRM API response status: 404
WARNING 2025-09-01 17:45:07,246 crm_comprehensive_views 31192 24656 CRM API endpoint not found: cases
INFO 2025-09-01 17:45:07,248 crm_comprehensive_views 31192 24656 Trying CRM projects endpoint: workspaces
INFO 2025-09-01 17:45:07,248 crm_comprehensive_views 31192 24656 Making CRM API request to: https://crm.deluxebilisim.com/api/workspaces
INFO 2025-09-01 17:45:08,470 crm_comprehensive_views 31192 24656 CRM API response status: 404
WARNING 2025-09-01 17:45:08,470 crm_comprehensive_views 31192 24656 CRM API endpoint not found: workspaces
INFO 2025-09-01 17:45:08,473 crm_comprehensive_views 31192 24656 Trying CRM projects endpoint: campaigns
INFO 2025-09-01 17:45:08,473 crm_comprehensive_views 31192 24656 Making CRM API request to: https://crm.deluxebilisim.com/api/campaigns
INFO 2025-09-01 17:45:09,758 crm_comprehensive_views 31192 24656 CRM API response status: 404
WARNING 2025-09-01 17:45:09,758 crm_comprehensive_views 31192 24656 CRM API endpoint not found: campaigns
WARNING 2025-09-01 17:45:09,761 crm_comprehensive_views 31192 24656 No projects found in any CRM endpoint
INFO 2025-09-01 17:45:09,761 crm_comprehensive_views 31192 24656 Trying CRM tasks endpoint: tasks
INFO 2025-09-01 17:45:09,762 crm_comprehensive_views 31192 24656 Making CRM API request to: https://crm.deluxebilisim.com/api/tasks
INFO 2025-09-01 17:45:10,750 crm_comprehensive_views 31192 24656 CRM API response status: 404
WARNING 2025-09-01 17:45:10,750 crm_comprehensive_views 31192 24656 CRM API endpoint not found: tasks
INFO 2025-09-01 17:45:10,753 crm_comprehensive_views 31192 24656 Trying CRM tasks endpoint: activities
INFO 2025-09-01 17:45:10,753 crm_comprehensive_views 31192 24656 Making CRM API request to: https://crm.deluxebilisim.com/api/activities
INFO 2025-09-01 17:45:11,801 crm_comprehensive_views 31192 24656 CRM API response status: 404
WARNING 2025-09-01 17:45:11,802 crm_comprehensive_views 31192 24656 CRM API endpoint not found: activities
INFO 2025-09-01 17:45:11,804 crm_comprehensive_views 31192 24656 Trying CRM tasks endpoint: todos
INFO 2025-09-01 17:45:11,804 crm_comprehensive_views 31192 24656 Making CRM API request to: https://crm.deluxebilisim.com/api/todos
INFO 2025-09-01 17:45:12,817 crm_comprehensive_views 31192 24656 CRM API response status: 404
WARNING 2025-09-01 17:45:12,817 crm_comprehensive_views 31192 24656 CRM API endpoint not found: todos
INFO 2025-09-01 17:45:12,819 crm_comprehensive_views 31192 24656 Trying CRM tasks endpoint: assignments
INFO 2025-09-01 17:45:12,820 crm_comprehensive_views 31192 24656 Making CRM API request to: https://crm.deluxebilisim.com/api/assignments
INFO 2025-09-01 17:45:14,397 crm_comprehensive_views 31192 24656 CRM API response status: 404
WARNING 2025-09-01 17:45:14,397 crm_comprehensive_views 31192 24656 CRM API endpoint not found: assignments
INFO 2025-09-01 17:45:14,399 crm_comprehensive_views 31192 24656 Trying CRM tasks endpoint: work_items
INFO 2025-09-01 17:45:14,399 crm_comprehensive_views 31192 24656 Making CRM API request to: https://crm.deluxebilisim.com/api/work_items
INFO 2025-09-01 17:45:15,450 crm_comprehensive_views 31192 24656 CRM API response status: 404
WARNING 2025-09-01 17:45:15,450 crm_comprehensive_views 31192 24656 CRM API endpoint not found: work_items
INFO 2025-09-01 17:45:15,452 crm_comprehensive_views 31192 24656 Trying CRM tasks endpoint: tickets
INFO 2025-09-01 17:45:15,453 crm_comprehensive_views 31192 24656 Making CRM API request to: https://crm.deluxebilisim.com/api/tickets
INFO 2025-09-01 17:45:16,542 crm_comprehensive_views 31192 24656 CRM API response status: 404
WARNING 2025-09-01 17:45:16,542 crm_comprehensive_views 31192 24656 CRM API endpoint not found: tickets
WARNING 2025-09-01 17:45:16,546 crm_comprehensive_views 31192 24656 No tasks found in any CRM endpoint
INFO 2025-09-01 17:45:16,547 crm_comprehensive_views 31192 24656 Trying CRM summary endpoint: dashboard
INFO 2025-09-01 17:45:16,547 crm_comprehensive_views 31192 24656 Making CRM API request to: https://crm.deluxebilisim.com/api/dashboard
INFO 2025-09-01 17:45:17,631 crm_comprehensive_views 31192 24656 CRM API response status: 404
WARNING 2025-09-01 17:45:17,631 crm_comprehensive_views 31192 24656 CRM API endpoint not found: dashboard
INFO 2025-09-01 17:45:17,633 crm_comprehensive_views 31192 24656 Trying CRM summary endpoint: summary
INFO 2025-09-01 17:45:17,634 crm_comprehensive_views 31192 24656 Making CRM API request to: https://crm.deluxebilisim.com/api/summary
INFO 2025-09-01 17:45:18,979 crm_comprehensive_views 31192 24656 CRM API response status: 404
WARNING 2025-09-01 17:45:18,979 crm_comprehensive_views 31192 24656 CRM API endpoint not found: summary
INFO 2025-09-01 17:45:18,983 crm_comprehensive_views 31192 24656 Trying CRM summary endpoint: overview
INFO 2025-09-01 17:45:18,983 crm_comprehensive_views 31192 24656 Making CRM API request to: https://crm.deluxebilisim.com/api/overview
INFO 2025-09-01 17:45:20,093 crm_comprehensive_views 31192 24656 CRM API response status: 404
WARNING 2025-09-01 17:45:20,094 crm_comprehensive_views 31192 24656 CRM API endpoint not found: overview
INFO 2025-09-01 17:45:20,096 crm_comprehensive_views 31192 24656 Trying CRM summary endpoint: stats
INFO 2025-09-01 17:45:20,097 crm_comprehensive_views 31192 24656 Making CRM API request to: https://crm.deluxebilisim.com/api/stats
INFO 2025-09-01 17:45:21,168 crm_comprehensive_views 31192 24656 CRM API response status: 404
WARNING 2025-09-01 17:45:21,168 crm_comprehensive_views 31192 24656 CRM API endpoint not found: stats
INFO 2025-09-01 17:45:21,171 crm_comprehensive_views 31192 24656 Trying CRM summary endpoint: metrics
INFO 2025-09-01 17:45:21,171 crm_comprehensive_views 31192 24656 Making CRM API request to: https://crm.deluxebilisim.com/api/metrics
INFO 2025-09-01 17:45:22,391 crm_comprehensive_views 31192 24656 CRM API response status: 404
WARNING 2025-09-01 17:45:22,391 crm_comprehensive_views 31192 24656 CRM API endpoint not found: metrics
WARNING 2025-09-01 17:45:22,394 crm_comprehensive_views 31192 24656 No dashboard summary found in CRM
WARNING 2025-09-01 17:45:22,394 crm_comprehensive_views 31192 24656 No CRM data found, using fallback numbers
ERROR 2025-09-01 17:45:22,395 crm_comprehensive_views 31192 24656 Error in CRMComprehensiveDashboardView: Invalid format string
INFO 2025-09-01 17:45:25,268 middleware 31192 14632 Request: GET /api/dashboard/crm-comprehensive/
INFO 2025-09-01 17:45:25,269 crm_comprehensive_views 31192 14632 Starting CRM comprehensive dashboard data retrieval...
INFO 2025-09-01 17:45:25,269 crm_comprehensive_views 31192 14632 Trying CRM endpoint: employees
INFO 2025-09-01 17:45:25,270 crm_comprehensive_views 31192 14632 Making CRM API request to: https://crm.deluxebilisim.com/api/employees
INFO 2025-09-01 17:45:26,306 crm_comprehensive_views 31192 14632 CRM API response status: 404
WARNING 2025-09-01 17:45:26,307 crm_comprehensive_views 31192 14632 CRM API endpoint not found: employees
INFO 2025-09-01 17:45:26,309 crm_comprehensive_views 31192 14632 Trying CRM endpoint: users
INFO 2025-09-01 17:45:26,309 crm_comprehensive_views 31192 14632 Making CRM API request to: https://crm.deluxebilisim.com/api/users
ERROR 2025-09-01 17:45:26,721 log 31192 24656 Internal Server Error: /api/dashboard/crm-comprehensive/
Traceback (most recent call last):
  File "C:\Users\DDS\Desktop\back-end-backup\dxdfocurpropanel-back-end\DDSFocusProPanel-Backend\apps\dashboard\crm_comprehensive_views.py", line 371, in get
    "last_updated": current_date.strftime("%-m/%-d/%Y")
                    ~~~~~~~~~~~~~~~~~~~~~^^^^^^^^^^^^^^
ValueError: Invalid format string

During handling of the above exception, another exception occurred:

Traceback (most recent call last):
  File "C:\Users\DDS\AppData\Local\Programs\Python\Python313\Lib\site-packages\django\core\handlers\exception.py", line 55, in inner
    response = get_response(request)
  File "C:\Users\DDS\AppData\Local\Programs\Python\Python313\Lib\site-packages\django\core\handlers\base.py", line 197, in _get_response
    response = wrapped_callback(request, *callback_args, **callback_kwargs)
  File "C:\Users\DDS\AppData\Local\Programs\Python\Python313\Lib\site-packages\django\views\decorators\csrf.py", line 65, in _view_wrapper
    return view_func(request, *args, **kwargs)
  File "C:\Users\DDS\AppData\Local\Programs\Python\Python313\Lib\site-packages\django\views\generic\base.py", line 105, in view
    return self.dispatch(request, *args, **kwargs)
           ~~~~~~~~~~~~~^^^^^^^^^^^^^^^^^^^^^^^^^^
  File "C:\Users\DDS\AppData\Local\Programs\Python\Python313\Lib\site-packages\rest_framework\views.py", line 515, in dispatch
    response = self.handle_exception(exc)
  File "C:\Users\DDS\AppData\Local\Programs\Python\Python313\Lib\site-packages\rest_framework\views.py", line 475, in handle_exception
    self.raise_uncaught_exception(exc)
    ~~~~~~~~~~~~~~~~~~~~~~~~~~~~~^^^^^
  File "C:\Users\DDS\AppData\Local\Programs\Python\Python313\Lib\site-packages\rest_framework\views.py", line 486, in raise_uncaught_exception
    raise exc
  File "C:\Users\DDS\AppData\Local\Programs\Python\Python313\Lib\site-packages\rest_framework\views.py", line 512, in dispatch
    response = handler(request, *args, **kwargs)
  File "C:\Users\DDS\Desktop\back-end-backup\dxdfocurpropanel-back-end\DDSFocusProPanel-Backend\apps\dashboard\crm_comprehensive_views.py", line 452, in get
    return self._get_fallback_response(f"Error: {str(e)}")
           ~~~~~~~~~~~~~~~~~~~~~~~~~~~^^^^^^^^^^^^^^^^^^^^
  File "C:\Users\DDS\Desktop\back-end-backup\dxdfocurpropanel-back-end\DDSFocusProPanel-Backend\apps\dashboard\crm_comprehensive_views.py", line 619, in _get_fallback_response
    "last_updated": current_date.strftime("%-m/%-d/%Y")
                    ~~~~~~~~~~~~~~~~~~~~~^^^^^^^^^^^^^^
ValueError: Invalid format string
INFO 2025-09-01 17:45:26,764 middleware 31192 24656 Response: 500 for GET /api/dashboard/crm-comprehensive/
INFO 2025-09-01 17:45:26,774 basehttp 31192 24656 - Broken pipe from ('127.0.0.1', 62202)
INFO 2025-09-01 17:45:27,355 crm_comprehensive_views 31192 14632 CRM API response status: 404
WARNING 2025-09-01 17:45:27,355 crm_comprehensive_views 31192 14632 CRM API endpoint not found: users
INFO 2025-09-01 17:45:27,357 crm_comprehensive_views 31192 14632 Trying CRM endpoint: staff
INFO 2025-09-01 17:45:27,358 crm_comprehensive_views 31192 14632 Making CRM API request to: https://crm.deluxebilisim.com/api/staff
INFO 2025-09-01 17:45:28,498 crm_comprehensive_views 31192 14632 CRM API response status: 404
WARNING 2025-09-01 17:45:28,499 crm_comprehensive_views 31192 14632 CRM API endpoint not found: staff
INFO 2025-09-01 17:45:28,501 crm_comprehensive_views 31192 14632 Trying CRM endpoint: personnel
INFO 2025-09-01 17:45:28,501 crm_comprehensive_views 31192 14632 Making CRM API request to: https://crm.deluxebilisim.com/api/personnel
INFO 2025-09-01 17:45:29,570 crm_comprehensive_views 31192 14632 CRM API response status: 404
WARNING 2025-09-01 17:45:29,570 crm_comprehensive_views 31192 14632 CRM API endpoint not found: personnel
INFO 2025-09-01 17:45:29,573 crm_comprehensive_views 31192 14632 Trying CRM endpoint: team
INFO 2025-09-01 17:45:29,573 crm_comprehensive_views 31192 14632 Making CRM API request to: https://crm.deluxebilisim.com/api/team
INFO 2025-09-01 17:45:30,608 crm_comprehensive_views 31192 14632 CRM API response status: 404
WARNING 2025-09-01 17:45:30,608 crm_comprehensive_views 31192 14632 CRM API endpoint not found: team
INFO 2025-09-01 17:45:30,612 crm_comprehensive_views 31192 14632 Trying CRM endpoint: members
INFO 2025-09-01 17:45:30,612 crm_comprehensive_views 31192 14632 Making CRM API request to: https://crm.deluxebilisim.com/api/members
INFO 2025-09-01 17:45:31,670 crm_comprehensive_views 31192 14632 CRM API response status: 404
WARNING 2025-09-01 17:45:31,670 crm_comprehensive_views 31192 14632 CRM API endpoint not found: members
WARNING 2025-09-01 17:45:31,672 crm_comprehensive_views 31192 14632 No employees found in any CRM endpoint
INFO 2025-09-01 17:45:31,673 crm_comprehensive_views 31192 14632 Trying CRM projects endpoint: projects
INFO 2025-09-01 17:45:31,673 crm_comprehensive_views 31192 14632 Making CRM API request to: https://crm.deluxebilisim.com/api/projects
INFO 2025-09-01 17:45:32,959 crm_comprehensive_views 31192 14632 CRM API response status: 404
WARNING 2025-09-01 17:45:32,959 crm_comprehensive_views 31192 14632 CRM API endpoint not found: projects
INFO 2025-09-01 17:45:32,962 crm_comprehensive_views 31192 14632 Trying CRM projects endpoint: deals
INFO 2025-09-01 17:45:32,963 crm_comprehensive_views 31192 14632 Making CRM API request to: https://crm.deluxebilisim.com/api/deals
INFO 2025-09-01 17:45:34,102 crm_comprehensive_views 31192 14632 CRM API response status: 404
WARNING 2025-09-01 17:45:34,102 crm_comprehensive_views 31192 14632 CRM API endpoint not found: deals
INFO 2025-09-01 17:45:34,104 crm_comprehensive_views 31192 14632 Trying CRM projects endpoint: opportunities
INFO 2025-09-01 17:45:34,105 crm_comprehensive_views 31192 14632 Making CRM API request to: https://crm.deluxebilisim.com/api/opportunities
INFO 2025-09-01 17:45:35,141 crm_comprehensive_views 31192 14632 CRM API response status: 404
WARNING 2025-09-01 17:45:35,141 crm_comprehensive_views 31192 14632 CRM API endpoint not found: opportunities
INFO 2025-09-01 17:45:35,144 crm_comprehensive_views 31192 14632 Trying CRM projects endpoint: cases
INFO 2025-09-01 17:45:35,144 crm_comprehensive_views 31192 14632 Making CRM API request to: https://crm.deluxebilisim.com/api/cases
INFO 2025-09-01 17:45:36,117 crm_comprehensive_views 31192 14632 CRM API response status: 404
WARNING 2025-09-01 17:45:36,117 crm_comprehensive_views 31192 14632 CRM API endpoint not found: cases
INFO 2025-09-01 17:45:36,120 crm_comprehensive_views 31192 14632 Trying CRM projects endpoint: workspaces
INFO 2025-09-01 17:45:36,120 crm_comprehensive_views 31192 14632 Making CRM API request to: https://crm.deluxebilisim.com/api/workspaces
INFO 2025-09-01 17:45:37,478 crm_comprehensive_views 31192 14632 CRM API response status: 404
WARNING 2025-09-01 17:45:37,478 crm_comprehensive_views 31192 14632 CRM API endpoint not found: workspaces
INFO 2025-09-01 17:45:37,481 crm_comprehensive_views 31192 14632 Trying CRM projects endpoint: campaigns
INFO 2025-09-01 17:45:37,481 crm_comprehensive_views 31192 14632 Making CRM API request to: https://crm.deluxebilisim.com/api/campaigns
INFO 2025-09-01 17:45:38,609 crm_comprehensive_views 31192 14632 CRM API response status: 404
WARNING 2025-09-01 17:45:38,610 crm_comprehensive_views 31192 14632 CRM API endpoint not found: campaigns
WARNING 2025-09-01 17:45:38,613 crm_comprehensive_views 31192 14632 No projects found in any CRM endpoint
INFO 2025-09-01 17:45:38,614 crm_comprehensive_views 31192 14632 Trying CRM tasks endpoint: tasks
INFO 2025-09-01 17:45:38,614 crm_comprehensive_views 31192 14632 Making CRM API request to: https://crm.deluxebilisim.com/api/tasks
INFO 2025-09-01 17:45:39,731 crm_comprehensive_views 31192 14632 CRM API response status: 404
WARNING 2025-09-01 17:45:39,731 crm_comprehensive_views 31192 14632 CRM API endpoint not found: tasks
INFO 2025-09-01 17:45:39,733 crm_comprehensive_views 31192 14632 Trying CRM tasks endpoint: activities
INFO 2025-09-01 17:45:39,734 crm_comprehensive_views 31192 14632 Making CRM API request to: https://crm.deluxebilisim.com/api/activities
INFO 2025-09-01 17:45:40,721 crm_comprehensive_views 31192 14632 CRM API response status: 404
WARNING 2025-09-01 17:45:40,721 crm_comprehensive_views 31192 14632 CRM API endpoint not found: activities
INFO 2025-09-01 17:45:40,723 crm_comprehensive_views 31192 14632 Trying CRM tasks endpoint: todos
INFO 2025-09-01 17:45:40,724 crm_comprehensive_views 31192 14632 Making CRM API request to: https://crm.deluxebilisim.com/api/todos
INFO 2025-09-01 17:45:41,757 crm_comprehensive_views 31192 14632 CRM API response status: 404
WARNING 2025-09-01 17:45:41,758 crm_comprehensive_views 31192 14632 CRM API endpoint not found: todos
INFO 2025-09-01 17:45:41,760 crm_comprehensive_views 31192 14632 Trying CRM tasks endpoint: assignments
INFO 2025-09-01 17:45:41,760 crm_comprehensive_views 31192 14632 Making CRM API request to: https://crm.deluxebilisim.com/api/assignments
INFO 2025-09-01 17:45:42,741 crm_comprehensive_views 31192 14632 CRM API response status: 404
WARNING 2025-09-01 17:45:42,741 crm_comprehensive_views 31192 14632 CRM API endpoint not found: assignments
INFO 2025-09-01 17:45:42,744 crm_comprehensive_views 31192 14632 Trying CRM tasks endpoint: work_items
INFO 2025-09-01 17:45:42,744 crm_comprehensive_views 31192 14632 Making CRM API request to: https://crm.deluxebilisim.com/api/work_items
INFO 2025-09-01 17:45:43,699 crm_comprehensive_views 31192 14632 CRM API response status: 404
WARNING 2025-09-01 17:45:43,699 crm_comprehensive_views 31192 14632 CRM API endpoint not found: work_items
INFO 2025-09-01 17:45:43,702 crm_comprehensive_views 31192 14632 Trying CRM tasks endpoint: tickets
INFO 2025-09-01 17:45:43,702 crm_comprehensive_views 31192 14632 Making CRM API request to: https://crm.deluxebilisim.com/api/tickets
INFO 2025-09-01 17:45:44,712 crm_comprehensive_views 31192 14632 CRM API response status: 404
WARNING 2025-09-01 17:45:44,713 crm_comprehensive_views 31192 14632 CRM API endpoint not found: tickets
WARNING 2025-09-01 17:45:44,717 crm_comprehensive_views 31192 14632 No tasks found in any CRM endpoint
INFO 2025-09-01 17:45:44,717 crm_comprehensive_views 31192 14632 Trying CRM summary endpoint: dashboard
INFO 2025-09-01 17:45:44,717 crm_comprehensive_views 31192 14632 Making CRM API request to: https://crm.deluxebilisim.com/api/dashboard
INFO 2025-09-01 17:45:46,147 crm_comprehensive_views 31192 14632 CRM API response status: 404
WARNING 2025-09-01 17:45:46,148 crm_comprehensive_views 31192 14632 CRM API endpoint not found: dashboard
INFO 2025-09-01 17:45:46,150 crm_comprehensive_views 31192 14632 Trying CRM summary endpoint: summary
INFO 2025-09-01 17:45:46,150 crm_comprehensive_views 31192 14632 Making CRM API request to: https://crm.deluxebilisim.com/api/summary
INFO 2025-09-01 17:45:47,468 crm_comprehensive_views 31192 14632 CRM API response status: 404
WARNING 2025-09-01 17:45:47,468 crm_comprehensive_views 31192 14632 CRM API endpoint not found: summary
INFO 2025-09-01 17:45:47,471 crm_comprehensive_views 31192 14632 Trying CRM summary endpoint: overview
INFO 2025-09-01 17:45:47,472 crm_comprehensive_views 31192 14632 Making CRM API request to: https://crm.deluxebilisim.com/api/overview
INFO 2025-09-01 17:45:48,574 crm_comprehensive_views 31192 14632 CRM API response status: 404
WARNING 2025-09-01 17:45:48,574 crm_comprehensive_views 31192 14632 CRM API endpoint not found: overview
INFO 2025-09-01 17:45:48,576 crm_comprehensive_views 31192 14632 Trying CRM summary endpoint: stats
INFO 2025-09-01 17:45:48,577 crm_comprehensive_views 31192 14632 Making CRM API request to: https://crm.deluxebilisim.com/api/stats
INFO 2025-09-01 17:45:49,686 crm_comprehensive_views 31192 14632 CRM API response status: 404
WARNING 2025-09-01 17:45:49,687 crm_comprehensive_views 31192 14632 CRM API endpoint not found: stats
INFO 2025-09-01 17:45:49,689 crm_comprehensive_views 31192 14632 Trying CRM summary endpoint: metrics
INFO 2025-09-01 17:45:49,689 crm_comprehensive_views 31192 14632 Making CRM API request to: https://crm.deluxebilisim.com/api/metrics
INFO 2025-09-01 17:45:50,750 crm_comprehensive_views 31192 14632 CRM API response status: 404
WARNING 2025-09-01 17:45:50,751 crm_comprehensive_views 31192 14632 CRM API endpoint not found: metrics
WARNING 2025-09-01 17:45:50,753 crm_comprehensive_views 31192 14632 No dashboard summary found in CRM
WARNING 2025-09-01 17:45:50,753 crm_comprehensive_views 31192 14632 No CRM data found, using fallback numbers
ERROR 2025-09-01 17:45:50,753 crm_comprehensive_views 31192 14632 Error in CRMComprehensiveDashboardView: Invalid format string
ERROR 2025-09-01 17:45:50,810 log 31192 14632 Internal Server Error: /api/dashboard/crm-comprehensive/
Traceback (most recent call last):
  File "C:\Users\DDS\Desktop\back-end-backup\dxdfocurpropanel-back-end\DDSFocusProPanel-Backend\apps\dashboard\crm_comprehensive_views.py", line 371, in get
    "last_updated": current_date.strftime("%-m/%-d/%Y")
                    ~~~~~~~~~~~~~~~~~~~~~^^^^^^^^^^^^^^
ValueError: Invalid format string

During handling of the above exception, another exception occurred:

Traceback (most recent call last):
  File "C:\Users\DDS\AppData\Local\Programs\Python\Python313\Lib\site-packages\django\core\handlers\exception.py", line 55, in inner
    response = get_response(request)
  File "C:\Users\DDS\AppData\Local\Programs\Python\Python313\Lib\site-packages\django\core\handlers\base.py", line 197, in _get_response
    response = wrapped_callback(request, *callback_args, **callback_kwargs)
  File "C:\Users\DDS\AppData\Local\Programs\Python\Python313\Lib\site-packages\django\views\decorators\csrf.py", line 65, in _view_wrapper
    return view_func(request, *args, **kwargs)
  File "C:\Users\DDS\AppData\Local\Programs\Python\Python313\Lib\site-packages\django\views\generic\base.py", line 105, in view
    return self.dispatch(request, *args, **kwargs)
           ~~~~~~~~~~~~~^^^^^^^^^^^^^^^^^^^^^^^^^^
  File "C:\Users\DDS\AppData\Local\Programs\Python\Python313\Lib\site-packages\rest_framework\views.py", line 515, in dispatch
    response = self.handle_exception(exc)
  File "C:\Users\DDS\AppData\Local\Programs\Python\Python313\Lib\site-packages\rest_framework\views.py", line 475, in handle_exception
    self.raise_uncaught_exception(exc)
    ~~~~~~~~~~~~~~~~~~~~~~~~~~~~~^^^^^
  File "C:\Users\DDS\AppData\Local\Programs\Python\Python313\Lib\site-packages\rest_framework\views.py", line 486, in raise_uncaught_exception
    raise exc
  File "C:\Users\DDS\AppData\Local\Programs\Python\Python313\Lib\site-packages\rest_framework\views.py", line 512, in dispatch
    response = handler(request, *args, **kwargs)
  File "C:\Users\DDS\Desktop\back-end-backup\dxdfocurpropanel-back-end\DDSFocusProPanel-Backend\apps\dashboard\crm_comprehensive_views.py", line 452, in get
    return self._get_fallback_response(f"Error: {str(e)}")
           ~~~~~~~~~~~~~~~~~~~~~~~~~~~^^^^^^^^^^^^^^^^^^^^
  File "C:\Users\DDS\Desktop\back-end-backup\dxdfocurpropanel-back-end\DDSFocusProPanel-Backend\apps\dashboard\crm_comprehensive_views.py", line 619, in _get_fallback_response
    "last_updated": current_date.strftime("%-m/%-d/%Y")
                    ~~~~~~~~~~~~~~~~~~~~~^^^^^^^^^^^^^^
ValueError: Invalid format string
INFO 2025-09-01 17:45:50,816 middleware 31192 14632 Response: 500 for GET /api/dashboard/crm-comprehensive/
ERROR 2025-09-01 17:45:50,817 basehttp 31192 14632 "GET /api/dashboard/crm-comprehensive/ HTTP/1.1" 500 118244
INFO 2025-09-01 17:50:08,094 middleware 28856 28400 Request: GET /api/dashboard/crm-comprehensive/
INFO 2025-09-01 17:50:08,095 crm_comprehensive_views 28856 28400 Starting CRM comprehensive dashboard data retrieval...
INFO 2025-09-01 17:50:08,096 crm_comprehensive_views 28856 28400 Trying CRM endpoint: employees
INFO 2025-09-01 17:50:08,096 crm_comprehensive_views 28856 28400 Making CRM API request to: https://crm.deluxebilisim.com/api/employees
INFO 2025-09-01 17:50:09,423 crm_comprehensive_views 28856 28400 CRM API response status: 404
WARNING 2025-09-01 17:50:09,423 crm_comprehensive_views 28856 28400 CRM API endpoint not found: employees
INFO 2025-09-01 17:50:09,425 crm_comprehensive_views 28856 28400 Trying CRM endpoint: users
INFO 2025-09-01 17:50:09,426 crm_comprehensive_views 28856 28400 Making CRM API request to: https://crm.deluxebilisim.com/api/users
INFO 2025-09-01 17:50:10,594 crm_comprehensive_views 28856 28400 CRM API response status: 404
WARNING 2025-09-01 17:50:10,621 crm_comprehensive_views 28856 28400 CRM API endpoint not found: users
INFO 2025-09-01 17:50:10,624 crm_comprehensive_views 28856 28400 Trying CRM endpoint: staff
INFO 2025-09-01 17:50:10,642 crm_comprehensive_views 28856 28400 Making CRM API request to: https://crm.deluxebilisim.com/api/staff
INFO 2025-09-01 17:50:11,881 crm_comprehensive_views 28856 28400 CRM API response status: 404
WARNING 2025-09-01 17:50:11,881 crm_comprehensive_views 28856 28400 CRM API endpoint not found: staff
INFO 2025-09-01 17:50:11,884 crm_comprehensive_views 28856 28400 Trying CRM endpoint: personnel
INFO 2025-09-01 17:50:11,885 crm_comprehensive_views 28856 28400 Making CRM API request to: https://crm.deluxebilisim.com/api/personnel
INFO 2025-09-01 17:50:12,833 crm_comprehensive_views 28856 28400 CRM API response status: 404
WARNING 2025-09-01 17:50:12,834 crm_comprehensive_views 28856 28400 CRM API endpoint not found: personnel
INFO 2025-09-01 17:50:12,837 crm_comprehensive_views 28856 28400 Trying CRM endpoint: team
INFO 2025-09-01 17:50:12,838 crm_comprehensive_views 28856 28400 Making CRM API request to: https://crm.deluxebilisim.com/api/team
INFO 2025-09-01 17:50:13,803 crm_comprehensive_views 28856 28400 CRM API response status: 404
WARNING 2025-09-01 17:50:13,804 crm_comprehensive_views 28856 28400 CRM API endpoint not found: team
INFO 2025-09-01 17:50:13,806 crm_comprehensive_views 28856 28400 Trying CRM endpoint: members
INFO 2025-09-01 17:50:13,806 crm_comprehensive_views 28856 28400 Making CRM API request to: https://crm.deluxebilisim.com/api/members
INFO 2025-09-01 17:50:14,772 crm_comprehensive_views 28856 28400 CRM API response status: 404
WARNING 2025-09-01 17:50:14,772 crm_comprehensive_views 28856 28400 CRM API endpoint not found: members
WARNING 2025-09-01 17:50:14,774 crm_comprehensive_views 28856 28400 No employees found in any CRM endpoint
INFO 2025-09-01 17:50:14,775 crm_comprehensive_views 28856 28400 Trying CRM projects endpoint: projects
INFO 2025-09-01 17:50:14,775 crm_comprehensive_views 28856 28400 Making CRM API request to: https://crm.deluxebilisim.com/api/projects
INFO 2025-09-01 17:50:15,805 crm_comprehensive_views 28856 28400 CRM API response status: 404
WARNING 2025-09-01 17:50:15,806 crm_comprehensive_views 28856 28400 CRM API endpoint not found: projects
INFO 2025-09-01 17:50:15,808 crm_comprehensive_views 28856 28400 Trying CRM projects endpoint: deals
INFO 2025-09-01 17:50:15,808 crm_comprehensive_views 28856 28400 Making CRM API request to: https://crm.deluxebilisim.com/api/deals
INFO 2025-09-01 17:50:16,801 crm_comprehensive_views 28856 28400 CRM API response status: 404
WARNING 2025-09-01 17:50:16,801 crm_comprehensive_views 28856 28400 CRM API endpoint not found: deals
INFO 2025-09-01 17:50:16,804 crm_comprehensive_views 28856 28400 Trying CRM projects endpoint: opportunities
INFO 2025-09-01 17:50:16,804 crm_comprehensive_views 28856 28400 Making CRM API request to: https://crm.deluxebilisim.com/api/opportunities
INFO 2025-09-01 17:50:17,779 crm_comprehensive_views 28856 28400 CRM API response status: 404
WARNING 2025-09-01 17:50:17,779 crm_comprehensive_views 28856 28400 CRM API endpoint not found: opportunities
INFO 2025-09-01 17:50:17,781 crm_comprehensive_views 28856 28400 Trying CRM projects endpoint: cases
INFO 2025-09-01 17:50:17,781 crm_comprehensive_views 28856 28400 Making CRM API request to: https://crm.deluxebilisim.com/api/cases
INFO 2025-09-01 17:50:18,720 crm_comprehensive_views 28856 28400 CRM API response status: 404
WARNING 2025-09-01 17:50:18,721 crm_comprehensive_views 28856 28400 CRM API endpoint not found: cases
INFO 2025-09-01 17:50:18,724 crm_comprehensive_views 28856 28400 Trying CRM projects endpoint: workspaces
INFO 2025-09-01 17:50:18,724 crm_comprehensive_views 28856 28400 Making CRM API request to: https://crm.deluxebilisim.com/api/workspaces
INFO 2025-09-01 17:50:19,702 crm_comprehensive_views 28856 28400 CRM API response status: 404
WARNING 2025-09-01 17:50:19,803 crm_comprehensive_views 28856 28400 CRM API endpoint not found: workspaces
INFO 2025-09-01 17:50:19,868 crm_comprehensive_views 28856 28400 Trying CRM projects endpoint: campaigns
INFO 2025-09-01 17:50:19,868 crm_comprehensive_views 28856 28400 Making CRM API request to: https://crm.deluxebilisim.com/api/campaigns
INFO 2025-09-01 17:50:20,870 crm_comprehensive_views 28856 28400 CRM API response status: 404
WARNING 2025-09-01 17:50:20,871 crm_comprehensive_views 28856 28400 CRM API endpoint not found: campaigns
WARNING 2025-09-01 17:50:20,873 crm_comprehensive_views 28856 28400 No projects found in any CRM endpoint
INFO 2025-09-01 17:50:20,874 crm_comprehensive_views 28856 28400 Trying CRM tasks endpoint: tasks
INFO 2025-09-01 17:50:20,874 crm_comprehensive_views 28856 28400 Making CRM API request to: https://crm.deluxebilisim.com/api/tasks
INFO 2025-09-01 17:50:21,909 crm_comprehensive_views 28856 28400 CRM API response status: 404
WARNING 2025-09-01 17:50:21,910 crm_comprehensive_views 28856 28400 CRM API endpoint not found: tasks
INFO 2025-09-01 17:50:21,912 crm_comprehensive_views 28856 28400 Trying CRM tasks endpoint: activities
INFO 2025-09-01 17:50:21,913 crm_comprehensive_views 28856 28400 Making CRM API request to: https://crm.deluxebilisim.com/api/activities
INFO 2025-09-01 17:50:22,900 crm_comprehensive_views 28856 28400 CRM API response status: 404
WARNING 2025-09-01 17:50:22,901 crm_comprehensive_views 28856 28400 CRM API endpoint not found: activities
INFO 2025-09-01 17:50:22,903 crm_comprehensive_views 28856 28400 Trying CRM tasks endpoint: todos
INFO 2025-09-01 17:50:22,904 crm_comprehensive_views 28856 28400 Making CRM API request to: https://crm.deluxebilisim.com/api/todos
INFO 2025-09-01 17:50:23,920 crm_comprehensive_views 28856 28400 CRM API response status: 404
WARNING 2025-09-01 17:50:23,921 crm_comprehensive_views 28856 28400 CRM API endpoint not found: todos
INFO 2025-09-01 17:50:23,923 crm_comprehensive_views 28856 28400 Trying CRM tasks endpoint: assignments
INFO 2025-09-01 17:50:23,923 crm_comprehensive_views 28856 28400 Making CRM API request to: https://crm.deluxebilisim.com/api/assignments
INFO 2025-09-01 17:50:24,890 crm_comprehensive_views 28856 28400 CRM API response status: 404
WARNING 2025-09-01 17:50:24,890 crm_comprehensive_views 28856 28400 CRM API endpoint not found: assignments
INFO 2025-09-01 17:50:24,892 crm_comprehensive_views 28856 28400 Trying CRM tasks endpoint: work_items
INFO 2025-09-01 17:50:24,893 crm_comprehensive_views 28856 28400 Making CRM API request to: https://crm.deluxebilisim.com/api/work_items
INFO 2025-09-01 17:50:25,842 crm_comprehensive_views 28856 28400 CRM API response status: 404
WARNING 2025-09-01 17:50:25,842 crm_comprehensive_views 28856 28400 CRM API endpoint not found: work_items
INFO 2025-09-01 17:50:25,844 crm_comprehensive_views 28856 28400 Trying CRM tasks endpoint: tickets
INFO 2025-09-01 17:50:25,844 crm_comprehensive_views 28856 28400 Making CRM API request to: https://crm.deluxebilisim.com/api/tickets
INFO 2025-09-01 17:50:26,815 crm_comprehensive_views 28856 28400 CRM API response status: 404
WARNING 2025-09-01 17:50:26,816 crm_comprehensive_views 28856 28400 CRM API endpoint not found: tickets
WARNING 2025-09-01 17:50:26,818 crm_comprehensive_views 28856 28400 No tasks found in any CRM endpoint
INFO 2025-09-01 17:50:26,819 crm_comprehensive_views 28856 28400 Trying CRM summary endpoint: dashboard
INFO 2025-09-01 17:50:26,819 crm_comprehensive_views 28856 28400 Making CRM API request to: https://crm.deluxebilisim.com/api/dashboard
INFO 2025-09-01 17:50:27,772 crm_comprehensive_views 28856 28400 CRM API response status: 404
WARNING 2025-09-01 17:50:27,772 crm_comprehensive_views 28856 28400 CRM API endpoint not found: dashboard
INFO 2025-09-01 17:50:27,774 crm_comprehensive_views 28856 28400 Trying CRM summary endpoint: summary
INFO 2025-09-01 17:50:27,774 crm_comprehensive_views 28856 28400 Making CRM API request to: https://crm.deluxebilisim.com/api/summary
INFO 2025-09-01 17:50:28,779 crm_comprehensive_views 28856 28400 CRM API response status: 404
WARNING 2025-09-01 17:50:28,779 crm_comprehensive_views 28856 28400 CRM API endpoint not found: summary
INFO 2025-09-01 17:50:28,781 crm_comprehensive_views 28856 28400 Trying CRM summary endpoint: overview
INFO 2025-09-01 17:50:28,781 crm_comprehensive_views 28856 28400 Making CRM API request to: https://crm.deluxebilisim.com/api/overview
INFO 2025-09-01 17:50:29,831 crm_comprehensive_views 28856 28400 CRM API response status: 404
WARNING 2025-09-01 17:50:29,832 crm_comprehensive_views 28856 28400 CRM API endpoint not found: overview
INFO 2025-09-01 17:50:29,835 crm_comprehensive_views 28856 28400 Trying CRM summary endpoint: stats
INFO 2025-09-01 17:50:29,835 crm_comprehensive_views 28856 28400 Making CRM API request to: https://crm.deluxebilisim.com/api/stats
INFO 2025-09-01 17:50:30,802 crm_comprehensive_views 28856 28400 CRM API response status: 404
WARNING 2025-09-01 17:50:30,803 crm_comprehensive_views 28856 28400 CRM API endpoint not found: stats
INFO 2025-09-01 17:50:30,805 crm_comprehensive_views 28856 28400 Trying CRM summary endpoint: metrics
INFO 2025-09-01 17:50:30,805 crm_comprehensive_views 28856 28400 Making CRM API request to: https://crm.deluxebilisim.com/api/metrics
INFO 2025-09-01 17:50:31,792 crm_comprehensive_views 28856 28400 CRM API response status: 404
WARNING 2025-09-01 17:50:31,792 crm_comprehensive_views 28856 28400 CRM API endpoint not found: metrics
WARNING 2025-09-01 17:50:31,795 crm_comprehensive_views 28856 28400 No dashboard summary found in CRM
WARNING 2025-09-01 17:50:31,795 crm_comprehensive_views 28856 28400 No CRM data found, using fallback numbers
INFO 2025-09-01 17:50:31,795 crm_comprehensive_views 28856 28400 CRM comprehensive dashboard response prepared successfully
INFO 2025-09-01 17:50:31,796 middleware 28856 28400 Response: 200 for GET /api/dashboard/crm-comprehensive/
INFO 2025-09-01 17:50:31,798 basehttp 28856 28400 "GET /api/dashboard/crm-comprehensive/ HTTP/1.1" 200 1386
INFO 2025-09-01 18:03:21,366 middleware 20196 31192 Request: GET /api/dashboard/database-test/
INFO 2025-09-01 18:03:21,397 crm_comprehensive_views 20196 31192 No employee analytics found in database
INFO 2025-09-01 18:03:21,405 middleware 20196 31192 Response: 200 for GET /api/dashboard/database-test/
INFO 2025-09-01 18:03:21,406 basehttp 20196 31192 "GET /api/dashboard/database-test/ HTTP/1.1" 200 415
INFO 2025-09-01 18:03:37,224 middleware 20196 18792 Request: POST /api/dashboard/database-test/
INFO 2025-09-01 18:03:37,336 middleware 20196 18792 Response: 200 for POST /api/dashboard/database-test/
INFO 2025-09-01 18:03:37,337 basehttp 20196 18792 "POST /api/dashboard/database-test/ HTTP/1.1" 200 208
INFO 2025-09-01 18:04:23,960 middleware 20196 27692 Request: GET /api/dashboard/crm-comprehensive/
INFO 2025-09-01 18:04:23,960 crm_comprehensive_views 20196 27692 Starting CRM comprehensive dashboard data retrieval...
INFO 2025-09-01 18:04:23,960 crm_comprehensive_views 20196 27692 Fetching data from CRM...
INFO 2025-09-01 18:04:23,961 crm_comprehensive_views 20196 27692 Trying CRM endpoint: employees
INFO 2025-09-01 18:04:23,961 crm_comprehensive_views 20196 27692 Making CRM API request to: https://crm.deluxebilisim.com/api/employees
INFO 2025-09-01 18:04:24,904 crm_comprehensive_views 20196 27692 CRM API response status: 404
WARNING 2025-09-01 18:04:24,905 crm_comprehensive_views 20196 27692 CRM API endpoint not found: employees
INFO 2025-09-01 18:04:24,907 crm_comprehensive_views 20196 27692 Trying CRM endpoint: users
INFO 2025-09-01 18:04:24,908 crm_comprehensive_views 20196 27692 Making CRM API request to: https://crm.deluxebilisim.com/api/users
INFO 2025-09-01 18:04:25,893 crm_comprehensive_views 20196 27692 CRM API response status: 404
WARNING 2025-09-01 18:04:25,893 crm_comprehensive_views 20196 27692 CRM API endpoint not found: users
INFO 2025-09-01 18:04:25,897 crm_comprehensive_views 20196 27692 Trying CRM endpoint: staff
INFO 2025-09-01 18:04:25,897 crm_comprehensive_views 20196 27692 Making CRM API request to: https://crm.deluxebilisim.com/api/staff
INFO 2025-09-01 18:04:26,887 crm_comprehensive_views 20196 27692 CRM API response status: 404
WARNING 2025-09-01 18:04:26,887 crm_comprehensive_views 20196 27692 CRM API endpoint not found: staff
INFO 2025-09-01 18:04:26,889 crm_comprehensive_views 20196 27692 Trying CRM endpoint: personnel
INFO 2025-09-01 18:04:26,890 crm_comprehensive_views 20196 27692 Making CRM API request to: https://crm.deluxebilisim.com/api/personnel
INFO 2025-09-01 18:04:28,077 crm_comprehensive_views 20196 27692 CRM API response status: 404
WARNING 2025-09-01 18:04:28,077 crm_comprehensive_views 20196 27692 CRM API endpoint not found: personnel
INFO 2025-09-01 18:04:28,079 crm_comprehensive_views 20196 27692 Trying CRM endpoint: team
INFO 2025-09-01 18:04:28,080 crm_comprehensive_views 20196 27692 Making CRM API request to: https://crm.deluxebilisim.com/api/team
INFO 2025-09-01 18:04:29,055 crm_comprehensive_views 20196 27692 CRM API response status: 404
WARNING 2025-09-01 18:04:29,055 crm_comprehensive_views 20196 27692 CRM API endpoint not found: team
INFO 2025-09-01 18:04:29,057 crm_comprehensive_views 20196 27692 Trying CRM endpoint: members
INFO 2025-09-01 18:04:29,058 crm_comprehensive_views 20196 27692 Making CRM API request to: https://crm.deluxebilisim.com/api/members
INFO 2025-09-01 18:04:30,000 crm_comprehensive_views 20196 27692 CRM API response status: 404
WARNING 2025-09-01 18:04:30,000 crm_comprehensive_views 20196 27692 CRM API endpoint not found: members
WARNING 2025-09-01 18:04:30,002 crm_comprehensive_views 20196 27692 No employees found in any CRM endpoint
INFO 2025-09-01 18:04:30,003 crm_comprehensive_views 20196 27692 Trying CRM projects endpoint: projects
INFO 2025-09-01 18:04:30,003 crm_comprehensive_views 20196 27692 Making CRM API request to: https://crm.deluxebilisim.com/api/projects
INFO 2025-09-01 18:04:31,300 crm_comprehensive_views 20196 27692 CRM API response status: 404
WARNING 2025-09-01 18:04:31,300 crm_comprehensive_views 20196 27692 CRM API endpoint not found: projects
INFO 2025-09-01 18:04:31,303 crm_comprehensive_views 20196 27692 Trying CRM projects endpoint: deals
INFO 2025-09-01 18:04:31,303 crm_comprehensive_views 20196 27692 Making CRM API request to: https://crm.deluxebilisim.com/api/deals
INFO 2025-09-01 18:04:32,288 crm_comprehensive_views 20196 27692 CRM API response status: 404
WARNING 2025-09-01 18:04:32,288 crm_comprehensive_views 20196 27692 CRM API endpoint not found: deals
INFO 2025-09-01 18:04:32,297 crm_comprehensive_views 20196 27692 Trying CRM projects endpoint: opportunities
INFO 2025-09-01 18:04:32,298 crm_comprehensive_views 20196 27692 Making CRM API request to: https://crm.deluxebilisim.com/api/opportunities
INFO 2025-09-01 18:04:33,249 crm_comprehensive_views 20196 27692 CRM API response status: 404
WARNING 2025-09-01 18:04:33,250 crm_comprehensive_views 20196 27692 CRM API endpoint not found: opportunities
INFO 2025-09-01 18:04:33,252 crm_comprehensive_views 20196 27692 Trying CRM projects endpoint: cases
INFO 2025-09-01 18:04:33,252 crm_comprehensive_views 20196 27692 Making CRM API request to: https://crm.deluxebilisim.com/api/cases
INFO 2025-09-01 18:04:34,238 crm_comprehensive_views 20196 27692 CRM API response status: 404
WARNING 2025-09-01 18:04:34,239 crm_comprehensive_views 20196 27692 CRM API endpoint not found: cases
INFO 2025-09-01 18:04:34,241 crm_comprehensive_views 20196 27692 Trying CRM projects endpoint: workspaces
INFO 2025-09-01 18:04:34,241 crm_comprehensive_views 20196 27692 Making CRM API request to: https://crm.deluxebilisim.com/api/workspaces
INFO 2025-09-01 18:04:35,331 crm_comprehensive_views 20196 27692 CRM API response status: 404
WARNING 2025-09-01 18:04:35,331 crm_comprehensive_views 20196 27692 CRM API endpoint not found: workspaces
INFO 2025-09-01 18:04:35,334 crm_comprehensive_views 20196 27692 Trying CRM projects endpoint: campaigns
INFO 2025-09-01 18:04:35,334 crm_comprehensive_views 20196 27692 Making CRM API request to: https://crm.deluxebilisim.com/api/campaigns
INFO 2025-09-01 18:04:36,965 crm_comprehensive_views 20196 27692 CRM API response status: 404
WARNING 2025-09-01 18:04:36,966 crm_comprehensive_views 20196 27692 CRM API endpoint not found: campaigns
WARNING 2025-09-01 18:04:36,968 crm_comprehensive_views 20196 27692 No projects found in any CRM endpoint
INFO 2025-09-01 18:04:36,968 crm_comprehensive_views 20196 27692 Trying CRM tasks endpoint: tasks
INFO 2025-09-01 18:04:36,968 crm_comprehensive_views 20196 27692 Making CRM API request to: https://crm.deluxebilisim.com/api/tasks
INFO 2025-09-01 18:04:37,918 crm_comprehensive_views 20196 27692 CRM API response status: 404
WARNING 2025-09-01 18:04:37,918 crm_comprehensive_views 20196 27692 CRM API endpoint not found: tasks
INFO 2025-09-01 18:04:37,920 crm_comprehensive_views 20196 27692 Trying CRM tasks endpoint: activities
INFO 2025-09-01 18:04:37,920 crm_comprehensive_views 20196 27692 Making CRM API request to: https://crm.deluxebilisim.com/api/activities
INFO 2025-09-01 18:04:38,999 crm_comprehensive_views 20196 27692 CRM API response status: 404
WARNING 2025-09-01 18:04:38,999 crm_comprehensive_views 20196 27692 CRM API endpoint not found: activities
INFO 2025-09-01 18:04:39,002 crm_comprehensive_views 20196 27692 Trying CRM tasks endpoint: todos
INFO 2025-09-01 18:04:39,002 crm_comprehensive_views 20196 27692 Making CRM API request to: https://crm.deluxebilisim.com/api/todos
INFO 2025-09-01 18:04:40,017 crm_comprehensive_views 20196 27692 CRM API response status: 404
WARNING 2025-09-01 18:04:40,017 crm_comprehensive_views 20196 27692 CRM API endpoint not found: todos
INFO 2025-09-01 18:04:40,020 crm_comprehensive_views 20196 27692 Trying CRM tasks endpoint: assignments
INFO 2025-09-01 18:04:40,020 crm_comprehensive_views 20196 27692 Making CRM API request to: https://crm.deluxebilisim.com/api/assignments
INFO 2025-09-01 18:04:41,208 crm_comprehensive_views 20196 27692 CRM API response status: 404
WARNING 2025-09-01 18:04:41,208 crm_comprehensive_views 20196 27692 CRM API endpoint not found: assignments
INFO 2025-09-01 18:04:41,211 crm_comprehensive_views 20196 27692 Trying CRM tasks endpoint: work_items
INFO 2025-09-01 18:04:41,211 crm_comprehensive_views 20196 27692 Making CRM API request to: https://crm.deluxebilisim.com/api/work_items
INFO 2025-09-01 18:04:42,197 crm_comprehensive_views 20196 27692 CRM API response status: 404
WARNING 2025-09-01 18:04:42,197 crm_comprehensive_views 20196 27692 CRM API endpoint not found: work_items
INFO 2025-09-01 18:04:42,200 crm_comprehensive_views 20196 27692 Trying CRM tasks endpoint: tickets
INFO 2025-09-01 18:04:42,200 crm_comprehensive_views 20196 27692 Making CRM API request to: https://crm.deluxebilisim.com/api/tickets
INFO 2025-09-01 18:04:43,276 crm_comprehensive_views 20196 27692 CRM API response status: 404
WARNING 2025-09-01 18:04:43,276 crm_comprehensive_views 20196 27692 CRM API endpoint not found: tickets
WARNING 2025-09-01 18:04:43,278 crm_comprehensive_views 20196 27692 No tasks found in any CRM endpoint
INFO 2025-09-01 18:04:43,279 crm_comprehensive_views 20196 27692 Trying CRM summary endpoint: dashboard
INFO 2025-09-01 18:04:43,279 crm_comprehensive_views 20196 27692 Making CRM API request to: https://crm.deluxebilisim.com/api/dashboard
INFO 2025-09-01 18:04:44,249 crm_comprehensive_views 20196 27692 CRM API response status: 404
WARNING 2025-09-01 18:04:44,250 crm_comprehensive_views 20196 27692 CRM API endpoint not found: dashboard
INFO 2025-09-01 18:04:44,252 crm_comprehensive_views 20196 27692 Trying CRM summary endpoint: summary
INFO 2025-09-01 18:04:44,252 crm_comprehensive_views 20196 27692 Making CRM API request to: https://crm.deluxebilisim.com/api/summary
INFO 2025-09-01 18:04:45,188 crm_comprehensive_views 20196 27692 CRM API response status: 404
WARNING 2025-09-01 18:04:45,188 crm_comprehensive_views 20196 27692 CRM API endpoint not found: summary
INFO 2025-09-01 18:04:45,190 crm_comprehensive_views 20196 27692 Trying CRM summary endpoint: overview
INFO 2025-09-01 18:04:45,190 crm_comprehensive_views 20196 27692 Making CRM API request to: https://crm.deluxebilisim.com/api/overview
INFO 2025-09-01 18:04:46,108 crm_comprehensive_views 20196 27692 CRM API response status: 404
WARNING 2025-09-01 18:04:46,109 crm_comprehensive_views 20196 27692 CRM API endpoint not found: overview
INFO 2025-09-01 18:04:46,111 crm_comprehensive_views 20196 27692 Trying CRM summary endpoint: stats
INFO 2025-09-01 18:04:46,111 crm_comprehensive_views 20196 27692 Making CRM API request to: https://crm.deluxebilisim.com/api/stats
INFO 2025-09-01 18:04:47,184 crm_comprehensive_views 20196 27692 CRM API response status: 404
WARNING 2025-09-01 18:04:47,185 crm_comprehensive_views 20196 27692 CRM API endpoint not found: stats
INFO 2025-09-01 18:04:47,187 crm_comprehensive_views 20196 27692 Trying CRM summary endpoint: metrics
INFO 2025-09-01 18:04:47,187 crm_comprehensive_views 20196 27692 Making CRM API request to: https://crm.deluxebilisim.com/api/metrics
INFO 2025-09-01 18:04:48,229 crm_comprehensive_views 20196 27692 CRM API response status: 404
WARNING 2025-09-01 18:04:48,229 crm_comprehensive_views 20196 27692 CRM API endpoint not found: metrics
WARNING 2025-09-01 18:04:48,231 crm_comprehensive_views 20196 27692 No dashboard summary found in CRM
INFO 2025-09-01 18:04:48,231 crm_comprehensive_views 20196 27692 Fetching data from Database...
INFO 2025-09-01 18:04:48,238 crm_comprehensive_views 20196 27692 Using database employee count: 32
INFO 2025-09-01 18:04:48,238 crm_comprehensive_views 20196 27692 Data retrieved: 32 employees, 0 projects, 0 tasks from Database + CRM
INFO 2025-09-01 18:04:48,239 crm_comprehensive_views 20196 27692 CRM comprehensive dashboard response prepared successfully
INFO 2025-09-01 18:04:48,239 middleware 20196 27692 Response: 200 for GET /api/dashboard/crm-comprehensive/
INFO 2025-09-01 18:04:48,240 basehttp 20196 27692 - Broken pipe from ('127.0.0.1', 62638)
INFO 2025-09-01 18:06:27,402 middleware 20196 10816 Request: GET /api/dashboard/crm-comprehensive/
INFO 2025-09-01 18:06:27,403 crm_comprehensive_views 20196 10816 Starting CRM comprehensive dashboard data retrieval...
INFO 2025-09-01 18:06:27,403 crm_comprehensive_views 20196 10816 Fetching data from CRM...
INFO 2025-09-01 18:06:27,404 crm_comprehensive_views 20196 10816 Trying CRM endpoint: employees
INFO 2025-09-01 18:06:27,404 crm_comprehensive_views 20196 10816 Making CRM API request to: https://crm.deluxebilisim.com/api/employees
INFO 2025-09-01 18:06:28,361 crm_comprehensive_views 20196 10816 CRM API response status: 404
WARNING 2025-09-01 18:06:28,362 crm_comprehensive_views 20196 10816 CRM API endpoint not found: employees
INFO 2025-09-01 18:06:28,364 crm_comprehensive_views 20196 10816 Trying CRM endpoint: users
INFO 2025-09-01 18:06:28,364 crm_comprehensive_views 20196 10816 Making CRM API request to: https://crm.deluxebilisim.com/api/users
INFO 2025-09-01 18:06:29,345 crm_comprehensive_views 20196 10816 CRM API response status: 404
WARNING 2025-09-01 18:06:29,346 crm_comprehensive_views 20196 10816 CRM API endpoint not found: users
INFO 2025-09-01 18:06:29,348 crm_comprehensive_views 20196 10816 Trying CRM endpoint: staff
INFO 2025-09-01 18:06:29,348 crm_comprehensive_views 20196 10816 Making CRM API request to: https://crm.deluxebilisim.com/api/staff
INFO 2025-09-01 18:06:30,306 crm_comprehensive_views 20196 10816 CRM API response status: 404
WARNING 2025-09-01 18:06:30,306 crm_comprehensive_views 20196 10816 CRM API endpoint not found: staff
INFO 2025-09-01 18:06:30,310 crm_comprehensive_views 20196 10816 Trying CRM endpoint: personnel
INFO 2025-09-01 18:06:30,310 crm_comprehensive_views 20196 10816 Making CRM API request to: https://crm.deluxebilisim.com/api/personnel
INFO 2025-09-01 18:06:31,342 crm_comprehensive_views 20196 10816 CRM API response status: 404
WARNING 2025-09-01 18:06:31,343 crm_comprehensive_views 20196 10816 CRM API endpoint not found: personnel
INFO 2025-09-01 18:06:31,345 crm_comprehensive_views 20196 10816 Trying CRM endpoint: team
INFO 2025-09-01 18:06:31,345 crm_comprehensive_views 20196 10816 Making CRM API request to: https://crm.deluxebilisim.com/api/team
INFO 2025-09-01 18:06:32,266 crm_comprehensive_views 20196 10816 CRM API response status: 404
WARNING 2025-09-01 18:06:32,266 crm_comprehensive_views 20196 10816 CRM API endpoint not found: team
INFO 2025-09-01 18:06:32,269 crm_comprehensive_views 20196 10816 Trying CRM endpoint: members
INFO 2025-09-01 18:06:32,270 crm_comprehensive_views 20196 10816 Making CRM API request to: https://crm.deluxebilisim.com/api/members
INFO 2025-09-01 18:06:33,197 crm_comprehensive_views 20196 10816 CRM API response status: 404
WARNING 2025-09-01 18:06:33,198 crm_comprehensive_views 20196 10816 CRM API endpoint not found: members
WARNING 2025-09-01 18:06:33,200 crm_comprehensive_views 20196 10816 No employees found in any CRM endpoint
INFO 2025-09-01 18:06:33,200 crm_comprehensive_views 20196 10816 Trying CRM projects endpoint: projects
INFO 2025-09-01 18:06:33,200 crm_comprehensive_views 20196 10816 Making CRM API request to: https://crm.deluxebilisim.com/api/projects
INFO 2025-09-01 18:06:34,176 crm_comprehensive_views 20196 10816 CRM API response status: 404
WARNING 2025-09-01 18:06:34,177 crm_comprehensive_views 20196 10816 CRM API endpoint not found: projects
INFO 2025-09-01 18:06:34,179 crm_comprehensive_views 20196 10816 Trying CRM projects endpoint: deals
INFO 2025-09-01 18:06:34,179 crm_comprehensive_views 20196 10816 Making CRM API request to: https://crm.deluxebilisim.com/api/deals
INFO 2025-09-01 18:06:35,142 crm_comprehensive_views 20196 10816 CRM API response status: 404
WARNING 2025-09-01 18:06:35,143 crm_comprehensive_views 20196 10816 CRM API endpoint not found: deals
INFO 2025-09-01 18:06:35,145 crm_comprehensive_views 20196 10816 Trying CRM projects endpoint: opportunities
INFO 2025-09-01 18:06:35,145 crm_comprehensive_views 20196 10816 Making CRM API request to: https://crm.deluxebilisim.com/api/opportunities
INFO 2025-09-01 18:06:36,106 crm_comprehensive_views 20196 10816 CRM API response status: 404
WARNING 2025-09-01 18:06:36,107 crm_comprehensive_views 20196 10816 CRM API endpoint not found: opportunities
INFO 2025-09-01 18:06:36,109 crm_comprehensive_views 20196 10816 Trying CRM projects endpoint: cases
INFO 2025-09-01 18:06:36,109 crm_comprehensive_views 20196 10816 Making CRM API request to: https://crm.deluxebilisim.com/api/cases
INFO 2025-09-01 18:06:37,053 crm_comprehensive_views 20196 10816 CRM API response status: 404
WARNING 2025-09-01 18:06:37,054 crm_comprehensive_views 20196 10816 CRM API endpoint not found: cases
INFO 2025-09-01 18:06:37,056 crm_comprehensive_views 20196 10816 Trying CRM projects endpoint: workspaces
INFO 2025-09-01 18:06:37,056 crm_comprehensive_views 20196 10816 Making CRM API request to: https://crm.deluxebilisim.com/api/workspaces
INFO 2025-09-01 18:06:37,968 crm_comprehensive_views 20196 10816 CRM API response status: 404
WARNING 2025-09-01 18:06:37,969 crm_comprehensive_views 20196 10816 CRM API endpoint not found: workspaces
INFO 2025-09-01 18:06:37,971 crm_comprehensive_views 20196 10816 Trying CRM projects endpoint: campaigns
INFO 2025-09-01 18:06:37,971 crm_comprehensive_views 20196 10816 Making CRM API request to: https://crm.deluxebilisim.com/api/campaigns
INFO 2025-09-01 18:06:38,911 crm_comprehensive_views 20196 10816 CRM API response status: 404
WARNING 2025-09-01 18:06:38,911 crm_comprehensive_views 20196 10816 CRM API endpoint not found: campaigns
WARNING 2025-09-01 18:06:38,914 crm_comprehensive_views 20196 10816 No projects found in any CRM endpoint
INFO 2025-09-01 18:06:38,914 crm_comprehensive_views 20196 10816 Trying CRM tasks endpoint: tasks
INFO 2025-09-01 18:06:38,914 crm_comprehensive_views 20196 10816 Making CRM API request to: https://crm.deluxebilisim.com/api/tasks
INFO 2025-09-01 18:06:39,900 crm_comprehensive_views 20196 10816 CRM API response status: 404
WARNING 2025-09-01 18:06:39,901 crm_comprehensive_views 20196 10816 CRM API endpoint not found: tasks
INFO 2025-09-01 18:06:39,904 crm_comprehensive_views 20196 10816 Trying CRM tasks endpoint: activities
INFO 2025-09-01 18:06:39,904 crm_comprehensive_views 20196 10816 Making CRM API request to: https://crm.deluxebilisim.com/api/activities
INFO 2025-09-01 18:06:40,853 crm_comprehensive_views 20196 10816 CRM API response status: 404
WARNING 2025-09-01 18:06:40,853 crm_comprehensive_views 20196 10816 CRM API endpoint not found: activities
INFO 2025-09-01 18:06:40,856 crm_comprehensive_views 20196 10816 Trying CRM tasks endpoint: todos
INFO 2025-09-01 18:06:40,856 crm_comprehensive_views 20196 10816 Making CRM API request to: https://crm.deluxebilisim.com/api/todos
INFO 2025-09-01 18:06:41,793 crm_comprehensive_views 20196 10816 CRM API response status: 404
WARNING 2025-09-01 18:06:41,793 crm_comprehensive_views 20196 10816 CRM API endpoint not found: todos
INFO 2025-09-01 18:06:41,795 crm_comprehensive_views 20196 10816 Trying CRM tasks endpoint: assignments
INFO 2025-09-01 18:06:41,795 crm_comprehensive_views 20196 10816 Making CRM API request to: https://crm.deluxebilisim.com/api/assignments
INFO 2025-09-01 18:06:42,722 crm_comprehensive_views 20196 10816 CRM API response status: 404
WARNING 2025-09-01 18:06:42,723 crm_comprehensive_views 20196 10816 CRM API endpoint not found: assignments
INFO 2025-09-01 18:06:42,726 crm_comprehensive_views 20196 10816 Trying CRM tasks endpoint: work_items
INFO 2025-09-01 18:06:42,726 crm_comprehensive_views 20196 10816 Making CRM API request to: https://crm.deluxebilisim.com/api/work_items
INFO 2025-09-01 18:06:44,044 crm_comprehensive_views 20196 10816 CRM API response status: 404
WARNING 2025-09-01 18:06:44,044 crm_comprehensive_views 20196 10816 CRM API endpoint not found: work_items
INFO 2025-09-01 18:06:44,046 crm_comprehensive_views 20196 10816 Trying CRM tasks endpoint: tickets
INFO 2025-09-01 18:06:44,047 crm_comprehensive_views 20196 10816 Making CRM API request to: https://crm.deluxebilisim.com/api/tickets
INFO 2025-09-01 18:06:44,995 crm_comprehensive_views 20196 10816 CRM API response status: 404
WARNING 2025-09-01 18:06:44,995 crm_comprehensive_views 20196 10816 CRM API endpoint not found: tickets
WARNING 2025-09-01 18:06:44,997 crm_comprehensive_views 20196 10816 No tasks found in any CRM endpoint
INFO 2025-09-01 18:06:44,997 crm_comprehensive_views 20196 10816 Trying CRM summary endpoint: dashboard
INFO 2025-09-01 18:06:44,998 crm_comprehensive_views 20196 10816 Making CRM API request to: https://crm.deluxebilisim.com/api/dashboard
INFO 2025-09-01 18:06:45,950 crm_comprehensive_views 20196 10816 CRM API response status: 404
WARNING 2025-09-01 18:06:45,950 crm_comprehensive_views 20196 10816 CRM API endpoint not found: dashboard
INFO 2025-09-01 18:06:45,953 crm_comprehensive_views 20196 10816 Trying CRM summary endpoint: summary
INFO 2025-09-01 18:06:45,954 crm_comprehensive_views 20196 10816 Making CRM API request to: https://crm.deluxebilisim.com/api/summary
INFO 2025-09-01 18:06:46,922 crm_comprehensive_views 20196 10816 CRM API response status: 404
WARNING 2025-09-01 18:06:46,923 crm_comprehensive_views 20196 10816 CRM API endpoint not found: summary
INFO 2025-09-01 18:06:46,925 crm_comprehensive_views 20196 10816 Trying CRM summary endpoint: overview
INFO 2025-09-01 18:06:46,925 crm_comprehensive_views 20196 10816 Making CRM API request to: https://crm.deluxebilisim.com/api/overview
INFO 2025-09-01 18:06:47,906 crm_comprehensive_views 20196 10816 CRM API response status: 404
WARNING 2025-09-01 18:06:47,907 crm_comprehensive_views 20196 10816 CRM API endpoint not found: overview
INFO 2025-09-01 18:06:47,910 crm_comprehensive_views 20196 10816 Trying CRM summary endpoint: stats
INFO 2025-09-01 18:06:47,910 crm_comprehensive_views 20196 10816 Making CRM API request to: https://crm.deluxebilisim.com/api/stats
INFO 2025-09-01 18:06:48,992 crm_comprehensive_views 20196 10816 CRM API response status: 404
WARNING 2025-09-01 18:06:48,993 crm_comprehensive_views 20196 10816 CRM API endpoint not found: stats
INFO 2025-09-01 18:06:48,995 crm_comprehensive_views 20196 10816 Trying CRM summary endpoint: metrics
INFO 2025-09-01 18:06:48,995 crm_comprehensive_views 20196 10816 Making CRM API request to: https://crm.deluxebilisim.com/api/metrics
INFO 2025-09-01 18:06:50,058 crm_comprehensive_views 20196 10816 CRM API response status: 404
WARNING 2025-09-01 18:06:50,059 crm_comprehensive_views 20196 10816 CRM API endpoint not found: metrics
WARNING 2025-09-01 18:06:50,061 crm_comprehensive_views 20196 10816 No dashboard summary found in CRM
INFO 2025-09-01 18:06:50,061 crm_comprehensive_views 20196 10816 Fetching data from Database...
INFO 2025-09-01 18:06:50,065 crm_comprehensive_views 20196 10816 Using database employee count: 32
INFO 2025-09-01 18:06:50,066 crm_comprehensive_views 20196 10816 Data retrieved: 32 employees, 0 projects, 0 tasks from Database + CRM
INFO 2025-09-01 18:06:50,066 crm_comprehensive_views 20196 10816 CRM comprehensive dashboard response prepared successfully
INFO 2025-09-01 18:06:50,066 middleware 20196 10816 Response: 200 for GET /api/dashboard/crm-comprehensive/
INFO 2025-09-01 18:06:50,067 basehttp 20196 10816 - Broken pipe from ('127.0.0.1', 62790)
INFO 2025-09-01 18:10:11,482 middleware 20196 19348 Request: GET /api/dashboard/crm-comprehensive/
INFO 2025-09-01 18:10:11,483 crm_comprehensive_views 20196 19348 Starting CRM comprehensive dashboard data retrieval...
INFO 2025-09-01 18:10:11,483 crm_comprehensive_views 20196 19348 Fetching data from CRM...
INFO 2025-09-01 18:10:11,483 crm_comprehensive_views 20196 19348 Trying CRM endpoint: employees
INFO 2025-09-01 18:10:11,484 crm_comprehensive_views 20196 19348 Making CRM API request to: https://crm.deluxebilisim.com/api/employees
INFO 2025-09-01 18:10:12,627 crm_comprehensive_views 20196 19348 CRM API response status: 404
WARNING 2025-09-01 18:10:12,627 crm_comprehensive_views 20196 19348 CRM API endpoint not found: employees
INFO 2025-09-01 18:10:12,629 crm_comprehensive_views 20196 19348 Trying CRM endpoint: users
INFO 2025-09-01 18:10:12,630 crm_comprehensive_views 20196 19348 Making CRM API request to: https://crm.deluxebilisim.com/api/users
INFO 2025-09-01 18:10:13,573 crm_comprehensive_views 20196 19348 CRM API response status: 404
WARNING 2025-09-01 18:10:13,574 crm_comprehensive_views 20196 19348 CRM API endpoint not found: users
INFO 2025-09-01 18:10:13,576 crm_comprehensive_views 20196 19348 Trying CRM endpoint: staff
INFO 2025-09-01 18:10:13,576 crm_comprehensive_views 20196 19348 Making CRM API request to: https://crm.deluxebilisim.com/api/staff
INFO 2025-09-01 18:10:14,574 crm_comprehensive_views 20196 19348 CRM API response status: 404
WARNING 2025-09-01 18:10:14,574 crm_comprehensive_views 20196 19348 CRM API endpoint not found: staff
INFO 2025-09-01 18:10:14,577 crm_comprehensive_views 20196 19348 Trying CRM endpoint: personnel
INFO 2025-09-01 18:10:14,577 crm_comprehensive_views 20196 19348 Making CRM API request to: https://crm.deluxebilisim.com/api/personnel
INFO 2025-09-01 18:10:15,823 crm_comprehensive_views 20196 19348 CRM API response status: 404
WARNING 2025-09-01 18:10:15,823 crm_comprehensive_views 20196 19348 CRM API endpoint not found: personnel
INFO 2025-09-01 18:10:15,826 crm_comprehensive_views 20196 19348 Trying CRM endpoint: team
INFO 2025-09-01 18:10:15,826 crm_comprehensive_views 20196 19348 Making CRM API request to: https://crm.deluxebilisim.com/api/team
INFO 2025-09-01 18:10:16,756 crm_comprehensive_views 20196 19348 CRM API response status: 404
WARNING 2025-09-01 18:10:16,757 crm_comprehensive_views 20196 19348 CRM API endpoint not found: team
INFO 2025-09-01 18:10:16,759 crm_comprehensive_views 20196 19348 Trying CRM endpoint: members
INFO 2025-09-01 18:10:16,759 crm_comprehensive_views 20196 19348 Making CRM API request to: https://crm.deluxebilisim.com/api/members
INFO 2025-09-01 18:10:17,720 crm_comprehensive_views 20196 19348 CRM API response status: 404
WARNING 2025-09-01 18:10:17,720 crm_comprehensive_views 20196 19348 CRM API endpoint not found: members
WARNING 2025-09-01 18:10:17,724 crm_comprehensive_views 20196 19348 No employees found in any CRM endpoint
INFO 2025-09-01 18:10:17,724 crm_comprehensive_views 20196 19348 Trying CRM projects endpoint: projects
INFO 2025-09-01 18:10:17,725 crm_comprehensive_views 20196 19348 Making CRM API request to: https://crm.deluxebilisim.com/api/projects
INFO 2025-09-01 18:10:18,770 crm_comprehensive_views 20196 19348 CRM API response status: 404
WARNING 2025-09-01 18:10:18,771 crm_comprehensive_views 20196 19348 CRM API endpoint not found: projects
INFO 2025-09-01 18:10:18,773 crm_comprehensive_views 20196 19348 Trying CRM projects endpoint: deals
INFO 2025-09-01 18:10:18,774 crm_comprehensive_views 20196 19348 Making CRM API request to: https://crm.deluxebilisim.com/api/deals
INFO 2025-09-01 18:10:19,711 crm_comprehensive_views 20196 19348 CRM API response status: 404
WARNING 2025-09-01 18:10:19,711 crm_comprehensive_views 20196 19348 CRM API endpoint not found: deals
INFO 2025-09-01 18:10:19,713 crm_comprehensive_views 20196 19348 Trying CRM projects endpoint: opportunities
INFO 2025-09-01 18:10:19,713 crm_comprehensive_views 20196 19348 Making CRM API request to: https://crm.deluxebilisim.com/api/opportunities
INFO 2025-09-01 18:10:20,638 crm_comprehensive_views 20196 19348 CRM API response status: 404
WARNING 2025-09-01 18:10:20,638 crm_comprehensive_views 20196 19348 CRM API endpoint not found: opportunities
INFO 2025-09-01 18:10:20,641 crm_comprehensive_views 20196 19348 Trying CRM projects endpoint: cases
INFO 2025-09-01 18:10:20,642 crm_comprehensive_views 20196 19348 Making CRM API request to: https://crm.deluxebilisim.com/api/cases
INFO 2025-09-01 18:10:21,708 crm_comprehensive_views 20196 19348 CRM API response status: 404
WARNING 2025-09-01 18:10:21,708 crm_comprehensive_views 20196 19348 CRM API endpoint not found: cases
INFO 2025-09-01 18:10:21,710 crm_comprehensive_views 20196 19348 Trying CRM projects endpoint: workspaces
INFO 2025-09-01 18:10:21,711 crm_comprehensive_views 20196 19348 Making CRM API request to: https://crm.deluxebilisim.com/api/workspaces
INFO 2025-09-01 18:10:22,639 crm_comprehensive_views 20196 19348 CRM API response status: 404
WARNING 2025-09-01 18:10:22,640 crm_comprehensive_views 20196 19348 CRM API endpoint not found: workspaces
INFO 2025-09-01 18:10:22,643 crm_comprehensive_views 20196 19348 Trying CRM projects endpoint: campaigns
INFO 2025-09-01 18:10:22,643 crm_comprehensive_views 20196 19348 Making CRM API request to: https://crm.deluxebilisim.com/api/campaigns
INFO 2025-09-01 18:10:23,552 crm_comprehensive_views 20196 19348 CRM API response status: 404
WARNING 2025-09-01 18:10:23,553 crm_comprehensive_views 20196 19348 CRM API endpoint not found: campaigns
WARNING 2025-09-01 18:10:23,556 crm_comprehensive_views 20196 19348 No projects found in any CRM endpoint
INFO 2025-09-01 18:10:23,557 crm_comprehensive_views 20196 19348 Trying CRM tasks endpoint: tasks
INFO 2025-09-01 18:10:23,557 crm_comprehensive_views 20196 19348 Making CRM API request to: https://crm.deluxebilisim.com/api/tasks
INFO 2025-09-01 18:10:24,552 crm_comprehensive_views 20196 19348 CRM API response status: 404
WARNING 2025-09-01 18:10:24,553 crm_comprehensive_views 20196 19348 CRM API endpoint not found: tasks
INFO 2025-09-01 18:10:24,556 crm_comprehensive_views 20196 19348 Trying CRM tasks endpoint: activities
INFO 2025-09-01 18:10:24,557 crm_comprehensive_views 20196 19348 Making CRM API request to: https://crm.deluxebilisim.com/api/activities
INFO 2025-09-01 18:10:25,508 crm_comprehensive_views 20196 19348 CRM API response status: 404
WARNING 2025-09-01 18:10:25,508 crm_comprehensive_views 20196 19348 CRM API endpoint not found: activities
INFO 2025-09-01 18:10:25,511 crm_comprehensive_views 20196 19348 Trying CRM tasks endpoint: todos
INFO 2025-09-01 18:10:25,511 crm_comprehensive_views 20196 19348 Making CRM API request to: https://crm.deluxebilisim.com/api/todos
INFO 2025-09-01 18:10:26,470 crm_comprehensive_views 20196 19348 CRM API response status: 404
WARNING 2025-09-01 18:10:26,470 crm_comprehensive_views 20196 19348 CRM API endpoint not found: todos
INFO 2025-09-01 18:10:26,472 crm_comprehensive_views 20196 19348 Trying CRM tasks endpoint: assignments
INFO 2025-09-01 18:10:26,472 crm_comprehensive_views 20196 19348 Making CRM API request to: https://crm.deluxebilisim.com/api/assignments
INFO 2025-09-01 18:10:27,417 crm_comprehensive_views 20196 19348 CRM API response status: 404
WARNING 2025-09-01 18:10:27,417 crm_comprehensive_views 20196 19348 CRM API endpoint not found: assignments
INFO 2025-09-01 18:10:27,419 crm_comprehensive_views 20196 19348 Trying CRM tasks endpoint: work_items
INFO 2025-09-01 18:10:27,420 crm_comprehensive_views 20196 19348 Making CRM API request to: https://crm.deluxebilisim.com/api/work_items
INFO 2025-09-01 18:10:28,394 crm_comprehensive_views 20196 19348 CRM API response status: 404
WARNING 2025-09-01 18:10:28,394 crm_comprehensive_views 20196 19348 CRM API endpoint not found: work_items
INFO 2025-09-01 18:10:28,398 crm_comprehensive_views 20196 19348 Trying CRM tasks endpoint: tickets
INFO 2025-09-01 18:10:28,398 crm_comprehensive_views 20196 19348 Making CRM API request to: https://crm.deluxebilisim.com/api/tickets
INFO 2025-09-01 18:10:29,335 crm_comprehensive_views 20196 19348 CRM API response status: 404
WARNING 2025-09-01 18:10:29,336 crm_comprehensive_views 20196 19348 CRM API endpoint not found: tickets
WARNING 2025-09-01 18:10:29,338 crm_comprehensive_views 20196 19348 No tasks found in any CRM endpoint
INFO 2025-09-01 18:10:29,339 crm_comprehensive_views 20196 19348 Trying CRM summary endpoint: dashboard
INFO 2025-09-01 18:10:29,339 crm_comprehensive_views 20196 19348 Making CRM API request to: https://crm.deluxebilisim.com/api/dashboard
INFO 2025-09-01 18:10:30,277 crm_comprehensive_views 20196 19348 CRM API response status: 404
WARNING 2025-09-01 18:10:30,277 crm_comprehensive_views 20196 19348 CRM API endpoint not found: dashboard
INFO 2025-09-01 18:10:30,280 crm_comprehensive_views 20196 19348 Trying CRM summary endpoint: summary
INFO 2025-09-01 18:10:30,280 crm_comprehensive_views 20196 19348 Making CRM API request to: https://crm.deluxebilisim.com/api/summary
INFO 2025-09-01 18:10:31,219 crm_comprehensive_views 20196 19348 CRM API response status: 404
WARNING 2025-09-01 18:10:31,219 crm_comprehensive_views 20196 19348 CRM API endpoint not found: summary
INFO 2025-09-01 18:10:31,221 crm_comprehensive_views 20196 19348 Trying CRM summary endpoint: overview
INFO 2025-09-01 18:10:31,221 crm_comprehensive_views 20196 19348 Making CRM API request to: https://crm.deluxebilisim.com/api/overview
INFO 2025-09-01 18:10:32,159 crm_comprehensive_views 20196 19348 CRM API response status: 404
WARNING 2025-09-01 18:10:32,159 crm_comprehensive_views 20196 19348 CRM API endpoint not found: overview
INFO 2025-09-01 18:10:32,161 crm_comprehensive_views 20196 19348 Trying CRM summary endpoint: stats
INFO 2025-09-01 18:10:32,161 crm_comprehensive_views 20196 19348 Making CRM API request to: https://crm.deluxebilisim.com/api/stats
INFO 2025-09-01 18:10:33,098 crm_comprehensive_views 20196 19348 CRM API response status: 404
WARNING 2025-09-01 18:10:33,098 crm_comprehensive_views 20196 19348 CRM API endpoint not found: stats
INFO 2025-09-01 18:10:33,100 crm_comprehensive_views 20196 19348 Trying CRM summary endpoint: metrics
INFO 2025-09-01 18:10:33,101 crm_comprehensive_views 20196 19348 Making CRM API request to: https://crm.deluxebilisim.com/api/metrics
INFO 2025-09-01 18:10:33,998 crm_comprehensive_views 20196 19348 CRM API response status: 404
WARNING 2025-09-01 18:10:33,998 crm_comprehensive_views 20196 19348 CRM API endpoint not found: metrics
WARNING 2025-09-01 18:10:34,000 crm_comprehensive_views 20196 19348 No dashboard summary found in CRM
INFO 2025-09-01 18:10:34,000 crm_comprehensive_views 20196 19348 Fetching data from Database...
INFO 2025-09-01 18:10:34,005 crm_comprehensive_views 20196 19348 Using database employee count: 32
INFO 2025-09-01 18:10:34,005 crm_comprehensive_views 20196 19348 Data retrieved: 32 employees, 0 projects, 0 tasks from Database + CRM
INFO 2025-09-01 18:10:34,006 crm_comprehensive_views 20196 19348 CRM comprehensive dashboard response prepared successfully
INFO 2025-09-01 18:10:34,006 middleware 20196 19348 Response: 200 for GET /api/dashboard/crm-comprehensive/
INFO 2025-09-01 18:10:34,007 basehttp 20196 19348 - Broken pipe from ('127.0.0.1', 62848)
INFO 2025-09-01 18:10:49,406 middleware 20196 30328 Request: GET /api/dashboard/crm-comprehensive/
INFO 2025-09-01 18:10:49,407 crm_comprehensive_views 20196 30328 Starting CRM comprehensive dashboard data retrieval...
INFO 2025-09-01 18:10:49,407 crm_comprehensive_views 20196 30328 Fetching data from CRM...
INFO 2025-09-01 18:10:49,408 crm_comprehensive_views 20196 30328 Trying CRM endpoint: employees
INFO 2025-09-01 18:10:49,408 crm_comprehensive_views 20196 30328 Making CRM API request to: https://crm.deluxebilisim.com/api/employees
INFO 2025-09-01 18:10:50,388 crm_comprehensive_views 20196 30328 CRM API response status: 404
WARNING 2025-09-01 18:10:50,388 crm_comprehensive_views 20196 30328 CRM API endpoint not found: employees
INFO 2025-09-01 18:10:50,391 crm_comprehensive_views 20196 30328 Trying CRM endpoint: users
INFO 2025-09-01 18:10:50,391 crm_comprehensive_views 20196 30328 Making CRM API request to: https://crm.deluxebilisim.com/api/users
INFO 2025-09-01 18:10:51,344 crm_comprehensive_views 20196 30328 CRM API response status: 404
WARNING 2025-09-01 18:10:51,344 crm_comprehensive_views 20196 30328 CRM API endpoint not found: users
INFO 2025-09-01 18:10:51,347 crm_comprehensive_views 20196 30328 Trying CRM endpoint: staff
INFO 2025-09-01 18:10:51,347 crm_comprehensive_views 20196 30328 Making CRM API request to: https://crm.deluxebilisim.com/api/staff
INFO 2025-09-01 18:10:52,301 crm_comprehensive_views 20196 30328 CRM API response status: 404
WARNING 2025-09-01 18:10:52,302 crm_comprehensive_views 20196 30328 CRM API endpoint not found: staff
INFO 2025-09-01 18:10:52,304 crm_comprehensive_views 20196 30328 Trying CRM endpoint: personnel
INFO 2025-09-01 18:10:52,304 crm_comprehensive_views 20196 30328 Making CRM API request to: https://crm.deluxebilisim.com/api/personnel
INFO 2025-09-01 18:10:53,255 crm_comprehensive_views 20196 30328 CRM API response status: 404
WARNING 2025-09-01 18:10:53,256 crm_comprehensive_views 20196 30328 CRM API endpoint not found: personnel
INFO 2025-09-01 18:10:53,258 crm_comprehensive_views 20196 30328 Trying CRM endpoint: team
INFO 2025-09-01 18:10:53,259 crm_comprehensive_views 20196 30328 Making CRM API request to: https://crm.deluxebilisim.com/api/team
INFO 2025-09-01 18:10:54,202 crm_comprehensive_views 20196 30328 CRM API response status: 404
WARNING 2025-09-01 18:10:54,202 crm_comprehensive_views 20196 30328 CRM API endpoint not found: team
INFO 2025-09-01 18:10:54,204 crm_comprehensive_views 20196 30328 Trying CRM endpoint: members
INFO 2025-09-01 18:10:54,204 crm_comprehensive_views 20196 30328 Making CRM API request to: https://crm.deluxebilisim.com/api/members
INFO 2025-09-01 18:10:55,358 crm_comprehensive_views 20196 30328 CRM API response status: 404
WARNING 2025-09-01 18:10:55,359 crm_comprehensive_views 20196 30328 CRM API endpoint not found: members
WARNING 2025-09-01 18:10:55,362 crm_comprehensive_views 20196 30328 No employees found in any CRM endpoint
INFO 2025-09-01 18:10:55,363 crm_comprehensive_views 20196 30328 Trying CRM projects endpoint: projects
INFO 2025-09-01 18:10:55,363 crm_comprehensive_views 20196 30328 Making CRM API request to: https://crm.deluxebilisim.com/api/projects
INFO 2025-09-01 18:10:56,497 crm_comprehensive_views 20196 30328 CRM API response status: 404
WARNING 2025-09-01 18:10:56,498 crm_comprehensive_views 20196 30328 CRM API endpoint not found: projects
INFO 2025-09-01 18:10:56,500 crm_comprehensive_views 20196 30328 Trying CRM projects endpoint: deals
INFO 2025-09-01 18:10:56,500 crm_comprehensive_views 20196 30328 Making CRM API request to: https://crm.deluxebilisim.com/api/deals
INFO 2025-09-01 18:10:57,450 crm_comprehensive_views 20196 30328 CRM API response status: 404
WARNING 2025-09-01 18:10:57,450 crm_comprehensive_views 20196 30328 CRM API endpoint not found: deals
INFO 2025-09-01 18:10:57,452 crm_comprehensive_views 20196 30328 Trying CRM projects endpoint: opportunities
INFO 2025-09-01 18:10:57,452 crm_comprehensive_views 20196 30328 Making CRM API request to: https://crm.deluxebilisim.com/api/opportunities
INFO 2025-09-01 18:10:58,431 crm_comprehensive_views 20196 30328 CRM API response status: 404
WARNING 2025-09-01 18:10:58,432 crm_comprehensive_views 20196 30328 CRM API endpoint not found: opportunities
INFO 2025-09-01 18:10:58,435 crm_comprehensive_views 20196 30328 Trying CRM projects endpoint: cases
INFO 2025-09-01 18:10:58,435 crm_comprehensive_views 20196 30328 Making CRM API request to: https://crm.deluxebilisim.com/api/cases
INFO 2025-09-01 18:10:59,356 crm_comprehensive_views 20196 30328 CRM API response status: 404
WARNING 2025-09-01 18:10:59,356 crm_comprehensive_views 20196 30328 CRM API endpoint not found: cases
INFO 2025-09-01 18:10:59,359 crm_comprehensive_views 20196 30328 Trying CRM projects endpoint: workspaces
INFO 2025-09-01 18:10:59,360 crm_comprehensive_views 20196 30328 Making CRM API request to: https://crm.deluxebilisim.com/api/workspaces
INFO 2025-09-01 18:11:00,301 crm_comprehensive_views 20196 30328 CRM API response status: 404
WARNING 2025-09-01 18:11:00,302 crm_comprehensive_views 20196 30328 CRM API endpoint not found: workspaces
INFO 2025-09-01 18:11:00,304 crm_comprehensive_views 20196 30328 Trying CRM projects endpoint: campaigns
INFO 2025-09-01 18:11:00,305 crm_comprehensive_views 20196 30328 Making CRM API request to: https://crm.deluxebilisim.com/api/campaigns
INFO 2025-09-01 18:11:01,294 crm_comprehensive_views 20196 30328 CRM API response status: 404
WARNING 2025-09-01 18:11:01,294 crm_comprehensive_views 20196 30328 CRM API endpoint not found: campaigns
WARNING 2025-09-01 18:11:01,296 crm_comprehensive_views 20196 30328 No projects found in any CRM endpoint
INFO 2025-09-01 18:11:01,296 crm_comprehensive_views 20196 30328 Trying CRM tasks endpoint: tasks
INFO 2025-09-01 18:11:01,297 crm_comprehensive_views 20196 30328 Making CRM API request to: https://crm.deluxebilisim.com/api/tasks
INFO 2025-09-01 18:11:02,359 crm_comprehensive_views 20196 30328 CRM API response status: 404
WARNING 2025-09-01 18:11:02,359 crm_comprehensive_views 20196 30328 CRM API endpoint not found: tasks
INFO 2025-09-01 18:11:02,361 crm_comprehensive_views 20196 30328 Trying CRM tasks endpoint: activities
INFO 2025-09-01 18:11:02,361 crm_comprehensive_views 20196 30328 Making CRM API request to: https://crm.deluxebilisim.com/api/activities
INFO 2025-09-01 18:11:03,316 crm_comprehensive_views 20196 30328 CRM API response status: 404
WARNING 2025-09-01 18:11:03,317 crm_comprehensive_views 20196 30328 CRM API endpoint not found: activities
INFO 2025-09-01 18:11:03,319 crm_comprehensive_views 20196 30328 Trying CRM tasks endpoint: todos
INFO 2025-09-01 18:11:03,319 crm_comprehensive_views 20196 30328 Making CRM API request to: https://crm.deluxebilisim.com/api/todos
INFO 2025-09-01 18:11:04,246 crm_comprehensive_views 20196 30328 CRM API response status: 404
WARNING 2025-09-01 18:11:04,247 crm_comprehensive_views 20196 30328 CRM API endpoint not found: todos
INFO 2025-09-01 18:11:04,249 crm_comprehensive_views 20196 30328 Trying CRM tasks endpoint: assignments
INFO 2025-09-01 18:11:04,249 crm_comprehensive_views 20196 30328 Making CRM API request to: https://crm.deluxebilisim.com/api/assignments
INFO 2025-09-01 18:11:05,182 crm_comprehensive_views 20196 30328 CRM API response status: 404
WARNING 2025-09-01 18:11:05,182 crm_comprehensive_views 20196 30328 CRM API endpoint not found: assignments
INFO 2025-09-01 18:11:05,184 crm_comprehensive_views 20196 30328 Trying CRM tasks endpoint: work_items
INFO 2025-09-01 18:11:05,185 crm_comprehensive_views 20196 30328 Making CRM API request to: https://crm.deluxebilisim.com/api/work_items
INFO 2025-09-01 18:11:06,161 crm_comprehensive_views 20196 30328 CRM API response status: 404
WARNING 2025-09-01 18:11:06,161 crm_comprehensive_views 20196 30328 CRM API endpoint not found: work_items
INFO 2025-09-01 18:11:06,164 crm_comprehensive_views 20196 30328 Trying CRM tasks endpoint: tickets
INFO 2025-09-01 18:11:06,164 crm_comprehensive_views 20196 30328 Making CRM API request to: https://crm.deluxebilisim.com/api/tickets
INFO 2025-09-01 18:11:07,166 crm_comprehensive_views 20196 30328 CRM API response status: 404
WARNING 2025-09-01 18:11:07,167 crm_comprehensive_views 20196 30328 CRM API endpoint not found: tickets
WARNING 2025-09-01 18:11:07,169 crm_comprehensive_views 20196 30328 No tasks found in any CRM endpoint
INFO 2025-09-01 18:11:07,169 crm_comprehensive_views 20196 30328 Trying CRM summary endpoint: dashboard
INFO 2025-09-01 18:11:07,169 crm_comprehensive_views 20196 30328 Making CRM API request to: https://crm.deluxebilisim.com/api/dashboard
INFO 2025-09-01 18:11:08,141 crm_comprehensive_views 20196 30328 CRM API response status: 404
WARNING 2025-09-01 18:11:08,142 crm_comprehensive_views 20196 30328 CRM API endpoint not found: dashboard
INFO 2025-09-01 18:11:08,144 crm_comprehensive_views 20196 30328 Trying CRM summary endpoint: summary
INFO 2025-09-01 18:11:08,144 crm_comprehensive_views 20196 30328 Making CRM API request to: https://crm.deluxebilisim.com/api/summary
INFO 2025-09-01 18:11:09,105 crm_comprehensive_views 20196 30328 CRM API response status: 404
WARNING 2025-09-01 18:11:09,105 crm_comprehensive_views 20196 30328 CRM API endpoint not found: summary
INFO 2025-09-01 18:11:09,108 crm_comprehensive_views 20196 30328 Trying CRM summary endpoint: overview
INFO 2025-09-01 18:11:09,109 crm_comprehensive_views 20196 30328 Making CRM API request to: https://crm.deluxebilisim.com/api/overview
INFO 2025-09-01 18:11:10,052 crm_comprehensive_views 20196 30328 CRM API response status: 404
WARNING 2025-09-01 18:11:10,052 crm_comprehensive_views 20196 30328 CRM API endpoint not found: overview
INFO 2025-09-01 18:11:10,055 crm_comprehensive_views 20196 30328 Trying CRM summary endpoint: stats
INFO 2025-09-01 18:11:10,055 crm_comprehensive_views 20196 30328 Making CRM API request to: https://crm.deluxebilisim.com/api/stats
INFO 2025-09-01 18:11:10,992 crm_comprehensive_views 20196 30328 CRM API response status: 404
WARNING 2025-09-01 18:11:10,992 crm_comprehensive_views 20196 30328 CRM API endpoint not found: stats
INFO 2025-09-01 18:11:10,994 crm_comprehensive_views 20196 30328 Trying CRM summary endpoint: metrics
INFO 2025-09-01 18:11:10,994 crm_comprehensive_views 20196 30328 Making CRM API request to: https://crm.deluxebilisim.com/api/metrics
INFO 2025-09-01 18:11:11,979 crm_comprehensive_views 20196 30328 CRM API response status: 404
WARNING 2025-09-01 18:11:11,979 crm_comprehensive_views 20196 30328 CRM API endpoint not found: metrics
WARNING 2025-09-01 18:11:11,982 crm_comprehensive_views 20196 30328 No dashboard summary found in CRM
INFO 2025-09-01 18:11:11,982 crm_comprehensive_views 20196 30328 Fetching data from Database...
INFO 2025-09-01 18:11:11,988 crm_comprehensive_views 20196 30328 Using database employee count: 32
INFO 2025-09-01 18:11:11,988 crm_comprehensive_views 20196 30328 Data retrieved: 32 employees, 0 projects, 0 tasks from Database + CRM
INFO 2025-09-01 18:11:11,989 crm_comprehensive_views 20196 30328 CRM comprehensive dashboard response prepared successfully
INFO 2025-09-01 18:11:11,990 middleware 20196 30328 Response: 200 for GET /api/dashboard/crm-comprehensive/
INFO 2025-09-01 18:11:11,991 basehttp 20196 30328 - Broken pipe from ('127.0.0.1', 62877)
INFO 2025-09-01 18:14:36,090 middleware 17952 11340 Request: GET /api/dashboard/crm-comprehensive/
INFO 2025-09-01 18:14:36,093 crm_comprehensive_views 17952 11340 Starting CRM comprehensive dashboard data retrieval...
INFO 2025-09-01 18:14:36,123 crm_comprehensive_views 17952 11340 Fetching data from CRM...
INFO 2025-09-01 18:14:36,124 crm_comprehensive_views 17952 11340 Trying CRM endpoint: employees
INFO 2025-09-01 18:14:36,127 crm_comprehensive_views 17952 11340 Making CRM API request to: https://crm.deluxebilisim.com/api/employees
INFO 2025-09-01 18:14:37,162 crm_comprehensive_views 17952 11340 CRM API response status: 404
WARNING 2025-09-01 18:14:37,163 crm_comprehensive_views 17952 11340 CRM API endpoint not found: employees
INFO 2025-09-01 18:14:37,165 crm_comprehensive_views 17952 11340 Trying CRM endpoint: users
INFO 2025-09-01 18:14:37,165 crm_comprehensive_views 17952 11340 Making CRM API request to: https://crm.deluxebilisim.com/api/users
INFO 2025-09-01 18:14:38,128 crm_comprehensive_views 17952 11340 CRM API response status: 404
WARNING 2025-09-01 18:14:38,128 crm_comprehensive_views 17952 11340 CRM API endpoint not found: users
INFO 2025-09-01 18:14:38,130 crm_comprehensive_views 17952 11340 Trying CRM endpoint: staff
INFO 2025-09-01 18:14:38,131 crm_comprehensive_views 17952 11340 Making CRM API request to: https://crm.deluxebilisim.com/api/staff
INFO 2025-09-01 18:14:39,117 crm_comprehensive_views 17952 11340 CRM API response status: 404
WARNING 2025-09-01 18:14:39,117 crm_comprehensive_views 17952 11340 CRM API endpoint not found: staff
INFO 2025-09-01 18:14:39,120 crm_comprehensive_views 17952 11340 Trying CRM endpoint: personnel
INFO 2025-09-01 18:14:39,120 crm_comprehensive_views 17952 11340 Making CRM API request to: https://crm.deluxebilisim.com/api/personnel
INFO 2025-09-01 18:14:40,246 crm_comprehensive_views 17952 11340 CRM API response status: 404
WARNING 2025-09-01 18:14:40,247 crm_comprehensive_views 17952 11340 CRM API endpoint not found: personnel
INFO 2025-09-01 18:14:40,249 crm_comprehensive_views 17952 11340 Trying CRM endpoint: team
INFO 2025-09-01 18:14:40,249 crm_comprehensive_views 17952 11340 Making CRM API request to: https://crm.deluxebilisim.com/api/team
INFO 2025-09-01 18:14:41,212 crm_comprehensive_views 17952 11340 CRM API response status: 404
WARNING 2025-09-01 18:14:41,212 crm_comprehensive_views 17952 11340 CRM API endpoint not found: team
INFO 2025-09-01 18:14:41,215 crm_comprehensive_views 17952 11340 Trying CRM endpoint: members
INFO 2025-09-01 18:14:41,215 crm_comprehensive_views 17952 11340 Making CRM API request to: https://crm.deluxebilisim.com/api/members
INFO 2025-09-01 18:14:42,217 crm_comprehensive_views 17952 11340 CRM API response status: 404
WARNING 2025-09-01 18:14:42,217 crm_comprehensive_views 17952 11340 CRM API endpoint not found: members
WARNING 2025-09-01 18:14:42,219 crm_comprehensive_views 17952 11340 No employees found in any CRM endpoint
INFO 2025-09-01 18:14:42,220 crm_comprehensive_views 17952 11340 Trying CRM projects endpoint: projects
INFO 2025-09-01 18:14:42,220 crm_comprehensive_views 17952 11340 Making CRM API request to: https://crm.deluxebilisim.com/api/projects
INFO 2025-09-01 18:14:43,197 crm_comprehensive_views 17952 11340 CRM API response status: 404
WARNING 2025-09-01 18:14:43,198 crm_comprehensive_views 17952 11340 CRM API endpoint not found: projects
INFO 2025-09-01 18:14:43,200 crm_comprehensive_views 17952 11340 Trying CRM projects endpoint: deals
INFO 2025-09-01 18:14:43,200 crm_comprehensive_views 17952 11340 Making CRM API request to: https://crm.deluxebilisim.com/api/deals
INFO 2025-09-01 18:14:44,134 crm_comprehensive_views 17952 11340 CRM API response status: 404
WARNING 2025-09-01 18:14:44,134 crm_comprehensive_views 17952 11340 CRM API endpoint not found: deals
INFO 2025-09-01 18:14:44,136 crm_comprehensive_views 17952 11340 Trying CRM projects endpoint: opportunities
INFO 2025-09-01 18:14:44,136 crm_comprehensive_views 17952 11340 Making CRM API request to: https://crm.deluxebilisim.com/api/opportunities
INFO 2025-09-01 18:14:45,104 crm_comprehensive_views 17952 11340 CRM API response status: 404
WARNING 2025-09-01 18:14:45,105 crm_comprehensive_views 17952 11340 CRM API endpoint not found: opportunities
INFO 2025-09-01 18:14:45,107 crm_comprehensive_views 17952 11340 Trying CRM projects endpoint: cases
INFO 2025-09-01 18:14:45,107 crm_comprehensive_views 17952 11340 Making CRM API request to: https://crm.deluxebilisim.com/api/cases
INFO 2025-09-01 18:14:46,057 crm_comprehensive_views 17952 11340 CRM API response status: 404
WARNING 2025-09-01 18:14:46,057 crm_comprehensive_views 17952 11340 CRM API endpoint not found: cases
INFO 2025-09-01 18:14:46,059 crm_comprehensive_views 17952 11340 Trying CRM projects endpoint: workspaces
INFO 2025-09-01 18:14:46,060 crm_comprehensive_views 17952 11340 Making CRM API request to: https://crm.deluxebilisim.com/api/workspaces
INFO 2025-09-01 18:14:47,000 crm_comprehensive_views 17952 11340 CRM API response status: 404
WARNING 2025-09-01 18:14:47,000 crm_comprehensive_views 17952 11340 CRM API endpoint not found: workspaces
INFO 2025-09-01 18:14:47,002 crm_comprehensive_views 17952 11340 Trying CRM projects endpoint: campaigns
INFO 2025-09-01 18:14:47,003 crm_comprehensive_views 17952 11340 Making CRM API request to: https://crm.deluxebilisim.com/api/campaigns
INFO 2025-09-01 18:14:47,967 crm_comprehensive_views 17952 11340 CRM API response status: 404
WARNING 2025-09-01 18:14:47,968 crm_comprehensive_views 17952 11340 CRM API endpoint not found: campaigns
WARNING 2025-09-01 18:14:47,970 crm_comprehensive_views 17952 11340 No projects found in any CRM endpoint
INFO 2025-09-01 18:14:47,970 crm_comprehensive_views 17952 11340 Trying CRM tasks endpoint: tasks
INFO 2025-09-01 18:14:47,971 crm_comprehensive_views 17952 11340 Making CRM API request to: https://crm.deluxebilisim.com/api/tasks
INFO 2025-09-01 18:14:48,903 crm_comprehensive_views 17952 11340 CRM API response status: 404
WARNING 2025-09-01 18:14:48,904 crm_comprehensive_views 17952 11340 CRM API endpoint not found: tasks
INFO 2025-09-01 18:14:48,906 crm_comprehensive_views 17952 11340 Trying CRM tasks endpoint: activities
INFO 2025-09-01 18:14:48,906 crm_comprehensive_views 17952 11340 Making CRM API request to: https://crm.deluxebilisim.com/api/activities
INFO 2025-09-01 18:14:49,856 crm_comprehensive_views 17952 11340 CRM API response status: 404
WARNING 2025-09-01 18:14:49,856 crm_comprehensive_views 17952 11340 CRM API endpoint not found: activities
INFO 2025-09-01 18:14:49,859 crm_comprehensive_views 17952 11340 Trying CRM tasks endpoint: todos
INFO 2025-09-01 18:14:49,859 crm_comprehensive_views 17952 11340 Making CRM API request to: https://crm.deluxebilisim.com/api/todos
INFO 2025-09-01 18:14:50,791 crm_comprehensive_views 17952 11340 CRM API response status: 404
WARNING 2025-09-01 18:14:50,791 crm_comprehensive_views 17952 11340 CRM API endpoint not found: todos
INFO 2025-09-01 18:14:50,793 crm_comprehensive_views 17952 11340 Trying CRM tasks endpoint: assignments
INFO 2025-09-01 18:14:50,793 crm_comprehensive_views 17952 11340 Making CRM API request to: https://crm.deluxebilisim.com/api/assignments
INFO 2025-09-01 18:14:51,797 crm_comprehensive_views 17952 11340 CRM API response status: 404
WARNING 2025-09-01 18:14:51,797 crm_comprehensive_views 17952 11340 CRM API endpoint not found: assignments
INFO 2025-09-01 18:14:51,799 crm_comprehensive_views 17952 11340 Trying CRM tasks endpoint: work_items
INFO 2025-09-01 18:14:51,800 crm_comprehensive_views 17952 11340 Making CRM API request to: https://crm.deluxebilisim.com/api/work_items
INFO 2025-09-01 18:14:52,745 crm_comprehensive_views 17952 11340 CRM API response status: 404
WARNING 2025-09-01 18:14:52,745 crm_comprehensive_views 17952 11340 CRM API endpoint not found: work_items
INFO 2025-09-01 18:14:52,748 crm_comprehensive_views 17952 11340 Trying CRM tasks endpoint: tickets
INFO 2025-09-01 18:14:52,748 crm_comprehensive_views 17952 11340 Making CRM API request to: https://crm.deluxebilisim.com/api/tickets
INFO 2025-09-01 18:14:53,706 crm_comprehensive_views 17952 11340 CRM API response status: 404
WARNING 2025-09-01 18:14:53,707 crm_comprehensive_views 17952 11340 CRM API endpoint not found: tickets
WARNING 2025-09-01 18:14:53,710 crm_comprehensive_views 17952 11340 No tasks found in any CRM endpoint
INFO 2025-09-01 18:14:53,710 crm_comprehensive_views 17952 11340 Trying CRM summary endpoint: dashboard
INFO 2025-09-01 18:14:53,711 crm_comprehensive_views 17952 11340 Making CRM API request to: https://crm.deluxebilisim.com/api/dashboard
INFO 2025-09-01 18:14:54,746 crm_comprehensive_views 17952 11340 CRM API response status: 404
WARNING 2025-09-01 18:14:54,746 crm_comprehensive_views 17952 11340 CRM API endpoint not found: dashboard
INFO 2025-09-01 18:14:54,748 crm_comprehensive_views 17952 11340 Trying CRM summary endpoint: summary
INFO 2025-09-01 18:14:54,749 crm_comprehensive_views 17952 11340 Making CRM API request to: https://crm.deluxebilisim.com/api/summary
INFO 2025-09-01 18:14:55,834 crm_comprehensive_views 17952 11340 CRM API response status: 404
WARNING 2025-09-01 18:14:55,834 crm_comprehensive_views 17952 11340 CRM API endpoint not found: summary
INFO 2025-09-01 18:14:55,837 crm_comprehensive_views 17952 11340 Trying CRM summary endpoint: overview
INFO 2025-09-01 18:14:55,837 crm_comprehensive_views 17952 11340 Making CRM API request to: https://crm.deluxebilisim.com/api/overview
INFO 2025-09-01 18:14:56,823 crm_comprehensive_views 17952 11340 CRM API response status: 404
WARNING 2025-09-01 18:14:56,824 crm_comprehensive_views 17952 11340 CRM API endpoint not found: overview
INFO 2025-09-01 18:14:56,826 crm_comprehensive_views 17952 11340 Trying CRM summary endpoint: stats
INFO 2025-09-01 18:14:56,826 crm_comprehensive_views 17952 11340 Making CRM API request to: https://crm.deluxebilisim.com/api/stats
INFO 2025-09-01 18:14:57,799 crm_comprehensive_views 17952 11340 CRM API response status: 404
WARNING 2025-09-01 18:14:57,800 crm_comprehensive_views 17952 11340 CRM API endpoint not found: stats
INFO 2025-09-01 18:14:57,802 crm_comprehensive_views 17952 11340 Trying CRM summary endpoint: metrics
INFO 2025-09-01 18:14:57,802 crm_comprehensive_views 17952 11340 Making CRM API request to: https://crm.deluxebilisim.com/api/metrics
INFO 2025-09-01 18:14:58,780 crm_comprehensive_views 17952 11340 CRM API response status: 404
WARNING 2025-09-01 18:14:58,780 crm_comprehensive_views 17952 11340 CRM API endpoint not found: metrics
WARNING 2025-09-01 18:14:58,783 crm_comprehensive_views 17952 11340 No dashboard summary found in CRM
INFO 2025-09-01 18:14:58,783 crm_comprehensive_views 17952 11340 Fetching data from Database...
INFO 2025-09-01 18:14:58,799 crm_comprehensive_views 17952 11340 Using database employee count: 32
INFO 2025-09-01 18:14:58,800 crm_comprehensive_views 17952 11340 Data retrieved: 32 employees, 0 projects, 0 tasks from Database + CRM
INFO 2025-09-01 18:14:58,800 crm_comprehensive_views 17952 11340 CRM comprehensive dashboard response prepared successfully
INFO 2025-09-01 18:14:58,801 middleware 17952 11340 Response: 200 for GET /api/dashboard/crm-comprehensive/
INFO 2025-09-01 18:14:58,802 basehttp 17952 11340 - Broken pipe from ('127.0.0.1', 63265)
INFO 2025-09-01 18:15:44,548 middleware 17952 16036 Request: GET /api/dashboard/crm-comprehensive/
INFO 2025-09-01 18:15:44,549 crm_comprehensive_views 17952 16036 Starting CRM comprehensive dashboard data retrieval...
INFO 2025-09-01 18:15:44,549 crm_comprehensive_views 17952 16036 Fetching data from CRM...
INFO 2025-09-01 18:15:44,550 crm_comprehensive_views 17952 16036 Trying CRM endpoint: employees
INFO 2025-09-01 18:15:44,550 crm_comprehensive_views 17952 16036 Making CRM API request to: https://crm.deluxebilisim.com/api/employees
INFO 2025-09-01 18:15:45,844 crm_comprehensive_views 17952 16036 CRM API response status: 404
WARNING 2025-09-01 18:15:45,844 crm_comprehensive_views 17952 16036 CRM API endpoint not found: employees
INFO 2025-09-01 18:15:45,847 crm_comprehensive_views 17952 16036 Trying CRM endpoint: users
INFO 2025-09-01 18:15:45,848 crm_comprehensive_views 17952 16036 Making CRM API request to: https://crm.deluxebilisim.com/api/users
INFO 2025-09-01 18:15:46,869 crm_comprehensive_views 17952 16036 CRM API response status: 404
WARNING 2025-09-01 18:15:46,869 crm_comprehensive_views 17952 16036 CRM API endpoint not found: users
INFO 2025-09-01 18:15:46,872 crm_comprehensive_views 17952 16036 Trying CRM endpoint: staff
INFO 2025-09-01 18:15:46,872 crm_comprehensive_views 17952 16036 Making CRM API request to: https://crm.deluxebilisim.com/api/staff
INFO 2025-09-01 18:15:47,855 crm_comprehensive_views 17952 16036 CRM API response status: 404
WARNING 2025-09-01 18:15:47,855 crm_comprehensive_views 17952 16036 CRM API endpoint not found: staff
INFO 2025-09-01 18:15:47,858 crm_comprehensive_views 17952 16036 Trying CRM endpoint: personnel
INFO 2025-09-01 18:15:47,858 crm_comprehensive_views 17952 16036 Making CRM API request to: https://crm.deluxebilisim.com/api/personnel
INFO 2025-09-01 18:15:48,813 crm_comprehensive_views 17952 16036 CRM API response status: 404
WARNING 2025-09-01 18:15:48,814 crm_comprehensive_views 17952 16036 CRM API endpoint not found: personnel
INFO 2025-09-01 18:15:48,817 crm_comprehensive_views 17952 16036 Trying CRM endpoint: team
INFO 2025-09-01 18:15:48,817 crm_comprehensive_views 17952 16036 Making CRM API request to: https://crm.deluxebilisim.com/api/team
INFO 2025-09-01 18:15:49,783 crm_comprehensive_views 17952 16036 CRM API response status: 404
WARNING 2025-09-01 18:15:49,784 crm_comprehensive_views 17952 16036 CRM API endpoint not found: team
INFO 2025-09-01 18:15:49,786 crm_comprehensive_views 17952 16036 Trying CRM endpoint: members
INFO 2025-09-01 18:15:49,786 crm_comprehensive_views 17952 16036 Making CRM API request to: https://crm.deluxebilisim.com/api/members
INFO 2025-09-01 18:15:50,736 crm_comprehensive_views 17952 16036 CRM API response status: 404
WARNING 2025-09-01 18:15:50,736 crm_comprehensive_views 17952 16036 CRM API endpoint not found: members
WARNING 2025-09-01 18:15:50,738 crm_comprehensive_views 17952 16036 No employees found in any CRM endpoint
INFO 2025-09-01 18:15:50,739 crm_comprehensive_views 17952 16036 Trying CRM projects endpoint: projects
INFO 2025-09-01 18:15:50,739 crm_comprehensive_views 17952 16036 Making CRM API request to: https://crm.deluxebilisim.com/api/projects
INFO 2025-09-01 18:15:51,761 crm_comprehensive_views 17952 16036 CRM API response status: 404
WARNING 2025-09-01 18:15:51,761 crm_comprehensive_views 17952 16036 CRM API endpoint not found: projects
INFO 2025-09-01 18:15:51,764 crm_comprehensive_views 17952 16036 Trying CRM projects endpoint: deals
INFO 2025-09-01 18:15:51,764 crm_comprehensive_views 17952 16036 Making CRM API request to: https://crm.deluxebilisim.com/api/deals
INFO 2025-09-01 18:15:52,728 crm_comprehensive_views 17952 16036 CRM API response status: 404
WARNING 2025-09-01 18:15:52,728 crm_comprehensive_views 17952 16036 CRM API endpoint not found: deals
INFO 2025-09-01 18:15:52,733 crm_comprehensive_views 17952 16036 Trying CRM projects endpoint: opportunities
INFO 2025-09-01 18:15:52,734 crm_comprehensive_views 17952 16036 Making CRM API request to: https://crm.deluxebilisim.com/api/opportunities
INFO 2025-09-01 18:15:53,714 crm_comprehensive_views 17952 16036 CRM API response status: 404
WARNING 2025-09-01 18:15:53,759 crm_comprehensive_views 17952 16036 CRM API endpoint not found: opportunities
INFO 2025-09-01 18:15:53,817 crm_comprehensive_views 17952 16036 Trying CRM projects endpoint: cases
INFO 2025-09-01 18:15:53,818 crm_comprehensive_views 17952 16036 Making CRM API request to: https://crm.deluxebilisim.com/api/cases
INFO 2025-09-01 18:15:54,816 crm_comprehensive_views 17952 16036 CRM API response status: 404
WARNING 2025-09-01 18:15:54,819 crm_comprehensive_views 17952 16036 CRM API endpoint not found: cases
INFO 2025-09-01 18:15:54,823 crm_comprehensive_views 17952 16036 Trying CRM projects endpoint: workspaces
INFO 2025-09-01 18:15:54,823 crm_comprehensive_views 17952 16036 Making CRM API request to: https://crm.deluxebilisim.com/api/workspaces
INFO 2025-09-01 18:15:55,796 crm_comprehensive_views 17952 16036 CRM API response status: 404
WARNING 2025-09-01 18:15:55,796 crm_comprehensive_views 17952 16036 CRM API endpoint not found: workspaces
INFO 2025-09-01 18:15:55,799 crm_comprehensive_views 17952 16036 Trying CRM projects endpoint: campaigns
INFO 2025-09-01 18:15:55,799 crm_comprehensive_views 17952 16036 Making CRM API request to: https://crm.deluxebilisim.com/api/campaigns
INFO 2025-09-01 18:15:56,774 crm_comprehensive_views 17952 16036 CRM API response status: 404
WARNING 2025-09-01 18:15:56,774 crm_comprehensive_views 17952 16036 CRM API endpoint not found: campaigns
WARNING 2025-09-01 18:15:56,776 crm_comprehensive_views 17952 16036 No projects found in any CRM endpoint
INFO 2025-09-01 18:15:56,777 crm_comprehensive_views 17952 16036 Trying CRM tasks endpoint: tasks
INFO 2025-09-01 18:15:56,777 crm_comprehensive_views 17952 16036 Making CRM API request to: https://crm.deluxebilisim.com/api/tasks
INFO 2025-09-01 18:15:57,786 crm_comprehensive_views 17952 16036 CRM API response status: 404
WARNING 2025-09-01 18:15:57,786 crm_comprehensive_views 17952 16036 CRM API endpoint not found: tasks
INFO 2025-09-01 18:15:57,789 crm_comprehensive_views 17952 16036 Trying CRM tasks endpoint: activities
INFO 2025-09-01 18:15:57,789 crm_comprehensive_views 17952 16036 Making CRM API request to: https://crm.deluxebilisim.com/api/activities
INFO 2025-09-01 18:15:58,791 crm_comprehensive_views 17952 16036 CRM API response status: 404
WARNING 2025-09-01 18:15:58,791 crm_comprehensive_views 17952 16036 CRM API endpoint not found: activities
INFO 2025-09-01 18:15:58,794 crm_comprehensive_views 17952 16036 Trying CRM tasks endpoint: todos
INFO 2025-09-01 18:15:58,794 crm_comprehensive_views 17952 16036 Making CRM API request to: https://crm.deluxebilisim.com/api/todos
INFO 2025-09-01 18:15:59,789 crm_comprehensive_views 17952 16036 CRM API response status: 404
WARNING 2025-09-01 18:15:59,790 crm_comprehensive_views 17952 16036 CRM API endpoint not found: todos
INFO 2025-09-01 18:15:59,792 crm_comprehensive_views 17952 16036 Trying CRM tasks endpoint: assignments
INFO 2025-09-01 18:15:59,792 crm_comprehensive_views 17952 16036 Making CRM API request to: https://crm.deluxebilisim.com/api/assignments
INFO 2025-09-01 18:16:00,808 crm_comprehensive_views 17952 16036 CRM API response status: 404
WARNING 2025-09-01 18:16:00,808 crm_comprehensive_views 17952 16036 CRM API endpoint not found: assignments
INFO 2025-09-01 18:16:00,810 crm_comprehensive_views 17952 16036 Trying CRM tasks endpoint: work_items
INFO 2025-09-01 18:16:00,810 crm_comprehensive_views 17952 16036 Making CRM API request to: https://crm.deluxebilisim.com/api/work_items
INFO 2025-09-01 18:16:01,816 crm_comprehensive_views 17952 16036 CRM API response status: 404
WARNING 2025-09-01 18:16:01,816 crm_comprehensive_views 17952 16036 CRM API endpoint not found: work_items
INFO 2025-09-01 18:16:01,818 crm_comprehensive_views 17952 16036 Trying CRM tasks endpoint: tickets
INFO 2025-09-01 18:16:01,819 crm_comprehensive_views 17952 16036 Making CRM API request to: https://crm.deluxebilisim.com/api/tickets
INFO 2025-09-01 18:16:02,841 crm_comprehensive_views 17952 16036 CRM API response status: 404
WARNING 2025-09-01 18:16:02,841 crm_comprehensive_views 17952 16036 CRM API endpoint not found: tickets
WARNING 2025-09-01 18:16:02,843 crm_comprehensive_views 17952 16036 No tasks found in any CRM endpoint
INFO 2025-09-01 18:16:02,844 crm_comprehensive_views 17952 16036 Trying CRM summary endpoint: dashboard
INFO 2025-09-01 18:16:02,844 crm_comprehensive_views 17952 16036 Making CRM API request to: https://crm.deluxebilisim.com/api/dashboard
INFO 2025-09-01 18:16:04,024 crm_comprehensive_views 17952 16036 CRM API response status: 404
WARNING 2025-09-01 18:16:04,025 crm_comprehensive_views 17952 16036 CRM API endpoint not found: dashboard
INFO 2025-09-01 18:16:04,027 crm_comprehensive_views 17952 16036 Trying CRM summary endpoint: summary
INFO 2025-09-01 18:16:04,027 crm_comprehensive_views 17952 16036 Making CRM API request to: https://crm.deluxebilisim.com/api/summary
INFO 2025-09-01 18:16:05,169 crm_comprehensive_views 17952 16036 CRM API response status: 404
WARNING 2025-09-01 18:16:05,170 crm_comprehensive_views 17952 16036 CRM API endpoint not found: summary
INFO 2025-09-01 18:16:05,173 crm_comprehensive_views 17952 16036 Trying CRM summary endpoint: overview
INFO 2025-09-01 18:16:05,173 crm_comprehensive_views 17952 16036 Making CRM API request to: https://crm.deluxebilisim.com/api/overview
INFO 2025-09-01 18:16:06,336 crm_comprehensive_views 17952 16036 CRM API response status: 404
WARNING 2025-09-01 18:16:06,390 crm_comprehensive_views 17952 16036 CRM API endpoint not found: overview
INFO 2025-09-01 18:16:06,393 crm_comprehensive_views 17952 16036 Trying CRM summary endpoint: stats
INFO 2025-09-01 18:16:06,393 crm_comprehensive_views 17952 16036 Making CRM API request to: https://crm.deluxebilisim.com/api/stats
INFO 2025-09-01 18:16:06,831 middleware 17952 20240 Request: GET /api/dashboard/crm-comprehensive/
INFO 2025-09-01 18:16:06,832 crm_comprehensive_views 17952 20240 Starting CRM comprehensive dashboard data retrieval...
INFO 2025-09-01 18:16:06,832 crm_comprehensive_views 17952 20240 Fetching data from CRM...
INFO 2025-09-01 18:16:06,833 crm_comprehensive_views 17952 20240 Trying CRM endpoint: employees
INFO 2025-09-01 18:16:06,833 crm_comprehensive_views 17952 20240 Making CRM API request to: https://crm.deluxebilisim.com/api/employees
INFO 2025-09-01 18:16:07,620 crm_comprehensive_views 17952 16036 CRM API response status: 404
WARNING 2025-09-01 18:16:07,620 crm_comprehensive_views 17952 16036 CRM API endpoint not found: stats
INFO 2025-09-01 18:16:07,623 crm_comprehensive_views 17952 16036 Trying CRM summary endpoint: metrics
INFO 2025-09-01 18:16:07,624 crm_comprehensive_views 17952 16036 Making CRM API request to: https://crm.deluxebilisim.com/api/metrics
INFO 2025-09-01 18:16:07,922 crm_comprehensive_views 17952 20240 CRM API response status: 404
WARNING 2025-09-01 18:16:07,923 crm_comprehensive_views 17952 20240 CRM API endpoint not found: employees
INFO 2025-09-01 18:16:07,925 crm_comprehensive_views 17952 20240 Trying CRM endpoint: users
INFO 2025-09-01 18:16:07,925 crm_comprehensive_views 17952 20240 Making CRM API request to: https://crm.deluxebilisim.com/api/users
INFO 2025-09-01 18:16:08,645 crm_comprehensive_views 17952 16036 CRM API response status: 404
WARNING 2025-09-01 18:16:08,646 crm_comprehensive_views 17952 16036 CRM API endpoint not found: metrics
WARNING 2025-09-01 18:16:08,649 crm_comprehensive_views 17952 16036 No dashboard summary found in CRM
INFO 2025-09-01 18:16:08,649 crm_comprehensive_views 17952 16036 Fetching data from Database...
INFO 2025-09-01 18:16:08,655 crm_comprehensive_views 17952 16036 Using database employee count: 32
INFO 2025-09-01 18:16:08,655 crm_comprehensive_views 17952 16036 Data retrieved: 32 employees, 0 projects, 0 tasks from Database + CRM
INFO 2025-09-01 18:16:08,656 crm_comprehensive_views 17952 16036 CRM comprehensive dashboard response prepared successfully
INFO 2025-09-01 18:16:08,657 middleware 17952 16036 Response: 200 for GET /api/dashboard/crm-comprehensive/
INFO 2025-09-01 18:16:08,658 basehttp 17952 16036 - Broken pipe from ('127.0.0.1', 63307)
INFO 2025-09-01 18:16:08,974 crm_comprehensive_views 17952 20240 CRM API response status: 404
WARNING 2025-09-01 18:16:08,974 crm_comprehensive_views 17952 20240 CRM API endpoint not found: users
INFO 2025-09-01 18:16:08,978 crm_comprehensive_views 17952 20240 Trying CRM endpoint: staff
INFO 2025-09-01 18:16:08,978 crm_comprehensive_views 17952 20240 Making CRM API request to: https://crm.deluxebilisim.com/api/staff
INFO 2025-09-01 18:16:09,952 crm_comprehensive_views 17952 20240 CRM API response status: 404
WARNING 2025-09-01 18:16:09,952 crm_comprehensive_views 17952 20240 CRM API endpoint not found: staff
INFO 2025-09-01 18:16:09,956 crm_comprehensive_views 17952 20240 Trying CRM endpoint: personnel
INFO 2025-09-01 18:16:09,956 crm_comprehensive_views 17952 20240 Making CRM API request to: https://crm.deluxebilisim.com/api/personnel
INFO 2025-09-01 18:16:10,946 crm_comprehensive_views 17952 20240 CRM API response status: 404
WARNING 2025-09-01 18:16:10,947 crm_comprehensive_views 17952 20240 CRM API endpoint not found: personnel
INFO 2025-09-01 18:16:10,950 crm_comprehensive_views 17952 20240 Trying CRM endpoint: team
INFO 2025-09-01 18:16:10,950 crm_comprehensive_views 17952 20240 Making CRM API request to: https://crm.deluxebilisim.com/api/team
INFO 2025-09-01 18:16:11,918 crm_comprehensive_views 17952 20240 CRM API response status: 404
WARNING 2025-09-01 18:16:11,918 crm_comprehensive_views 17952 20240 CRM API endpoint not found: team
INFO 2025-09-01 18:16:11,921 crm_comprehensive_views 17952 20240 Trying CRM endpoint: members
INFO 2025-09-01 18:16:11,921 crm_comprehensive_views 17952 20240 Making CRM API request to: https://crm.deluxebilisim.com/api/members
INFO 2025-09-01 18:16:12,882 crm_comprehensive_views 17952 20240 CRM API response status: 404
WARNING 2025-09-01 18:16:12,883 crm_comprehensive_views 17952 20240 CRM API endpoint not found: members
WARNING 2025-09-01 18:16:12,885 crm_comprehensive_views 17952 20240 No employees found in any CRM endpoint
INFO 2025-09-01 18:16:12,885 crm_comprehensive_views 17952 20240 Trying CRM projects endpoint: projects
INFO 2025-09-01 18:16:12,886 crm_comprehensive_views 17952 20240 Making CRM API request to: https://crm.deluxebilisim.com/api/projects
INFO 2025-09-01 18:16:13,889 crm_comprehensive_views 17952 20240 CRM API response status: 404
WARNING 2025-09-01 18:16:13,889 crm_comprehensive_views 17952 20240 CRM API endpoint not found: projects
INFO 2025-09-01 18:16:13,892 crm_comprehensive_views 17952 20240 Trying CRM projects endpoint: deals
INFO 2025-09-01 18:16:13,892 crm_comprehensive_views 17952 20240 Making CRM API request to: https://crm.deluxebilisim.com/api/deals
INFO 2025-09-01 18:16:14,909 crm_comprehensive_views 17952 20240 CRM API response status: 404
WARNING 2025-09-01 18:16:14,920 crm_comprehensive_views 17952 20240 CRM API endpoint not found: deals
INFO 2025-09-01 18:16:14,941 crm_comprehensive_views 17952 20240 Trying CRM projects endpoint: opportunities
INFO 2025-09-01 18:16:14,949 crm_comprehensive_views 17952 20240 Making CRM API request to: https://crm.deluxebilisim.com/api/opportunities
INFO 2025-09-01 18:16:16,015 crm_comprehensive_views 17952 20240 CRM API response status: 404
WARNING 2025-09-01 18:16:16,015 crm_comprehensive_views 17952 20240 CRM API endpoint not found: opportunities
INFO 2025-09-01 18:16:16,018 crm_comprehensive_views 17952 20240 Trying CRM projects endpoint: cases
INFO 2025-09-01 18:16:16,018 crm_comprehensive_views 17952 20240 Making CRM API request to: https://crm.deluxebilisim.com/api/cases
INFO 2025-09-01 18:16:16,990 crm_comprehensive_views 17952 20240 CRM API response status: 404
WARNING 2025-09-01 18:16:16,990 crm_comprehensive_views 17952 20240 CRM API endpoint not found: cases
INFO 2025-09-01 18:16:16,992 crm_comprehensive_views 17952 20240 Trying CRM projects endpoint: workspaces
INFO 2025-09-01 18:16:16,993 crm_comprehensive_views 17952 20240 Making CRM API request to: https://crm.deluxebilisim.com/api/workspaces
INFO 2025-09-01 18:16:18,185 crm_comprehensive_views 17952 20240 CRM API response status: 404
WARNING 2025-09-01 18:16:18,186 crm_comprehensive_views 17952 20240 CRM API endpoint not found: workspaces
INFO 2025-09-01 18:16:18,188 crm_comprehensive_views 17952 20240 Trying CRM projects endpoint: campaigns
INFO 2025-09-01 18:16:18,189 crm_comprehensive_views 17952 20240 Making CRM API request to: https://crm.deluxebilisim.com/api/campaigns
INFO 2025-09-01 18:16:19,451 crm_comprehensive_views 17952 20240 CRM API response status: 404
WARNING 2025-09-01 18:16:19,451 crm_comprehensive_views 17952 20240 CRM API endpoint not found: campaigns
WARNING 2025-09-01 18:16:19,453 crm_comprehensive_views 17952 20240 No projects found in any CRM endpoint
INFO 2025-09-01 18:16:19,453 crm_comprehensive_views 17952 20240 Trying CRM tasks endpoint: tasks
INFO 2025-09-01 18:16:19,454 crm_comprehensive_views 17952 20240 Making CRM API request to: https://crm.deluxebilisim.com/api/tasks
INFO 2025-09-01 18:16:20,483 crm_comprehensive_views 17952 20240 CRM API response status: 404
WARNING 2025-09-01 18:16:20,484 crm_comprehensive_views 17952 20240 CRM API endpoint not found: tasks
INFO 2025-09-01 18:16:20,486 crm_comprehensive_views 17952 20240 Trying CRM tasks endpoint: activities
INFO 2025-09-01 18:16:20,487 crm_comprehensive_views 17952 20240 Making CRM API request to: https://crm.deluxebilisim.com/api/activities
INFO 2025-09-01 18:16:21,649 crm_comprehensive_views 17952 20240 CRM API response status: 404
WARNING 2025-09-01 18:16:21,649 crm_comprehensive_views 17952 20240 CRM API endpoint not found: activities
INFO 2025-09-01 18:16:21,651 crm_comprehensive_views 17952 20240 Trying CRM tasks endpoint: todos
INFO 2025-09-01 18:16:21,652 crm_comprehensive_views 17952 20240 Making CRM API request to: https://crm.deluxebilisim.com/api/todos
INFO 2025-09-01 18:16:22,616 crm_comprehensive_views 17952 20240 CRM API response status: 404
WARNING 2025-09-01 18:16:22,616 crm_comprehensive_views 17952 20240 CRM API endpoint not found: todos
INFO 2025-09-01 18:16:22,618 crm_comprehensive_views 17952 20240 Trying CRM tasks endpoint: assignments
INFO 2025-09-01 18:16:22,619 crm_comprehensive_views 17952 20240 Making CRM API request to: https://crm.deluxebilisim.com/api/assignments
INFO 2025-09-01 18:16:23,701 crm_comprehensive_views 17952 20240 CRM API response status: 404
WARNING 2025-09-01 18:16:23,702 crm_comprehensive_views 17952 20240 CRM API endpoint not found: assignments
INFO 2025-09-01 18:16:23,704 crm_comprehensive_views 17952 20240 Trying CRM tasks endpoint: work_items
INFO 2025-09-01 18:16:23,704 crm_comprehensive_views 17952 20240 Making CRM API request to: https://crm.deluxebilisim.com/api/work_items
INFO 2025-09-01 18:16:24,694 crm_comprehensive_views 17952 20240 CRM API response status: 404
WARNING 2025-09-01 18:16:24,695 crm_comprehensive_views 17952 20240 CRM API endpoint not found: work_items
INFO 2025-09-01 18:16:24,698 crm_comprehensive_views 17952 20240 Trying CRM tasks endpoint: tickets
INFO 2025-09-01 18:16:24,699 crm_comprehensive_views 17952 20240 Making CRM API request to: https://crm.deluxebilisim.com/api/tickets
INFO 2025-09-01 18:16:25,681 crm_comprehensive_views 17952 20240 CRM API response status: 404
WARNING 2025-09-01 18:16:25,681 crm_comprehensive_views 17952 20240 CRM API endpoint not found: tickets
WARNING 2025-09-01 18:16:25,683 crm_comprehensive_views 17952 20240 No tasks found in any CRM endpoint
INFO 2025-09-01 18:16:25,684 crm_comprehensive_views 17952 20240 Trying CRM summary endpoint: dashboard
INFO 2025-09-01 18:16:25,684 crm_comprehensive_views 17952 20240 Making CRM API request to: https://crm.deluxebilisim.com/api/dashboard
INFO 2025-09-01 18:16:26,680 crm_comprehensive_views 17952 20240 CRM API response status: 404
WARNING 2025-09-01 18:16:26,681 crm_comprehensive_views 17952 20240 CRM API endpoint not found: dashboard
INFO 2025-09-01 18:16:26,684 crm_comprehensive_views 17952 20240 Trying CRM summary endpoint: summary
INFO 2025-09-01 18:16:26,684 crm_comprehensive_views 17952 20240 Making CRM API request to: https://crm.deluxebilisim.com/api/summary
INFO 2025-09-01 18:16:27,674 crm_comprehensive_views 17952 20240 CRM API response status: 404
WARNING 2025-09-01 18:16:27,675 crm_comprehensive_views 17952 20240 CRM API endpoint not found: summary
INFO 2025-09-01 18:16:27,677 crm_comprehensive_views 17952 20240 Trying CRM summary endpoint: overview
INFO 2025-09-01 18:16:27,678 crm_comprehensive_views 17952 20240 Making CRM API request to: https://crm.deluxebilisim.com/api/overview
INFO 2025-09-01 18:16:28,713 crm_comprehensive_views 17952 20240 CRM API response status: 404
WARNING 2025-09-01 18:16:28,713 crm_comprehensive_views 17952 20240 CRM API endpoint not found: overview
INFO 2025-09-01 18:16:28,716 crm_comprehensive_views 17952 20240 Trying CRM summary endpoint: stats
INFO 2025-09-01 18:16:28,716 crm_comprehensive_views 17952 20240 Making CRM API request to: https://crm.deluxebilisim.com/api/stats
INFO 2025-09-01 18:16:29,704 crm_comprehensive_views 17952 20240 CRM API response status: 404
WARNING 2025-09-01 18:16:29,704 crm_comprehensive_views 17952 20240 CRM API endpoint not found: stats
INFO 2025-09-01 18:16:29,707 crm_comprehensive_views 17952 20240 Trying CRM summary endpoint: metrics
INFO 2025-09-01 18:16:29,708 crm_comprehensive_views 17952 20240 Making CRM API request to: https://crm.deluxebilisim.com/api/metrics
INFO 2025-09-01 18:16:30,682 crm_comprehensive_views 17952 20240 CRM API response status: 404
WARNING 2025-09-01 18:16:30,683 crm_comprehensive_views 17952 20240 CRM API endpoint not found: metrics
WARNING 2025-09-01 18:16:30,685 crm_comprehensive_views 17952 20240 No dashboard summary found in CRM
INFO 2025-09-01 18:16:30,685 crm_comprehensive_views 17952 20240 Fetching data from Database...
INFO 2025-09-01 18:16:30,690 crm_comprehensive_views 17952 20240 Using database employee count: 32
INFO 2025-09-01 18:16:30,690 crm_comprehensive_views 17952 20240 Data retrieved: 32 employees, 0 projects, 0 tasks from Database + CRM
INFO 2025-09-01 18:16:30,690 crm_comprehensive_views 17952 20240 CRM comprehensive dashboard response prepared successfully
INFO 2025-09-01 18:16:30,691 middleware 17952 20240 Response: 200 for GET /api/dashboard/crm-comprehensive/
INFO 2025-09-01 18:16:30,692 basehttp 17952 20240 "GET /api/dashboard/crm-comprehensive/ HTTP/1.1" 200 1798
INFO 2025-09-01 18:23:36,385 middleware 17952 29880 Request: GET /api/dashboard/crm-test/
INFO 2025-09-01 18:23:36,386 crm_comprehensive_views 17952 29880 Making CRM API request to: https://crm.deluxebilisim.com/api/employees
INFO 2025-09-01 18:23:37,481 crm_comprehensive_views 17952 29880 CRM API response status: 404
WARNING 2025-09-01 18:23:37,481 crm_comprehensive_views 17952 29880 CRM API endpoint not found: employees
INFO 2025-09-01 18:23:37,484 crm_comprehensive_views 17952 29880 Making CRM API request to: https://crm.deluxebilisim.com/api/projects
INFO 2025-09-01 18:23:38,555 crm_comprehensive_views 17952 29880 CRM API response status: 404
WARNING 2025-09-01 18:23:38,556 crm_comprehensive_views 17952 29880 CRM API endpoint not found: projects
INFO 2025-09-01 18:23:38,558 crm_comprehensive_views 17952 29880 Making CRM API request to: https://crm.deluxebilisim.com/api/tasks
INFO 2025-09-01 18:23:39,773 crm_comprehensive_views 17952 29880 CRM API response status: 404
WARNING 2025-09-01 18:23:39,774 crm_comprehensive_views 17952 29880 CRM API endpoint not found: tasks
INFO 2025-09-01 18:23:39,776 crm_comprehensive_views 17952 29880 Making CRM API request to: https://crm.deluxebilisim.com/api/dashboard
INFO 2025-09-01 18:23:40,975 crm_comprehensive_views 17952 29880 CRM API response status: 404
WARNING 2025-09-01 18:23:40,976 crm_comprehensive_views 17952 29880 CRM API endpoint not found: dashboard
INFO 2025-09-01 18:23:40,979 crm_comprehensive_views 17952 29880 Making CRM API request to: https://crm.deluxebilisim.com/api/users
INFO 2025-09-01 18:23:41,983 crm_comprehensive_views 17952 29880 CRM API response status: 404
WARNING 2025-09-01 18:23:41,983 crm_comprehensive_views 17952 29880 CRM API endpoint not found: users
INFO 2025-09-01 18:23:41,985 crm_comprehensive_views 17952 29880 Making CRM API request to: https://crm.deluxebilisim.com/api/deals
INFO 2025-09-01 18:23:42,936 crm_comprehensive_views 17952 29880 CRM API response status: 404
WARNING 2025-09-01 18:23:42,936 crm_comprehensive_views 17952 29880 CRM API endpoint not found: deals
INFO 2025-09-01 18:23:42,939 middleware 17952 29880 Response: 200 for GET /api/dashboard/crm-test/
INFO 2025-09-01 18:23:42,940 basehttp 17952 29880 "GET /api/dashboard/crm-test/ HTTP/1.1" 200 703
INFO 2025-09-01 18:25:21,476 middleware 13164 30512 Request: GET /api/dashboard/crm-comprehensive/
INFO 2025-09-01 18:25:21,478 crm_comprehensive_views 13164 30512 Starting CRM comprehensive dashboard data retrieval...
INFO 2025-09-01 18:25:21,478 crm_comprehensive_views 13164 30512 Fetching data from CRM...
INFO 2025-09-01 18:25:21,479 crm_comprehensive_views 13164 30512 Trying CRM endpoint: employees
INFO 2025-09-01 18:25:21,479 crm_comprehensive_views 13164 30512 Making CRM API request to: https://crm.deluxebilisim.com/api/employees
INFO 2025-09-01 18:25:22,450 crm_comprehensive_views 13164 30512 CRM API response status: 404
WARNING 2025-09-01 18:25:22,450 crm_comprehensive_views 13164 30512 CRM API endpoint not found: employees
INFO 2025-09-01 18:25:22,452 crm_comprehensive_views 13164 30512 Trying CRM endpoint: users
INFO 2025-09-01 18:25:22,453 crm_comprehensive_views 13164 30512 Making CRM API request to: https://crm.deluxebilisim.com/api/users
INFO 2025-09-01 18:25:23,574 crm_comprehensive_views 13164 30512 CRM API response status: 404
WARNING 2025-09-01 18:25:23,574 crm_comprehensive_views 13164 30512 CRM API endpoint not found: users
INFO 2025-09-01 18:25:23,577 crm_comprehensive_views 13164 30512 Trying CRM endpoint: staff
INFO 2025-09-01 18:25:23,578 crm_comprehensive_views 13164 30512 Making CRM API request to: https://crm.deluxebilisim.com/api/staff
INFO 2025-09-01 18:25:24,629 crm_comprehensive_views 13164 30512 CRM API response status: 404
WARNING 2025-09-01 18:25:24,629 crm_comprehensive_views 13164 30512 CRM API endpoint not found: staff
INFO 2025-09-01 18:25:24,631 crm_comprehensive_views 13164 30512 Trying CRM endpoint: personnel
INFO 2025-09-01 18:25:24,632 crm_comprehensive_views 13164 30512 Making CRM API request to: https://crm.deluxebilisim.com/api/personnel
INFO 2025-09-01 18:25:25,598 crm_comprehensive_views 13164 30512 CRM API response status: 404
WARNING 2025-09-01 18:25:25,598 crm_comprehensive_views 13164 30512 CRM API endpoint not found: personnel
INFO 2025-09-01 18:25:25,602 crm_comprehensive_views 13164 30512 Trying CRM endpoint: team
INFO 2025-09-01 18:25:25,602 crm_comprehensive_views 13164 30512 Making CRM API request to: https://crm.deluxebilisim.com/api/team
INFO 2025-09-01 18:25:26,634 crm_comprehensive_views 13164 30512 CRM API response status: 404
WARNING 2025-09-01 18:25:26,634 crm_comprehensive_views 13164 30512 CRM API endpoint not found: team
INFO 2025-09-01 18:25:26,637 crm_comprehensive_views 13164 30512 Trying CRM endpoint: members
INFO 2025-09-01 18:25:26,638 crm_comprehensive_views 13164 30512 Making CRM API request to: https://crm.deluxebilisim.com/api/members
INFO 2025-09-01 18:25:27,818 crm_comprehensive_views 13164 30512 CRM API response status: 404
WARNING 2025-09-01 18:25:27,818 crm_comprehensive_views 13164 30512 CRM API endpoint not found: members
WARNING 2025-09-01 18:25:27,821 crm_comprehensive_views 13164 30512 No employees found in any CRM endpoint
INFO 2025-09-01 18:25:27,822 crm_comprehensive_views 13164 30512 Trying CRM projects endpoint: projects
INFO 2025-09-01 18:25:27,822 crm_comprehensive_views 13164 30512 Making CRM API request to: https://crm.deluxebilisim.com/api/projects
INFO 2025-09-01 18:25:28,792 crm_comprehensive_views 13164 30512 CRM API response status: 404
WARNING 2025-09-01 18:25:28,792 crm_comprehensive_views 13164 30512 CRM API endpoint not found: projects
INFO 2025-09-01 18:25:28,794 crm_comprehensive_views 13164 30512 Trying CRM projects endpoint: deals
INFO 2025-09-01 18:25:28,795 crm_comprehensive_views 13164 30512 Making CRM API request to: https://crm.deluxebilisim.com/api/deals
INFO 2025-09-01 18:25:29,898 crm_comprehensive_views 13164 30512 CRM API response status: 404
WARNING 2025-09-01 18:25:29,898 crm_comprehensive_views 13164 30512 CRM API endpoint not found: deals
INFO 2025-09-01 18:25:29,900 crm_comprehensive_views 13164 30512 Trying CRM projects endpoint: opportunities
INFO 2025-09-01 18:25:29,901 crm_comprehensive_views 13164 30512 Making CRM API request to: https://crm.deluxebilisim.com/api/opportunities
INFO 2025-09-01 18:25:30,892 crm_comprehensive_views 13164 30512 CRM API response status: 404
WARNING 2025-09-01 18:25:30,893 crm_comprehensive_views 13164 30512 CRM API endpoint not found: opportunities
INFO 2025-09-01 18:25:30,895 crm_comprehensive_views 13164 30512 Trying CRM projects endpoint: cases
INFO 2025-09-01 18:25:30,895 crm_comprehensive_views 13164 30512 Making CRM API request to: https://crm.deluxebilisim.com/api/cases
INFO 2025-09-01 18:25:31,869 crm_comprehensive_views 13164 30512 CRM API response status: 404
WARNING 2025-09-01 18:25:31,870 crm_comprehensive_views 13164 30512 CRM API endpoint not found: cases
INFO 2025-09-01 18:25:31,872 crm_comprehensive_views 13164 30512 Trying CRM projects endpoint: workspaces
INFO 2025-09-01 18:25:31,872 crm_comprehensive_views 13164 30512 Making CRM API request to: https://crm.deluxebilisim.com/api/workspaces
INFO 2025-09-01 18:25:32,844 crm_comprehensive_views 13164 30512 CRM API response status: 404
WARNING 2025-09-01 18:25:32,844 crm_comprehensive_views 13164 30512 CRM API endpoint not found: workspaces
INFO 2025-09-01 18:25:32,846 crm_comprehensive_views 13164 30512 Trying CRM projects endpoint: campaigns
INFO 2025-09-01 18:25:32,846 crm_comprehensive_views 13164 30512 Making CRM API request to: https://crm.deluxebilisim.com/api/campaigns
INFO 2025-09-01 18:25:33,812 crm_comprehensive_views 13164 30512 CRM API response status: 404
WARNING 2025-09-01 18:25:33,812 crm_comprehensive_views 13164 30512 CRM API endpoint not found: campaigns
WARNING 2025-09-01 18:25:33,814 crm_comprehensive_views 13164 30512 No projects found in any CRM endpoint
INFO 2025-09-01 18:25:33,815 crm_comprehensive_views 13164 30512 Trying CRM tasks endpoint: tasks
INFO 2025-09-01 18:25:33,815 crm_comprehensive_views 13164 30512 Making CRM API request to: https://crm.deluxebilisim.com/api/tasks
INFO 2025-09-01 18:25:34,785 crm_comprehensive_views 13164 30512 CRM API response status: 404
WARNING 2025-09-01 18:25:34,785 crm_comprehensive_views 13164 30512 CRM API endpoint not found: tasks
INFO 2025-09-01 18:25:34,787 crm_comprehensive_views 13164 30512 Trying CRM tasks endpoint: activities
INFO 2025-09-01 18:25:34,787 crm_comprehensive_views 13164 30512 Making CRM API request to: https://crm.deluxebilisim.com/api/activities
INFO 2025-09-01 18:25:35,835 crm_comprehensive_views 13164 30512 CRM API response status: 404
WARNING 2025-09-01 18:25:35,835 crm_comprehensive_views 13164 30512 CRM API endpoint not found: activities
INFO 2025-09-01 18:25:35,837 crm_comprehensive_views 13164 30512 Trying CRM tasks endpoint: todos
INFO 2025-09-01 18:25:35,837 crm_comprehensive_views 13164 30512 Making CRM API request to: https://crm.deluxebilisim.com/api/todos
INFO 2025-09-01 18:25:36,914 crm_comprehensive_views 13164 30512 CRM API response status: 404
WARNING 2025-09-01 18:25:36,914 crm_comprehensive_views 13164 30512 CRM API endpoint not found: todos
INFO 2025-09-01 18:25:36,916 crm_comprehensive_views 13164 30512 Trying CRM tasks endpoint: assignments
INFO 2025-09-01 18:25:36,917 crm_comprehensive_views 13164 30512 Making CRM API request to: https://crm.deluxebilisim.com/api/assignments
INFO 2025-09-01 18:25:37,914 crm_comprehensive_views 13164 30512 CRM API response status: 404
WARNING 2025-09-01 18:25:37,914 crm_comprehensive_views 13164 30512 CRM API endpoint not found: assignments
INFO 2025-09-01 18:25:37,917 crm_comprehensive_views 13164 30512 Trying CRM tasks endpoint: work_items
INFO 2025-09-01 18:25:37,917 crm_comprehensive_views 13164 30512 Making CRM API request to: https://crm.deluxebilisim.com/api/work_items
INFO 2025-09-01 18:25:38,860 crm_comprehensive_views 13164 30512 CRM API response status: 404
WARNING 2025-09-01 18:25:38,860 crm_comprehensive_views 13164 30512 CRM API endpoint not found: work_items
INFO 2025-09-01 18:25:38,862 crm_comprehensive_views 13164 30512 Trying CRM tasks endpoint: tickets
INFO 2025-09-01 18:25:38,863 crm_comprehensive_views 13164 30512 Making CRM API request to: https://crm.deluxebilisim.com/api/tickets
INFO 2025-09-01 18:25:41,929 crm_comprehensive_views 13164 30512 CRM API response status: 404
WARNING 2025-09-01 18:25:41,929 crm_comprehensive_views 13164 30512 CRM API endpoint not found: tickets
WARNING 2025-09-01 18:25:41,931 crm_comprehensive_views 13164 30512 No tasks found in any CRM endpoint
INFO 2025-09-01 18:25:41,932 crm_comprehensive_views 13164 30512 Trying CRM summary endpoint: dashboard
INFO 2025-09-01 18:25:41,932 crm_comprehensive_views 13164 30512 Making CRM API request to: https://crm.deluxebilisim.com/api/dashboard
INFO 2025-09-01 18:25:42,978 crm_comprehensive_views 13164 30512 CRM API response status: 404
WARNING 2025-09-01 18:25:42,979 crm_comprehensive_views 13164 30512 CRM API endpoint not found: dashboard
INFO 2025-09-01 18:25:42,981 crm_comprehensive_views 13164 30512 Trying CRM summary endpoint: summary
INFO 2025-09-01 18:25:42,982 crm_comprehensive_views 13164 30512 Making CRM API request to: https://crm.deluxebilisim.com/api/summary
INFO 2025-09-01 18:25:43,985 crm_comprehensive_views 13164 30512 CRM API response status: 404
WARNING 2025-09-01 18:25:43,985 crm_comprehensive_views 13164 30512 CRM API endpoint not found: summary
INFO 2025-09-01 18:25:43,987 crm_comprehensive_views 13164 30512 Trying CRM summary endpoint: overview
INFO 2025-09-01 18:25:43,987 crm_comprehensive_views 13164 30512 Making CRM API request to: https://crm.deluxebilisim.com/api/overview
INFO 2025-09-01 18:25:44,983 crm_comprehensive_views 13164 30512 CRM API response status: 404
WARNING 2025-09-01 18:25:44,983 crm_comprehensive_views 13164 30512 CRM API endpoint not found: overview
INFO 2025-09-01 18:25:44,986 crm_comprehensive_views 13164 30512 Trying CRM summary endpoint: stats
INFO 2025-09-01 18:25:44,986 crm_comprehensive_views 13164 30512 Making CRM API request to: https://crm.deluxebilisim.com/api/stats
INFO 2025-09-01 18:25:45,985 crm_comprehensive_views 13164 30512 CRM API response status: 404
WARNING 2025-09-01 18:25:45,985 crm_comprehensive_views 13164 30512 CRM API endpoint not found: stats
INFO 2025-09-01 18:25:45,987 crm_comprehensive_views 13164 30512 Trying CRM summary endpoint: metrics
INFO 2025-09-01 18:25:45,988 crm_comprehensive_views 13164 30512 Making CRM API request to: https://crm.deluxebilisim.com/api/metrics
INFO 2025-09-01 18:25:47,171 crm_comprehensive_views 13164 30512 CRM API response status: 404
WARNING 2025-09-01 18:25:47,172 crm_comprehensive_views 13164 30512 CRM API endpoint not found: metrics
WARNING 2025-09-01 18:25:47,175 crm_comprehensive_views 13164 30512 No dashboard summary found in CRM
INFO 2025-09-01 18:25:47,175 crm_comprehensive_views 13164 30512 Fetching data from Database...
INFO 2025-09-01 18:25:47,182 crm_comprehensive_views 13164 30512 Using database employee count: 32
INFO 2025-09-01 18:25:47,182 crm_comprehensive_views 13164 30512 Data retrieved: 32 employees, 0 projects, 0 tasks from Database + CRM
INFO 2025-09-01 18:25:47,183 crm_comprehensive_views 13164 30512 CRM comprehensive dashboard response prepared successfully
INFO 2025-09-01 18:25:47,184 middleware 13164 30512 Response: 200 for GET /api/dashboard/crm-comprehensive/
INFO 2025-09-01 18:25:47,185 basehttp 13164 30512 - Broken pipe from ('127.0.0.1', 63556)
INFO 2025-09-01 18:26:50,936 middleware 13164 27788 Request: GET /api/dashboard/crm-comprehensive/
INFO 2025-09-01 18:26:50,937 crm_comprehensive_views 13164 27788 Starting CRM comprehensive dashboard data retrieval...
INFO 2025-09-01 18:26:50,937 crm_comprehensive_views 13164 27788 Fetching data from CRM...
INFO 2025-09-01 18:26:50,937 crm_comprehensive_views 13164 27788 Trying CRM endpoint: employees
INFO 2025-09-01 18:26:50,937 crm_comprehensive_views 13164 27788 Making CRM API request to: https://crm.deluxebilisim.com/api/employees
INFO 2025-09-01 18:26:52,031 crm_comprehensive_views 13164 27788 CRM API response status: 404
WARNING 2025-09-01 18:26:52,031 crm_comprehensive_views 13164 27788 CRM API endpoint not found: employees
INFO 2025-09-01 18:26:52,034 crm_comprehensive_views 13164 27788 Trying CRM endpoint: users
INFO 2025-09-01 18:26:52,034 crm_comprehensive_views 13164 27788 Making CRM API request to: https://crm.deluxebilisim.com/api/users
INFO 2025-09-01 18:26:52,973 crm_comprehensive_views 13164 27788 CRM API response status: 404
WARNING 2025-09-01 18:26:52,973 crm_comprehensive_views 13164 27788 CRM API endpoint not found: users
INFO 2025-09-01 18:26:52,976 crm_comprehensive_views 13164 27788 Trying CRM endpoint: staff
INFO 2025-09-01 18:26:52,976 crm_comprehensive_views 13164 27788 Making CRM API request to: https://crm.deluxebilisim.com/api/staff
INFO 2025-09-01 18:26:53,950 crm_comprehensive_views 13164 27788 CRM API response status: 404
WARNING 2025-09-01 18:26:53,951 crm_comprehensive_views 13164 27788 CRM API endpoint not found: staff
INFO 2025-09-01 18:26:53,953 crm_comprehensive_views 13164 27788 Trying CRM endpoint: personnel
INFO 2025-09-01 18:26:53,953 crm_comprehensive_views 13164 27788 Making CRM API request to: https://crm.deluxebilisim.com/api/personnel
INFO 2025-09-01 18:26:54,911 crm_comprehensive_views 13164 27788 CRM API response status: 404
WARNING 2025-09-01 18:26:54,911 crm_comprehensive_views 13164 27788 CRM API endpoint not found: personnel
INFO 2025-09-01 18:26:54,913 crm_comprehensive_views 13164 27788 Trying CRM endpoint: team
INFO 2025-09-01 18:26:54,913 crm_comprehensive_views 13164 27788 Making CRM API request to: https://crm.deluxebilisim.com/api/team
INFO 2025-09-01 18:26:55,858 crm_comprehensive_views 13164 27788 CRM API response status: 404
WARNING 2025-09-01 18:26:55,858 crm_comprehensive_views 13164 27788 CRM API endpoint not found: team
INFO 2025-09-01 18:26:55,861 crm_comprehensive_views 13164 27788 Trying CRM endpoint: members
INFO 2025-09-01 18:26:55,861 crm_comprehensive_views 13164 27788 Making CRM API request to: https://crm.deluxebilisim.com/api/members
INFO 2025-09-01 18:26:56,819 crm_comprehensive_views 13164 27788 CRM API response status: 404
WARNING 2025-09-01 18:26:56,820 crm_comprehensive_views 13164 27788 CRM API endpoint not found: members
WARNING 2025-09-01 18:26:56,822 crm_comprehensive_views 13164 27788 No employees found in any CRM endpoint
INFO 2025-09-01 18:26:56,822 crm_comprehensive_views 13164 27788 Trying CRM projects endpoint: projects
INFO 2025-09-01 18:26:56,822 crm_comprehensive_views 13164 27788 Making CRM API request to: https://crm.deluxebilisim.com/api/projects
INFO 2025-09-01 18:26:57,873 crm_comprehensive_views 13164 27788 CRM API response status: 404
WARNING 2025-09-01 18:26:57,873 crm_comprehensive_views 13164 27788 CRM API endpoint not found: projects
INFO 2025-09-01 18:26:57,876 crm_comprehensive_views 13164 27788 Trying CRM projects endpoint: deals
INFO 2025-09-01 18:26:57,876 crm_comprehensive_views 13164 27788 Making CRM API request to: https://crm.deluxebilisim.com/api/deals
INFO 2025-09-01 18:26:58,829 crm_comprehensive_views 13164 27788 CRM API response status: 404
WARNING 2025-09-01 18:26:58,829 crm_comprehensive_views 13164 27788 CRM API endpoint not found: deals
INFO 2025-09-01 18:26:58,831 crm_comprehensive_views 13164 27788 Trying CRM projects endpoint: opportunities
INFO 2025-09-01 18:26:58,831 crm_comprehensive_views 13164 27788 Making CRM API request to: https://crm.deluxebilisim.com/api/opportunities
INFO 2025-09-01 18:26:59,795 crm_comprehensive_views 13164 27788 CRM API response status: 404
WARNING 2025-09-01 18:26:59,795 crm_comprehensive_views 13164 27788 CRM API endpoint not found: opportunities
INFO 2025-09-01 18:26:59,798 crm_comprehensive_views 13164 27788 Trying CRM projects endpoint: cases
INFO 2025-09-01 18:26:59,798 crm_comprehensive_views 13164 27788 Making CRM API request to: https://crm.deluxebilisim.com/api/cases
INFO 2025-09-01 18:27:00,723 crm_comprehensive_views 13164 27788 CRM API response status: 404
WARNING 2025-09-01 18:27:00,723 crm_comprehensive_views 13164 27788 CRM API endpoint not found: cases
INFO 2025-09-01 18:27:00,726 crm_comprehensive_views 13164 27788 Trying CRM projects endpoint: workspaces
INFO 2025-09-01 18:27:00,726 crm_comprehensive_views 13164 27788 Making CRM API request to: https://crm.deluxebilisim.com/api/workspaces
INFO 2025-09-01 18:27:01,688 crm_comprehensive_views 13164 27788 CRM API response status: 404
WARNING 2025-09-01 18:27:01,688 crm_comprehensive_views 13164 27788 CRM API endpoint not found: workspaces
INFO 2025-09-01 18:27:01,690 crm_comprehensive_views 13164 27788 Trying CRM projects endpoint: campaigns
INFO 2025-09-01 18:27:01,692 crm_comprehensive_views 13164 27788 Making CRM API request to: https://crm.deluxebilisim.com/api/campaigns
INFO 2025-09-01 18:27:02,662 crm_comprehensive_views 13164 27788 CRM API response status: 404
WARNING 2025-09-01 18:27:02,663 crm_comprehensive_views 13164 27788 CRM API endpoint not found: campaigns
WARNING 2025-09-01 18:27:02,665 crm_comprehensive_views 13164 27788 No projects found in any CRM endpoint
INFO 2025-09-01 18:27:02,665 crm_comprehensive_views 13164 27788 Trying CRM tasks endpoint: tasks
INFO 2025-09-01 18:27:02,665 crm_comprehensive_views 13164 27788 Making CRM API request to: https://crm.deluxebilisim.com/api/tasks
INFO 2025-09-01 18:27:06,814 crm_comprehensive_views 13164 27788 CRM API response status: 404
WARNING 2025-09-01 18:27:06,814 crm_comprehensive_views 13164 27788 CRM API endpoint not found: tasks
INFO 2025-09-01 18:27:06,816 crm_comprehensive_views 13164 27788 Trying CRM tasks endpoint: activities
INFO 2025-09-01 18:27:06,817 crm_comprehensive_views 13164 27788 Making CRM API request to: https://crm.deluxebilisim.com/api/activities
INFO 2025-09-01 18:27:07,941 crm_comprehensive_views 13164 27788 CRM API response status: 404
WARNING 2025-09-01 18:27:07,941 crm_comprehensive_views 13164 27788 CRM API endpoint not found: activities
INFO 2025-09-01 18:27:07,944 crm_comprehensive_views 13164 27788 Trying CRM tasks endpoint: todos
INFO 2025-09-01 18:27:07,944 crm_comprehensive_views 13164 27788 Making CRM API request to: https://crm.deluxebilisim.com/api/todos
INFO 2025-09-01 18:27:08,936 crm_comprehensive_views 13164 27788 CRM API response status: 404
WARNING 2025-09-01 18:27:08,936 crm_comprehensive_views 13164 27788 CRM API endpoint not found: todos
INFO 2025-09-01 18:27:08,938 crm_comprehensive_views 13164 27788 Trying CRM tasks endpoint: assignments
INFO 2025-09-01 18:27:08,938 crm_comprehensive_views 13164 27788 Making CRM API request to: https://crm.deluxebilisim.com/api/assignments
INFO 2025-09-01 18:27:10,082 crm_comprehensive_views 13164 27788 CRM API response status: 404
WARNING 2025-09-01 18:27:10,082 crm_comprehensive_views 13164 27788 CRM API endpoint not found: assignments
INFO 2025-09-01 18:27:10,084 crm_comprehensive_views 13164 27788 Trying CRM tasks endpoint: work_items
INFO 2025-09-01 18:27:10,085 crm_comprehensive_views 13164 27788 Making CRM API request to: https://crm.deluxebilisim.com/api/work_items
INFO 2025-09-01 18:27:11,147 crm_comprehensive_views 13164 27788 CRM API response status: 404
WARNING 2025-09-01 18:27:11,148 crm_comprehensive_views 13164 27788 CRM API endpoint not found: work_items
INFO 2025-09-01 18:27:11,150 crm_comprehensive_views 13164 27788 Trying CRM tasks endpoint: tickets
INFO 2025-09-01 18:27:11,150 crm_comprehensive_views 13164 27788 Making CRM API request to: https://crm.deluxebilisim.com/api/tickets
INFO 2025-09-01 18:27:12,220 crm_comprehensive_views 13164 27788 CRM API response status: 404
WARNING 2025-09-01 18:27:12,221 crm_comprehensive_views 13164 27788 CRM API endpoint not found: tickets
WARNING 2025-09-01 18:27:12,223 crm_comprehensive_views 13164 27788 No tasks found in any CRM endpoint
INFO 2025-09-01 18:27:12,223 crm_comprehensive_views 13164 27788 Trying CRM summary endpoint: dashboard
INFO 2025-09-01 18:27:12,224 crm_comprehensive_views 13164 27788 Making CRM API request to: https://crm.deluxebilisim.com/api/dashboard
INFO 2025-09-01 18:27:13,177 crm_comprehensive_views 13164 27788 CRM API response status: 404
WARNING 2025-09-01 18:27:13,177 crm_comprehensive_views 13164 27788 CRM API endpoint not found: dashboard
INFO 2025-09-01 18:27:13,180 crm_comprehensive_views 13164 27788 Trying CRM summary endpoint: summary
INFO 2025-09-01 18:27:13,180 crm_comprehensive_views 13164 27788 Making CRM API request to: https://crm.deluxebilisim.com/api/summary
INFO 2025-09-01 18:27:14,162 crm_comprehensive_views 13164 27788 CRM API response status: 404
WARNING 2025-09-01 18:27:14,163 crm_comprehensive_views 13164 27788 CRM API endpoint not found: summary
INFO 2025-09-01 18:27:14,165 crm_comprehensive_views 13164 27788 Trying CRM summary endpoint: overview
INFO 2025-09-01 18:27:14,165 crm_comprehensive_views 13164 27788 Making CRM API request to: https://crm.deluxebilisim.com/api/overview
INFO 2025-09-01 18:27:15,328 crm_comprehensive_views 13164 27788 CRM API response status: 404
WARNING 2025-09-01 18:27:15,329 crm_comprehensive_views 13164 27788 CRM API endpoint not found: overview
INFO 2025-09-01 18:27:15,331 crm_comprehensive_views 13164 27788 Trying CRM summary endpoint: stats
INFO 2025-09-01 18:27:15,331 crm_comprehensive_views 13164 27788 Making CRM API request to: https://crm.deluxebilisim.com/api/stats
INFO 2025-09-01 18:27:16,409 crm_comprehensive_views 13164 27788 CRM API response status: 404
WARNING 2025-09-01 18:27:16,409 crm_comprehensive_views 13164 27788 CRM API endpoint not found: stats
INFO 2025-09-01 18:27:16,411 crm_comprehensive_views 13164 27788 Trying CRM summary endpoint: metrics
INFO 2025-09-01 18:27:16,411 crm_comprehensive_views 13164 27788 Making CRM API request to: https://crm.deluxebilisim.com/api/metrics
INFO 2025-09-01 18:27:17,432 crm_comprehensive_views 13164 27788 CRM API response status: 404
WARNING 2025-09-01 18:27:17,432 crm_comprehensive_views 13164 27788 CRM API endpoint not found: metrics
WARNING 2025-09-01 18:27:17,434 crm_comprehensive_views 13164 27788 No dashboard summary found in CRM
INFO 2025-09-01 18:27:17,435 crm_comprehensive_views 13164 27788 Fetching data from Database...
INFO 2025-09-01 18:27:17,439 crm_comprehensive_views 13164 27788 Using database employee count: 32
INFO 2025-09-01 18:27:17,439 crm_comprehensive_views 13164 27788 Data retrieved: 32 employees, 0 projects, 0 tasks from Database + CRM
INFO 2025-09-01 18:27:17,440 crm_comprehensive_views 13164 27788 CRM comprehensive dashboard response prepared successfully
INFO 2025-09-01 18:27:17,440 middleware 13164 27788 Response: 200 for GET /api/dashboard/crm-comprehensive/
INFO 2025-09-01 18:27:17,441 basehttp 13164 27788 - Broken pipe from ('127.0.0.1', 63603)
INFO 2025-09-01 18:27:21,057 middleware 13164 24960 Request: GET /api/dashboard/database-test/
INFO 2025-09-01 18:27:21,063 middleware 13164 24960 Response: 200 for GET /api/dashboard/database-test/
INFO 2025-09-01 18:27:21,064 basehttp 13164 24960 "GET /api/dashboard/database-test/ HTTP/1.1" 200 556
INFO 2025-09-01 18:28:08,837 middleware 13164 30548 Request: GET /api/dashboard/crm-comprehensive/
INFO 2025-09-01 18:28:08,838 crm_comprehensive_views 13164 30548 Starting CRM comprehensive dashboard data retrieval...
INFO 2025-09-01 18:28:08,838 crm_comprehensive_views 13164 30548 Fetching data from CRM...
INFO 2025-09-01 18:28:08,838 crm_comprehensive_views 13164 30548 Trying CRM endpoint: employees
INFO 2025-09-01 18:28:08,838 crm_comprehensive_views 13164 30548 Making CRM API request to: https://crm.deluxebilisim.com/api/employees
INFO 2025-09-01 18:28:09,791 crm_comprehensive_views 13164 30548 CRM API response status: 404
WARNING 2025-09-01 18:28:09,791 crm_comprehensive_views 13164 30548 CRM API endpoint not found: employees
INFO 2025-09-01 18:28:09,794 crm_comprehensive_views 13164 30548 Trying CRM endpoint: users
INFO 2025-09-01 18:28:09,795 crm_comprehensive_views 13164 30548 Making CRM API request to: https://crm.deluxebilisim.com/api/users
INFO 2025-09-01 18:28:10,765 crm_comprehensive_views 13164 30548 CRM API response status: 404
WARNING 2025-09-01 18:28:10,765 crm_comprehensive_views 13164 30548 CRM API endpoint not found: users
INFO 2025-09-01 18:28:10,767 crm_comprehensive_views 13164 30548 Trying CRM endpoint: staff
INFO 2025-09-01 18:28:10,767 crm_comprehensive_views 13164 30548 Making CRM API request to: https://crm.deluxebilisim.com/api/staff
INFO 2025-09-01 18:28:11,752 crm_comprehensive_views 13164 30548 CRM API response status: 404
WARNING 2025-09-01 18:28:11,752 crm_comprehensive_views 13164 30548 CRM API endpoint not found: staff
INFO 2025-09-01 18:28:11,754 crm_comprehensive_views 13164 30548 Trying CRM endpoint: personnel
INFO 2025-09-01 18:28:11,754 crm_comprehensive_views 13164 30548 Making CRM API request to: https://crm.deluxebilisim.com/api/personnel
INFO 2025-09-01 18:28:12,697 crm_comprehensive_views 13164 30548 CRM API response status: 404
WARNING 2025-09-01 18:28:12,697 crm_comprehensive_views 13164 30548 CRM API endpoint not found: personnel
INFO 2025-09-01 18:28:12,699 crm_comprehensive_views 13164 30548 Trying CRM endpoint: team
INFO 2025-09-01 18:28:12,699 crm_comprehensive_views 13164 30548 Making CRM API request to: https://crm.deluxebilisim.com/api/team
INFO 2025-09-01 18:28:13,660 crm_comprehensive_views 13164 30548 CRM API response status: 404
WARNING 2025-09-01 18:28:13,690 crm_comprehensive_views 13164 30548 CRM API endpoint not found: team
INFO 2025-09-01 18:28:13,694 crm_comprehensive_views 13164 30548 Trying CRM endpoint: members
INFO 2025-09-01 18:28:13,694 crm_comprehensive_views 13164 30548 Making CRM API request to: https://crm.deluxebilisim.com/api/members
INFO 2025-09-01 18:28:14,624 crm_comprehensive_views 13164 30548 CRM API response status: 404
WARNING 2025-09-01 18:28:14,624 crm_comprehensive_views 13164 30548 CRM API endpoint not found: members
WARNING 2025-09-01 18:28:14,628 crm_comprehensive_views 13164 30548 No employees found in any CRM endpoint
INFO 2025-09-01 18:28:14,628 crm_comprehensive_views 13164 30548 Trying CRM projects endpoint: projects
INFO 2025-09-01 18:28:14,628 crm_comprehensive_views 13164 30548 Making CRM API request to: https://crm.deluxebilisim.com/api/projects
INFO 2025-09-01 18:28:15,648 crm_comprehensive_views 13164 30548 CRM API response status: 404
WARNING 2025-09-01 18:28:15,648 crm_comprehensive_views 13164 30548 CRM API endpoint not found: projects
INFO 2025-09-01 18:28:15,650 crm_comprehensive_views 13164 30548 Trying CRM projects endpoint: deals
INFO 2025-09-01 18:28:15,650 crm_comprehensive_views 13164 30548 Making CRM API request to: https://crm.deluxebilisim.com/api/deals
INFO 2025-09-01 18:28:16,628 crm_comprehensive_views 13164 30548 CRM API response status: 404
WARNING 2025-09-01 18:28:16,629 crm_comprehensive_views 13164 30548 CRM API endpoint not found: deals
INFO 2025-09-01 18:28:16,632 crm_comprehensive_views 13164 30548 Trying CRM projects endpoint: opportunities
INFO 2025-09-01 18:28:16,632 crm_comprehensive_views 13164 30548 Making CRM API request to: https://crm.deluxebilisim.com/api/opportunities
INFO 2025-09-01 18:28:17,760 crm_comprehensive_views 13164 30548 CRM API response status: 404
WARNING 2025-09-01 18:28:17,760 crm_comprehensive_views 13164 30548 CRM API endpoint not found: opportunities
INFO 2025-09-01 18:28:17,763 crm_comprehensive_views 13164 30548 Trying CRM projects endpoint: cases
INFO 2025-09-01 18:28:17,764 crm_comprehensive_views 13164 30548 Making CRM API request to: https://crm.deluxebilisim.com/api/cases
INFO 2025-09-01 18:28:18,798 crm_comprehensive_views 13164 30548 CRM API response status: 404
WARNING 2025-09-01 18:28:18,798 crm_comprehensive_views 13164 30548 CRM API endpoint not found: cases
INFO 2025-09-01 18:28:18,801 crm_comprehensive_views 13164 30548 Trying CRM projects endpoint: workspaces
INFO 2025-09-01 18:28:18,802 crm_comprehensive_views 13164 30548 Making CRM API request to: https://crm.deluxebilisim.com/api/workspaces
INFO 2025-09-01 18:28:19,785 crm_comprehensive_views 13164 30548 CRM API response status: 404
WARNING 2025-09-01 18:28:19,785 crm_comprehensive_views 13164 30548 CRM API endpoint not found: workspaces
INFO 2025-09-01 18:28:19,787 crm_comprehensive_views 13164 30548 Trying CRM projects endpoint: campaigns
INFO 2025-09-01 18:28:19,787 crm_comprehensive_views 13164 30548 Making CRM API request to: https://crm.deluxebilisim.com/api/campaigns
INFO 2025-09-01 18:28:20,920 crm_comprehensive_views 13164 30548 CRM API response status: 404
WARNING 2025-09-01 18:28:20,920 crm_comprehensive_views 13164 30548 CRM API endpoint not found: campaigns
WARNING 2025-09-01 18:28:20,923 crm_comprehensive_views 13164 30548 No projects found in any CRM endpoint
INFO 2025-09-01 18:28:20,923 crm_comprehensive_views 13164 30548 Trying CRM tasks endpoint: tasks
INFO 2025-09-01 18:28:20,923 crm_comprehensive_views 13164 30548 Making CRM API request to: https://crm.deluxebilisim.com/api/tasks
INFO 2025-09-01 18:28:21,892 crm_comprehensive_views 13164 30548 CRM API response status: 404
WARNING 2025-09-01 18:28:21,892 crm_comprehensive_views 13164 30548 CRM API endpoint not found: tasks
INFO 2025-09-01 18:28:21,896 crm_comprehensive_views 13164 30548 Trying CRM tasks endpoint: activities
INFO 2025-09-01 18:28:21,896 crm_comprehensive_views 13164 30548 Making CRM API request to: https://crm.deluxebilisim.com/api/activities
INFO 2025-09-01 18:28:22,851 crm_comprehensive_views 13164 30548 CRM API response status: 404
WARNING 2025-09-01 18:28:22,851 crm_comprehensive_views 13164 30548 CRM API endpoint not found: activities
INFO 2025-09-01 18:28:22,853 crm_comprehensive_views 13164 30548 Trying CRM tasks endpoint: todos
INFO 2025-09-01 18:28:22,854 crm_comprehensive_views 13164 30548 Making CRM API request to: https://crm.deluxebilisim.com/api/todos
INFO 2025-09-01 18:28:23,819 crm_comprehensive_views 13164 30548 CRM API response status: 404
WARNING 2025-09-01 18:28:23,819 crm_comprehensive_views 13164 30548 CRM API endpoint not found: todos
INFO 2025-09-01 18:28:23,822 crm_comprehensive_views 13164 30548 Trying CRM tasks endpoint: assignments
INFO 2025-09-01 18:28:23,822 crm_comprehensive_views 13164 30548 Making CRM API request to: https://crm.deluxebilisim.com/api/assignments
INFO 2025-09-01 18:28:24,856 crm_comprehensive_views 13164 30548 CRM API response status: 404
WARNING 2025-09-01 18:28:24,856 crm_comprehensive_views 13164 30548 CRM API endpoint not found: assignments
INFO 2025-09-01 18:28:24,859 crm_comprehensive_views 13164 30548 Trying CRM tasks endpoint: work_items
INFO 2025-09-01 18:28:24,859 crm_comprehensive_views 13164 30548 Making CRM API request to: https://crm.deluxebilisim.com/api/work_items
INFO 2025-09-01 18:28:25,857 crm_comprehensive_views 13164 30548 CRM API response status: 404
WARNING 2025-09-01 18:28:25,857 crm_comprehensive_views 13164 30548 CRM API endpoint not found: work_items
INFO 2025-09-01 18:28:25,860 crm_comprehensive_views 13164 30548 Trying CRM tasks endpoint: tickets
INFO 2025-09-01 18:28:25,860 crm_comprehensive_views 13164 30548 Making CRM API request to: https://crm.deluxebilisim.com/api/tickets
INFO 2025-09-01 18:28:26,906 crm_comprehensive_views 13164 30548 CRM API response status: 404
WARNING 2025-09-01 18:28:26,907 crm_comprehensive_views 13164 30548 CRM API endpoint not found: tickets
WARNING 2025-09-01 18:28:26,909 crm_comprehensive_views 13164 30548 No tasks found in any CRM endpoint
INFO 2025-09-01 18:28:26,910 crm_comprehensive_views 13164 30548 Trying CRM summary endpoint: dashboard
INFO 2025-09-01 18:28:26,910 crm_comprehensive_views 13164 30548 Making CRM API request to: https://crm.deluxebilisim.com/api/dashboard
INFO 2025-09-01 18:28:27,946 crm_comprehensive_views 13164 30548 CRM API response status: 404
WARNING 2025-09-01 18:28:27,950 crm_comprehensive_views 13164 30548 CRM API endpoint not found: dashboard
INFO 2025-09-01 18:28:27,953 crm_comprehensive_views 13164 30548 Trying CRM summary endpoint: summary
INFO 2025-09-01 18:28:27,953 crm_comprehensive_views 13164 30548 Making CRM API request to: https://crm.deluxebilisim.com/api/summary
INFO 2025-09-01 18:28:29,128 crm_comprehensive_views 13164 30548 CRM API response status: 404
WARNING 2025-09-01 18:28:29,129 crm_comprehensive_views 13164 30548 CRM API endpoint not found: summary
INFO 2025-09-01 18:28:29,131 crm_comprehensive_views 13164 30548 Trying CRM summary endpoint: overview
INFO 2025-09-01 18:28:29,131 crm_comprehensive_views 13164 30548 Making CRM API request to: https://crm.deluxebilisim.com/api/overview
INFO 2025-09-01 18:28:30,116 crm_comprehensive_views 13164 30548 CRM API response status: 404
WARNING 2025-09-01 18:28:30,116 crm_comprehensive_views 13164 30548 CRM API endpoint not found: overview
INFO 2025-09-01 18:28:30,119 crm_comprehensive_views 13164 30548 Trying CRM summary endpoint: stats
INFO 2025-09-01 18:28:30,119 crm_comprehensive_views 13164 30548 Making CRM API request to: https://crm.deluxebilisim.com/api/stats
INFO 2025-09-01 18:28:31,101 crm_comprehensive_views 13164 30548 CRM API response status: 404
WARNING 2025-09-01 18:28:31,101 crm_comprehensive_views 13164 30548 CRM API endpoint not found: stats
INFO 2025-09-01 18:28:31,103 crm_comprehensive_views 13164 30548 Trying CRM summary endpoint: metrics
INFO 2025-09-01 18:28:31,103 crm_comprehensive_views 13164 30548 Making CRM API request to: https://crm.deluxebilisim.com/api/metrics
INFO 2025-09-01 18:28:32,066 crm_comprehensive_views 13164 30548 CRM API response status: 404
WARNING 2025-09-01 18:28:32,066 crm_comprehensive_views 13164 30548 CRM API endpoint not found: metrics
WARNING 2025-09-01 18:28:32,068 crm_comprehensive_views 13164 30548 No dashboard summary found in CRM
INFO 2025-09-01 18:28:32,068 crm_comprehensive_views 13164 30548 Fetching data from Database...
INFO 2025-09-01 18:28:32,073 crm_comprehensive_views 13164 30548 Using database employee count: 32
INFO 2025-09-01 18:28:32,073 crm_comprehensive_views 13164 30548 Data retrieved: 32 employees, 0 projects, 0 tasks from Database + CRM
INFO 2025-09-01 18:28:32,073 crm_comprehensive_views 13164 30548 CRM comprehensive dashboard response prepared successfully
INFO 2025-09-01 18:28:32,074 middleware 13164 30548 Response: 200 for GET /api/dashboard/crm-comprehensive/
INFO 2025-09-01 18:28:32,075 basehttp 13164 30548 "GET /api/dashboard/crm-comprehensive/ HTTP/1.1" 200 1799
INFO 2025-09-01 18:30:04,654 middleware 17676 15832 Request: GET /api/dashboard/crm-comprehensive/
INFO 2025-09-01 18:30:04,655 crm_comprehensive_views 17676 15832 Starting CRM comprehensive dashboard data retrieval...
INFO 2025-09-01 18:30:04,655 crm_comprehensive_views 17676 15832 Fetching data from CRM...
INFO 2025-09-01 18:30:04,656 crm_comprehensive_views 17676 15832 Trying CRM endpoint: employees
INFO 2025-09-01 18:30:04,656 crm_comprehensive_views 17676 15832 Making CRM API request to: https://crm.deluxebilisim.com/api/employees
INFO 2025-09-01 18:30:05,639 crm_comprehensive_views 17676 15832 CRM API response status: 404
WARNING 2025-09-01 18:30:05,640 crm_comprehensive_views 17676 15832 CRM API endpoint not found: employees
INFO 2025-09-01 18:30:05,642 crm_comprehensive_views 17676 15832 Trying CRM endpoint: users
INFO 2025-09-01 18:30:05,642 crm_comprehensive_views 17676 15832 Making CRM API request to: https://crm.deluxebilisim.com/api/users
INFO 2025-09-01 18:30:06,726 crm_comprehensive_views 17676 15832 CRM API response status: 404
WARNING 2025-09-01 18:30:06,727 crm_comprehensive_views 17676 15832 CRM API endpoint not found: users
INFO 2025-09-01 18:30:06,730 crm_comprehensive_views 17676 15832 Trying CRM endpoint: staff
INFO 2025-09-01 18:30:06,730 crm_comprehensive_views 17676 15832 Making CRM API request to: https://crm.deluxebilisim.com/api/staff
INFO 2025-09-01 18:30:07,702 crm_comprehensive_views 17676 15832 CRM API response status: 404
WARNING 2025-09-01 18:30:07,703 crm_comprehensive_views 17676 15832 CRM API endpoint not found: staff
INFO 2025-09-01 18:30:07,706 crm_comprehensive_views 17676 15832 Trying CRM endpoint: personnel
INFO 2025-09-01 18:30:07,706 crm_comprehensive_views 17676 15832 Making CRM API request to: https://crm.deluxebilisim.com/api/personnel
INFO 2025-09-01 18:30:08,696 crm_comprehensive_views 17676 15832 CRM API response status: 404
WARNING 2025-09-01 18:30:08,696 crm_comprehensive_views 17676 15832 CRM API endpoint not found: personnel
INFO 2025-09-01 18:30:08,699 crm_comprehensive_views 17676 15832 Trying CRM endpoint: team
INFO 2025-09-01 18:30:08,699 crm_comprehensive_views 17676 15832 Making CRM API request to: https://crm.deluxebilisim.com/api/team
INFO 2025-09-01 18:30:09,686 crm_comprehensive_views 17676 15832 CRM API response status: 404
WARNING 2025-09-01 18:30:09,687 crm_comprehensive_views 17676 15832 CRM API endpoint not found: team
INFO 2025-09-01 18:30:09,689 crm_comprehensive_views 17676 15832 Trying CRM endpoint: members
INFO 2025-09-01 18:30:09,689 crm_comprehensive_views 17676 15832 Making CRM API request to: https://crm.deluxebilisim.com/api/members
INFO 2025-09-01 18:30:10,635 crm_comprehensive_views 17676 15832 CRM API response status: 404
WARNING 2025-09-01 18:30:10,635 crm_comprehensive_views 17676 15832 CRM API endpoint not found: members
WARNING 2025-09-01 18:30:10,638 crm_comprehensive_views 17676 15832 No employees found in any CRM endpoint
INFO 2025-09-01 18:30:10,639 crm_comprehensive_views 17676 15832 Trying CRM projects endpoint: projects
INFO 2025-09-01 18:30:10,639 crm_comprehensive_views 17676 15832 Making CRM API request to: https://crm.deluxebilisim.com/api/projects
INFO 2025-09-01 18:30:11,635 crm_comprehensive_views 17676 15832 CRM API response status: 404
WARNING 2025-09-01 18:30:11,636 crm_comprehensive_views 17676 15832 CRM API endpoint not found: projects
INFO 2025-09-01 18:30:11,638 crm_comprehensive_views 17676 15832 Trying CRM projects endpoint: deals
INFO 2025-09-01 18:30:11,638 crm_comprehensive_views 17676 15832 Making CRM API request to: https://crm.deluxebilisim.com/api/deals
INFO 2025-09-01 18:30:12,609 crm_comprehensive_views 17676 15832 CRM API response status: 404
WARNING 2025-09-01 18:30:12,609 crm_comprehensive_views 17676 15832 CRM API endpoint not found: deals
INFO 2025-09-01 18:30:12,613 crm_comprehensive_views 17676 15832 Trying CRM projects endpoint: opportunities
INFO 2025-09-01 18:30:12,613 crm_comprehensive_views 17676 15832 Making CRM API request to: https://crm.deluxebilisim.com/api/opportunities
INFO 2025-09-01 18:30:13,593 crm_comprehensive_views 17676 15832 CRM API response status: 404
WARNING 2025-09-01 18:30:13,594 crm_comprehensive_views 17676 15832 CRM API endpoint not found: opportunities
INFO 2025-09-01 18:30:13,597 crm_comprehensive_views 17676 15832 Trying CRM projects endpoint: cases
INFO 2025-09-01 18:30:13,597 crm_comprehensive_views 17676 15832 Making CRM API request to: https://crm.deluxebilisim.com/api/cases
INFO 2025-09-01 18:30:14,563 crm_comprehensive_views 17676 15832 CRM API response status: 404
WARNING 2025-09-01 18:30:14,564 crm_comprehensive_views 17676 15832 CRM API endpoint not found: cases
INFO 2025-09-01 18:30:14,566 crm_comprehensive_views 17676 15832 Trying CRM projects endpoint: workspaces
INFO 2025-09-01 18:30:14,566 crm_comprehensive_views 17676 15832 Making CRM API request to: https://crm.deluxebilisim.com/api/workspaces
INFO 2025-09-01 18:30:15,644 crm_comprehensive_views 17676 15832 CRM API response status: 404
WARNING 2025-09-01 18:30:15,644 crm_comprehensive_views 17676 15832 CRM API endpoint not found: workspaces
INFO 2025-09-01 18:30:15,648 crm_comprehensive_views 17676 15832 Trying CRM projects endpoint: campaigns
INFO 2025-09-01 18:30:15,648 crm_comprehensive_views 17676 15832 Making CRM API request to: https://crm.deluxebilisim.com/api/campaigns
INFO 2025-09-01 18:30:16,647 crm_comprehensive_views 17676 15832 CRM API response status: 404
WARNING 2025-09-01 18:30:16,647 crm_comprehensive_views 17676 15832 CRM API endpoint not found: campaigns
WARNING 2025-09-01 18:30:16,649 crm_comprehensive_views 17676 15832 No projects found in any CRM endpoint
INFO 2025-09-01 18:30:16,650 crm_comprehensive_views 17676 15832 Trying CRM tasks endpoint: tasks
INFO 2025-09-01 18:30:16,650 crm_comprehensive_views 17676 15832 Making CRM API request to: https://crm.deluxebilisim.com/api/tasks
INFO 2025-09-01 18:30:17,678 crm_comprehensive_views 17676 15832 CRM API response status: 404
WARNING 2025-09-01 18:30:17,679 crm_comprehensive_views 17676 15832 CRM API endpoint not found: tasks
INFO 2025-09-01 18:30:17,682 crm_comprehensive_views 17676 15832 Trying CRM tasks endpoint: activities
INFO 2025-09-01 18:30:17,683 crm_comprehensive_views 17676 15832 Making CRM API request to: https://crm.deluxebilisim.com/api/activities
INFO 2025-09-01 18:30:18,728 crm_comprehensive_views 17676 15832 CRM API response status: 404
WARNING 2025-09-01 18:30:18,730 crm_comprehensive_views 17676 15832 CRM API endpoint not found: activities
INFO 2025-09-01 18:30:18,733 crm_comprehensive_views 17676 15832 Trying CRM tasks endpoint: todos
INFO 2025-09-01 18:30:18,734 crm_comprehensive_views 17676 15832 Making CRM API request to: https://crm.deluxebilisim.com/api/todos
INFO 2025-09-01 18:30:20,059 crm_comprehensive_views 17676 15832 CRM API response status: 404
WARNING 2025-09-01 18:30:20,059 crm_comprehensive_views 17676 15832 CRM API endpoint not found: todos
INFO 2025-09-01 18:30:20,063 crm_comprehensive_views 17676 15832 Trying CRM tasks endpoint: assignments
INFO 2025-09-01 18:30:20,064 crm_comprehensive_views 17676 15832 Making CRM API request to: https://crm.deluxebilisim.com/api/assignments
INFO 2025-09-01 18:30:21,223 crm_comprehensive_views 17676 15832 CRM API response status: 404
WARNING 2025-09-01 18:30:21,223 crm_comprehensive_views 17676 15832 CRM API endpoint not found: assignments
INFO 2025-09-01 18:30:21,226 crm_comprehensive_views 17676 15832 Trying CRM tasks endpoint: work_items
INFO 2025-09-01 18:30:21,226 crm_comprehensive_views 17676 15832 Making CRM API request to: https://crm.deluxebilisim.com/api/work_items
INFO 2025-09-01 18:30:22,397 crm_comprehensive_views 17676 15832 CRM API response status: 404
WARNING 2025-09-01 18:30:22,398 crm_comprehensive_views 17676 15832 CRM API endpoint not found: work_items
INFO 2025-09-01 18:30:22,402 crm_comprehensive_views 17676 15832 Trying CRM tasks endpoint: tickets
INFO 2025-09-01 18:30:22,402 crm_comprehensive_views 17676 15832 Making CRM API request to: https://crm.deluxebilisim.com/api/tickets
INFO 2025-09-01 18:30:23,424 crm_comprehensive_views 17676 15832 CRM API response status: 404
WARNING 2025-09-01 18:30:23,424 crm_comprehensive_views 17676 15832 CRM API endpoint not found: tickets
WARNING 2025-09-01 18:30:23,426 crm_comprehensive_views 17676 15832 No tasks found in any CRM endpoint
INFO 2025-09-01 18:30:23,427 crm_comprehensive_views 17676 15832 Trying CRM summary endpoint: dashboard
INFO 2025-09-01 18:30:23,427 crm_comprehensive_views 17676 15832 Making CRM API request to: https://crm.deluxebilisim.com/api/dashboard
INFO 2025-09-01 18:30:24,395 crm_comprehensive_views 17676 15832 CRM API response status: 404
WARNING 2025-09-01 18:30:24,395 crm_comprehensive_views 17676 15832 CRM API endpoint not found: dashboard
INFO 2025-09-01 18:30:24,397 crm_comprehensive_views 17676 15832 Trying CRM summary endpoint: summary
INFO 2025-09-01 18:30:24,398 crm_comprehensive_views 17676 15832 Making CRM API request to: https://crm.deluxebilisim.com/api/summary
INFO 2025-09-01 18:30:25,501 crm_comprehensive_views 17676 15832 CRM API response status: 404
WARNING 2025-09-01 18:30:25,501 crm_comprehensive_views 17676 15832 CRM API endpoint not found: summary
INFO 2025-09-01 18:30:25,504 crm_comprehensive_views 17676 15832 Trying CRM summary endpoint: overview
INFO 2025-09-01 18:30:25,504 crm_comprehensive_views 17676 15832 Making CRM API request to: https://crm.deluxebilisim.com/api/overview
INFO 2025-09-01 18:30:26,514 crm_comprehensive_views 17676 15832 CRM API response status: 404
WARNING 2025-09-01 18:30:26,514 crm_comprehensive_views 17676 15832 CRM API endpoint not found: overview
INFO 2025-09-01 18:30:26,516 crm_comprehensive_views 17676 15832 Trying CRM summary endpoint: stats
INFO 2025-09-01 18:30:26,516 crm_comprehensive_views 17676 15832 Making CRM API request to: https://crm.deluxebilisim.com/api/stats
INFO 2025-09-01 18:30:27,668 crm_comprehensive_views 17676 15832 CRM API response status: 404
WARNING 2025-09-01 18:30:27,668 crm_comprehensive_views 17676 15832 CRM API endpoint not found: stats
INFO 2025-09-01 18:30:27,670 crm_comprehensive_views 17676 15832 Trying CRM summary endpoint: metrics
INFO 2025-09-01 18:30:27,670 crm_comprehensive_views 17676 15832 Making CRM API request to: https://crm.deluxebilisim.com/api/metrics
INFO 2025-09-01 18:30:28,859 crm_comprehensive_views 17676 15832 CRM API response status: 404
WARNING 2025-09-01 18:30:28,859 crm_comprehensive_views 17676 15832 CRM API endpoint not found: metrics
WARNING 2025-09-01 18:30:28,862 crm_comprehensive_views 17676 15832 No dashboard summary found in CRM
INFO 2025-09-01 18:30:28,863 crm_comprehensive_views 17676 15832 Fetching data from Database...
INFO 2025-09-01 18:30:28,871 crm_comprehensive_views 17676 15832 Using database employee count: 32
INFO 2025-09-01 18:30:28,871 crm_comprehensive_views 17676 15832 Data retrieved: 32 employees, 293 projects, 1570 tasks from Database + CRM
INFO 2025-09-01 18:30:28,872 crm_comprehensive_views 17676 15832 CRM comprehensive dashboard response prepared successfully
INFO 2025-09-01 18:30:28,873 middleware 17676 15832 Response: 200 for GET /api/dashboard/crm-comprehensive/
INFO 2025-09-01 18:30:28,874 basehttp 17676 15832 "GET /api/dashboard/crm-comprehensive/ HTTP/1.1" 200 1809
INFO 2025-09-01 18:30:42,732 middleware 17676 23688 Request: GET /api/dashboard/crm-comprehensive/
INFO 2025-09-01 18:30:42,733 crm_comprehensive_views 17676 23688 Starting CRM comprehensive dashboard data retrieval...
INFO 2025-09-01 18:30:42,733 crm_comprehensive_views 17676 23688 Fetching data from CRM...
INFO 2025-09-01 18:30:42,733 crm_comprehensive_views 17676 23688 Trying CRM endpoint: employees
INFO 2025-09-01 18:30:42,734 crm_comprehensive_views 17676 23688 Making CRM API request to: https://crm.deluxebilisim.com/api/employees
INFO 2025-09-01 18:30:43,747 crm_comprehensive_views 17676 23688 CRM API response status: 404
WARNING 2025-09-01 18:30:43,748 crm_comprehensive_views 17676 23688 CRM API endpoint not found: employees
INFO 2025-09-01 18:30:43,750 crm_comprehensive_views 17676 23688 Trying CRM endpoint: users
INFO 2025-09-01 18:30:43,750 crm_comprehensive_views 17676 23688 Making CRM API request to: https://crm.deluxebilisim.com/api/users
INFO 2025-09-01 18:30:44,688 crm_comprehensive_views 17676 23688 CRM API response status: 404
WARNING 2025-09-01 18:30:44,689 crm_comprehensive_views 17676 23688 CRM API endpoint not found: users
INFO 2025-09-01 18:30:44,691 crm_comprehensive_views 17676 23688 Trying CRM endpoint: staff
INFO 2025-09-01 18:30:44,691 crm_comprehensive_views 17676 23688 Making CRM API request to: https://crm.deluxebilisim.com/api/staff
INFO 2025-09-01 18:30:45,616 crm_comprehensive_views 17676 23688 CRM API response status: 404
WARNING 2025-09-01 18:30:45,616 crm_comprehensive_views 17676 23688 CRM API endpoint not found: staff
INFO 2025-09-01 18:30:45,619 crm_comprehensive_views 17676 23688 Trying CRM endpoint: personnel
INFO 2025-09-01 18:30:45,619 crm_comprehensive_views 17676 23688 Making CRM API request to: https://crm.deluxebilisim.com/api/personnel
INFO 2025-09-01 18:30:46,562 crm_comprehensive_views 17676 23688 CRM API response status: 404
WARNING 2025-09-01 18:30:46,562 crm_comprehensive_views 17676 23688 CRM API endpoint not found: personnel
INFO 2025-09-01 18:30:46,565 crm_comprehensive_views 17676 23688 Trying CRM endpoint: team
INFO 2025-09-01 18:30:46,565 crm_comprehensive_views 17676 23688 Making CRM API request to: https://crm.deluxebilisim.com/api/team
INFO 2025-09-01 18:30:47,526 crm_comprehensive_views 17676 23688 CRM API response status: 404
WARNING 2025-09-01 18:30:47,527 crm_comprehensive_views 17676 23688 CRM API endpoint not found: team
INFO 2025-09-01 18:30:47,529 crm_comprehensive_views 17676 23688 Trying CRM endpoint: members
INFO 2025-09-01 18:30:47,529 crm_comprehensive_views 17676 23688 Making CRM API request to: https://crm.deluxebilisim.com/api/members
INFO 2025-09-01 18:30:48,504 crm_comprehensive_views 17676 23688 CRM API response status: 404
WARNING 2025-09-01 18:30:48,505 crm_comprehensive_views 17676 23688 CRM API endpoint not found: members
WARNING 2025-09-01 18:30:48,507 crm_comprehensive_views 17676 23688 No employees found in any CRM endpoint
INFO 2025-09-01 18:30:48,507 crm_comprehensive_views 17676 23688 Trying CRM projects endpoint: projects
INFO 2025-09-01 18:30:48,507 crm_comprehensive_views 17676 23688 Making CRM API request to: https://crm.deluxebilisim.com/api/projects
INFO 2025-09-01 18:30:49,537 crm_comprehensive_views 17676 23688 CRM API response status: 404
WARNING 2025-09-01 18:30:49,537 crm_comprehensive_views 17676 23688 CRM API endpoint not found: projects
INFO 2025-09-01 18:30:49,540 crm_comprehensive_views 17676 23688 Trying CRM projects endpoint: deals
INFO 2025-09-01 18:30:49,540 crm_comprehensive_views 17676 23688 Making CRM API request to: https://crm.deluxebilisim.com/api/deals
INFO 2025-09-01 18:30:50,505 crm_comprehensive_views 17676 23688 CRM API response status: 404
WARNING 2025-09-01 18:30:50,506 crm_comprehensive_views 17676 23688 CRM API endpoint not found: deals
INFO 2025-09-01 18:30:50,508 crm_comprehensive_views 17676 23688 Trying CRM projects endpoint: opportunities
INFO 2025-09-01 18:30:50,508 crm_comprehensive_views 17676 23688 Making CRM API request to: https://crm.deluxebilisim.com/api/opportunities
INFO 2025-09-01 18:30:51,546 crm_comprehensive_views 17676 23688 CRM API response status: 404
WARNING 2025-09-01 18:30:51,546 crm_comprehensive_views 17676 23688 CRM API endpoint not found: opportunities
INFO 2025-09-01 18:30:51,549 crm_comprehensive_views 17676 23688 Trying CRM projects endpoint: cases
INFO 2025-09-01 18:30:51,549 crm_comprehensive_views 17676 23688 Making CRM API request to: https://crm.deluxebilisim.com/api/cases
INFO 2025-09-01 18:30:52,548 crm_comprehensive_views 17676 23688 CRM API response status: 404
WARNING 2025-09-01 18:30:52,548 crm_comprehensive_views 17676 23688 CRM API endpoint not found: cases
INFO 2025-09-01 18:30:52,551 crm_comprehensive_views 17676 23688 Trying CRM projects endpoint: workspaces
INFO 2025-09-01 18:30:52,551 crm_comprehensive_views 17676 23688 Making CRM API request to: https://crm.deluxebilisim.com/api/workspaces
INFO 2025-09-01 18:30:53,656 crm_comprehensive_views 17676 23688 CRM API response status: 404
WARNING 2025-09-01 18:30:53,656 crm_comprehensive_views 17676 23688 CRM API endpoint not found: workspaces
INFO 2025-09-01 18:30:53,658 crm_comprehensive_views 17676 23688 Trying CRM projects endpoint: campaigns
INFO 2025-09-01 18:30:53,659 crm_comprehensive_views 17676 23688 Making CRM API request to: https://crm.deluxebilisim.com/api/campaigns
INFO 2025-09-01 18:30:54,588 crm_comprehensive_views 17676 23688 CRM API response status: 404
WARNING 2025-09-01 18:30:54,588 crm_comprehensive_views 17676 23688 CRM API endpoint not found: campaigns
WARNING 2025-09-01 18:30:54,591 crm_comprehensive_views 17676 23688 No projects found in any CRM endpoint
INFO 2025-09-01 18:30:54,591 crm_comprehensive_views 17676 23688 Trying CRM tasks endpoint: tasks
INFO 2025-09-01 18:30:54,591 crm_comprehensive_views 17676 23688 Making CRM API request to: https://crm.deluxebilisim.com/api/tasks
INFO 2025-09-01 18:30:55,560 crm_comprehensive_views 17676 23688 CRM API response status: 404
WARNING 2025-09-01 18:30:55,560 crm_comprehensive_views 17676 23688 CRM API endpoint not found: tasks
INFO 2025-09-01 18:30:55,563 crm_comprehensive_views 17676 23688 Trying CRM tasks endpoint: activities
INFO 2025-09-01 18:30:55,564 crm_comprehensive_views 17676 23688 Making CRM API request to: https://crm.deluxebilisim.com/api/activities
INFO 2025-09-01 18:30:56,558 crm_comprehensive_views 17676 23688 CRM API response status: 404
WARNING 2025-09-01 18:30:56,558 crm_comprehensive_views 17676 23688 CRM API endpoint not found: activities
INFO 2025-09-01 18:30:56,560 crm_comprehensive_views 17676 23688 Trying CRM tasks endpoint: todos
INFO 2025-09-01 18:30:56,560 crm_comprehensive_views 17676 23688 Making CRM API request to: https://crm.deluxebilisim.com/api/todos
INFO 2025-09-01 18:30:57,488 crm_comprehensive_views 17676 23688 CRM API response status: 404
WARNING 2025-09-01 18:30:57,488 crm_comprehensive_views 17676 23688 CRM API endpoint not found: todos
INFO 2025-09-01 18:30:57,491 crm_comprehensive_views 17676 23688 Trying CRM tasks endpoint: assignments
INFO 2025-09-01 18:30:57,491 crm_comprehensive_views 17676 23688 Making CRM API request to: https://crm.deluxebilisim.com/api/assignments
INFO 2025-09-01 18:30:58,583 crm_comprehensive_views 17676 23688 CRM API response status: 404
WARNING 2025-09-01 18:30:58,583 crm_comprehensive_views 17676 23688 CRM API endpoint not found: assignments
INFO 2025-09-01 18:30:58,587 crm_comprehensive_views 17676 23688 Trying CRM tasks endpoint: work_items
INFO 2025-09-01 18:30:58,587 crm_comprehensive_views 17676 23688 Making CRM API request to: https://crm.deluxebilisim.com/api/work_items
INFO 2025-09-01 18:30:59,521 crm_comprehensive_views 17676 23688 CRM API response status: 404
WARNING 2025-09-01 18:30:59,521 crm_comprehensive_views 17676 23688 CRM API endpoint not found: work_items
INFO 2025-09-01 18:30:59,523 crm_comprehensive_views 17676 23688 Trying CRM tasks endpoint: tickets
INFO 2025-09-01 18:30:59,524 crm_comprehensive_views 17676 23688 Making CRM API request to: https://crm.deluxebilisim.com/api/tickets
INFO 2025-09-01 18:31:00,538 crm_comprehensive_views 17676 23688 CRM API response status: 404
WARNING 2025-09-01 18:31:00,538 crm_comprehensive_views 17676 23688 CRM API endpoint not found: tickets
WARNING 2025-09-01 18:31:00,540 crm_comprehensive_views 17676 23688 No tasks found in any CRM endpoint
INFO 2025-09-01 18:31:00,540 crm_comprehensive_views 17676 23688 Trying CRM summary endpoint: dashboard
INFO 2025-09-01 18:31:00,541 crm_comprehensive_views 17676 23688 Making CRM API request to: https://crm.deluxebilisim.com/api/dashboard
INFO 2025-09-01 18:31:01,877 crm_comprehensive_views 17676 23688 CRM API response status: 404
WARNING 2025-09-01 18:31:01,877 crm_comprehensive_views 17676 23688 CRM API endpoint not found: dashboard
INFO 2025-09-01 18:31:01,881 crm_comprehensive_views 17676 23688 Trying CRM summary endpoint: summary
INFO 2025-09-01 18:31:01,881 crm_comprehensive_views 17676 23688 Making CRM API request to: https://crm.deluxebilisim.com/api/summary
INFO 2025-09-01 18:31:02,856 crm_comprehensive_views 17676 23688 CRM API response status: 404
WARNING 2025-09-01 18:31:02,856 crm_comprehensive_views 17676 23688 CRM API endpoint not found: summary
INFO 2025-09-01 18:31:02,858 crm_comprehensive_views 17676 23688 Trying CRM summary endpoint: overview
INFO 2025-09-01 18:31:02,858 crm_comprehensive_views 17676 23688 Making CRM API request to: https://crm.deluxebilisim.com/api/overview
INFO 2025-09-01 18:31:03,822 crm_comprehensive_views 17676 23688 CRM API response status: 404
WARNING 2025-09-01 18:31:03,822 crm_comprehensive_views 17676 23688 CRM API endpoint not found: overview
INFO 2025-09-01 18:31:03,824 crm_comprehensive_views 17676 23688 Trying CRM summary endpoint: stats
INFO 2025-09-01 18:31:03,825 crm_comprehensive_views 17676 23688 Making CRM API request to: https://crm.deluxebilisim.com/api/stats
INFO 2025-09-01 18:31:04,758 crm_comprehensive_views 17676 23688 CRM API response status: 404
WARNING 2025-09-01 18:31:04,758 crm_comprehensive_views 17676 23688 CRM API endpoint not found: stats
INFO 2025-09-01 18:31:04,760 crm_comprehensive_views 17676 23688 Trying CRM summary endpoint: metrics
INFO 2025-09-01 18:31:04,761 crm_comprehensive_views 17676 23688 Making CRM API request to: https://crm.deluxebilisim.com/api/metrics
INFO 2025-09-01 18:31:05,684 crm_comprehensive_views 17676 23688 CRM API response status: 404
WARNING 2025-09-01 18:31:05,684 crm_comprehensive_views 17676 23688 CRM API endpoint not found: metrics
WARNING 2025-09-01 18:31:05,686 crm_comprehensive_views 17676 23688 No dashboard summary found in CRM
INFO 2025-09-01 18:31:05,686 crm_comprehensive_views 17676 23688 Fetching data from Database...
INFO 2025-09-01 18:31:05,691 crm_comprehensive_views 17676 23688 Using database employee count: 32
INFO 2025-09-01 18:31:05,691 crm_comprehensive_views 17676 23688 Data retrieved: 32 employees, 293 projects, 1570 tasks from Database + CRM
INFO 2025-09-01 18:31:05,692 crm_comprehensive_views 17676 23688 CRM comprehensive dashboard response prepared successfully
INFO 2025-09-01 18:31:05,692 middleware 17676 23688 Response: 200 for GET /api/dashboard/crm-comprehensive/
INFO 2025-09-01 18:31:05,693 basehttp 17676 23688 - Broken pipe from ('127.0.0.1', 63736)
INFO 2025-09-01 18:31:24,130 middleware 17676 16880 Request: GET /api/dashboard/crm-comprehensive/
INFO 2025-09-01 18:31:24,131 crm_comprehensive_views 17676 16880 Starting CRM comprehensive dashboard data retrieval...
INFO 2025-09-01 18:31:24,131 crm_comprehensive_views 17676 16880 Fetching data from CRM...
INFO 2025-09-01 18:31:24,132 crm_comprehensive_views 17676 16880 Trying CRM endpoint: employees
INFO 2025-09-01 18:31:24,132 crm_comprehensive_views 17676 16880 Making CRM API request to: https://crm.deluxebilisim.com/api/employees
INFO 2025-09-01 18:31:25,065 crm_comprehensive_views 17676 16880 CRM API response status: 404
WARNING 2025-09-01 18:31:25,065 crm_comprehensive_views 17676 16880 CRM API endpoint not found: employees
INFO 2025-09-01 18:31:25,068 crm_comprehensive_views 17676 16880 Trying CRM endpoint: users
INFO 2025-09-01 18:31:25,068 crm_comprehensive_views 17676 16880 Making CRM API request to: https://crm.deluxebilisim.com/api/users
INFO 2025-09-01 18:31:26,050 crm_comprehensive_views 17676 16880 CRM API response status: 404
WARNING 2025-09-01 18:31:26,051 crm_comprehensive_views 17676 16880 CRM API endpoint not found: users
INFO 2025-09-01 18:31:26,053 crm_comprehensive_views 17676 16880 Trying CRM endpoint: staff
INFO 2025-09-01 18:31:26,054 crm_comprehensive_views 17676 16880 Making CRM API request to: https://crm.deluxebilisim.com/api/staff
INFO 2025-09-01 18:31:27,025 crm_comprehensive_views 17676 16880 CRM API response status: 404
WARNING 2025-09-01 18:31:27,026 crm_comprehensive_views 17676 16880 CRM API endpoint not found: staff
INFO 2025-09-01 18:31:27,028 crm_comprehensive_views 17676 16880 Trying CRM endpoint: personnel
INFO 2025-09-01 18:31:27,029 crm_comprehensive_views 17676 16880 Making CRM API request to: https://crm.deluxebilisim.com/api/personnel
INFO 2025-09-01 18:31:28,063 crm_comprehensive_views 17676 16880 CRM API response status: 404
WARNING 2025-09-01 18:31:28,066 crm_comprehensive_views 17676 16880 CRM API endpoint not found: personnel
INFO 2025-09-01 18:31:28,072 crm_comprehensive_views 17676 16880 Trying CRM endpoint: team
INFO 2025-09-01 18:31:28,102 crm_comprehensive_views 17676 16880 Making CRM API request to: https://crm.deluxebilisim.com/api/team
INFO 2025-09-01 18:31:29,332 crm_comprehensive_views 17676 16880 CRM API response status: 404
WARNING 2025-09-01 18:31:29,332 crm_comprehensive_views 17676 16880 CRM API endpoint not found: team
INFO 2025-09-01 18:31:29,335 crm_comprehensive_views 17676 16880 Trying CRM endpoint: members
INFO 2025-09-01 18:31:29,335 crm_comprehensive_views 17676 16880 Making CRM API request to: https://crm.deluxebilisim.com/api/members
INFO 2025-09-01 18:31:30,305 crm_comprehensive_views 17676 16880 CRM API response status: 404
WARNING 2025-09-01 18:31:30,305 crm_comprehensive_views 17676 16880 CRM API endpoint not found: members
WARNING 2025-09-01 18:31:30,307 crm_comprehensive_views 17676 16880 No employees found in any CRM endpoint
INFO 2025-09-01 18:31:30,308 crm_comprehensive_views 17676 16880 Trying CRM projects endpoint: projects
INFO 2025-09-01 18:31:30,308 crm_comprehensive_views 17676 16880 Making CRM API request to: https://crm.deluxebilisim.com/api/projects
INFO 2025-09-01 18:31:31,317 crm_comprehensive_views 17676 16880 CRM API response status: 404
WARNING 2025-09-01 18:31:31,318 crm_comprehensive_views 17676 16880 CRM API endpoint not found: projects
INFO 2025-09-01 18:31:31,320 crm_comprehensive_views 17676 16880 Trying CRM projects endpoint: deals
INFO 2025-09-01 18:31:31,320 crm_comprehensive_views 17676 16880 Making CRM API request to: https://crm.deluxebilisim.com/api/deals
INFO 2025-09-01 18:31:32,261 crm_comprehensive_views 17676 16880 CRM API response status: 404
WARNING 2025-09-01 18:31:32,261 crm_comprehensive_views 17676 16880 CRM API endpoint not found: deals
INFO 2025-09-01 18:31:32,265 crm_comprehensive_views 17676 16880 Trying CRM projects endpoint: opportunities
INFO 2025-09-01 18:31:32,265 crm_comprehensive_views 17676 16880 Making CRM API request to: https://crm.deluxebilisim.com/api/opportunities
INFO 2025-09-01 18:31:33,184 crm_comprehensive_views 17676 16880 CRM API response status: 404
WARNING 2025-09-01 18:31:33,185 crm_comprehensive_views 17676 16880 CRM API endpoint not found: opportunities
INFO 2025-09-01 18:31:33,189 crm_comprehensive_views 17676 16880 Trying CRM projects endpoint: cases
INFO 2025-09-01 18:31:33,189 crm_comprehensive_views 17676 16880 Making CRM API request to: https://crm.deluxebilisim.com/api/cases
INFO 2025-09-01 18:31:34,187 crm_comprehensive_views 17676 16880 CRM API response status: 404
WARNING 2025-09-01 18:31:34,187 crm_comprehensive_views 17676 16880 CRM API endpoint not found: cases
INFO 2025-09-01 18:31:34,189 crm_comprehensive_views 17676 16880 Trying CRM projects endpoint: workspaces
INFO 2025-09-01 18:31:34,190 crm_comprehensive_views 17676 16880 Making CRM API request to: https://crm.deluxebilisim.com/api/workspaces
INFO 2025-09-01 18:31:35,174 crm_comprehensive_views 17676 16880 CRM API response status: 404
WARNING 2025-09-01 18:31:35,175 crm_comprehensive_views 17676 16880 CRM API endpoint not found: workspaces
INFO 2025-09-01 18:31:35,177 crm_comprehensive_views 17676 16880 Trying CRM projects endpoint: campaigns
INFO 2025-09-01 18:31:35,177 crm_comprehensive_views 17676 16880 Making CRM API request to: https://crm.deluxebilisim.com/api/campaigns
INFO 2025-09-01 18:31:36,477 crm_comprehensive_views 17676 16880 CRM API response status: 404
WARNING 2025-09-01 18:31:36,478 crm_comprehensive_views 17676 16880 CRM API endpoint not found: campaigns
WARNING 2025-09-01 18:31:36,481 crm_comprehensive_views 17676 16880 No projects found in any CRM endpoint
INFO 2025-09-01 18:31:36,482 crm_comprehensive_views 17676 16880 Trying CRM tasks endpoint: tasks
INFO 2025-09-01 18:31:36,482 crm_comprehensive_views 17676 16880 Making CRM API request to: https://crm.deluxebilisim.com/api/tasks
INFO 2025-09-01 18:31:37,557 crm_comprehensive_views 17676 16880 CRM API response status: 404
WARNING 2025-09-01 18:31:37,558 crm_comprehensive_views 17676 16880 CRM API endpoint not found: tasks
INFO 2025-09-01 18:31:37,561 crm_comprehensive_views 17676 16880 Trying CRM tasks endpoint: activities
INFO 2025-09-01 18:31:37,561 crm_comprehensive_views 17676 16880 Making CRM API request to: https://crm.deluxebilisim.com/api/activities
INFO 2025-09-01 18:31:38,599 crm_comprehensive_views 17676 16880 CRM API response status: 404
WARNING 2025-09-01 18:31:38,599 crm_comprehensive_views 17676 16880 CRM API endpoint not found: activities
INFO 2025-09-01 18:31:38,602 crm_comprehensive_views 17676 16880 Trying CRM tasks endpoint: todos
INFO 2025-09-01 18:31:38,602 crm_comprehensive_views 17676 16880 Making CRM API request to: https://crm.deluxebilisim.com/api/todos
INFO 2025-09-01 18:31:39,609 crm_comprehensive_views 17676 16880 CRM API response status: 404
WARNING 2025-09-01 18:31:39,609 crm_comprehensive_views 17676 16880 CRM API endpoint not found: todos
INFO 2025-09-01 18:31:39,612 crm_comprehensive_views 17676 16880 Trying CRM tasks endpoint: assignments
INFO 2025-09-01 18:31:39,612 crm_comprehensive_views 17676 16880 Making CRM API request to: https://crm.deluxebilisim.com/api/assignments
INFO 2025-09-01 18:31:40,597 crm_comprehensive_views 17676 16880 CRM API response status: 404
WARNING 2025-09-01 18:31:40,597 crm_comprehensive_views 17676 16880 CRM API endpoint not found: assignments
INFO 2025-09-01 18:31:40,600 crm_comprehensive_views 17676 16880 Trying CRM tasks endpoint: work_items
INFO 2025-09-01 18:31:40,601 crm_comprehensive_views 17676 16880 Making CRM API request to: https://crm.deluxebilisim.com/api/work_items
INFO 2025-09-01 18:31:41,579 crm_comprehensive_views 17676 16880 CRM API response status: 404
WARNING 2025-09-01 18:31:41,579 crm_comprehensive_views 17676 16880 CRM API endpoint not found: work_items
INFO 2025-09-01 18:31:41,583 crm_comprehensive_views 17676 16880 Trying CRM tasks endpoint: tickets
INFO 2025-09-01 18:31:41,583 crm_comprehensive_views 17676 16880 Making CRM API request to: https://crm.deluxebilisim.com/api/tickets
INFO 2025-09-01 18:31:42,605 crm_comprehensive_views 17676 16880 CRM API response status: 404
WARNING 2025-09-01 18:31:42,605 crm_comprehensive_views 17676 16880 CRM API endpoint not found: tickets
WARNING 2025-09-01 18:31:42,608 crm_comprehensive_views 17676 16880 No tasks found in any CRM endpoint
INFO 2025-09-01 18:31:42,617 crm_comprehensive_views 17676 16880 Trying CRM summary endpoint: dashboard
INFO 2025-09-01 18:31:42,617 crm_comprehensive_views 17676 16880 Making CRM API request to: https://crm.deluxebilisim.com/api/dashboard
INFO 2025-09-01 18:31:43,608 crm_comprehensive_views 17676 16880 CRM API response status: 404
WARNING 2025-09-01 18:31:43,608 crm_comprehensive_views 17676 16880 CRM API endpoint not found: dashboard
INFO 2025-09-01 18:31:43,610 crm_comprehensive_views 17676 16880 Trying CRM summary endpoint: summary
INFO 2025-09-01 18:31:43,610 crm_comprehensive_views 17676 16880 Making CRM API request to: https://crm.deluxebilisim.com/api/summary
INFO 2025-09-01 18:31:44,598 crm_comprehensive_views 17676 16880 CRM API response status: 404
WARNING 2025-09-01 18:31:44,602 crm_comprehensive_views 17676 16880 CRM API endpoint not found: summary
INFO 2025-09-01 18:31:44,605 crm_comprehensive_views 17676 16880 Trying CRM summary endpoint: overview
INFO 2025-09-01 18:31:44,605 crm_comprehensive_views 17676 16880 Making CRM API request to: https://crm.deluxebilisim.com/api/overview
INFO 2025-09-01 18:31:45,611 crm_comprehensive_views 17676 16880 CRM API response status: 404
WARNING 2025-09-01 18:31:45,611 crm_comprehensive_views 17676 16880 CRM API endpoint not found: overview
INFO 2025-09-01 18:31:45,614 crm_comprehensive_views 17676 16880 Trying CRM summary endpoint: stats
INFO 2025-09-01 18:31:45,615 crm_comprehensive_views 17676 16880 Making CRM API request to: https://crm.deluxebilisim.com/api/stats
INFO 2025-09-01 18:31:46,581 crm_comprehensive_views 17676 16880 CRM API response status: 404
WARNING 2025-09-01 18:31:46,581 crm_comprehensive_views 17676 16880 CRM API endpoint not found: stats
INFO 2025-09-01 18:31:46,583 crm_comprehensive_views 17676 16880 Trying CRM summary endpoint: metrics
INFO 2025-09-01 18:31:46,584 crm_comprehensive_views 17676 16880 Making CRM API request to: https://crm.deluxebilisim.com/api/metrics
INFO 2025-09-01 18:31:47,536 crm_comprehensive_views 17676 16880 CRM API response status: 404
WARNING 2025-09-01 18:31:47,537 crm_comprehensive_views 17676 16880 CRM API endpoint not found: metrics
WARNING 2025-09-01 18:31:47,539 crm_comprehensive_views 17676 16880 No dashboard summary found in CRM
INFO 2025-09-01 18:31:47,539 crm_comprehensive_views 17676 16880 Fetching data from Database...
INFO 2025-09-01 18:31:47,543 crm_comprehensive_views 17676 16880 Using database employee count: 32
INFO 2025-09-01 18:31:47,543 crm_comprehensive_views 17676 16880 Data retrieved: 32 employees, 293 projects, 1570 tasks from Database + CRM
INFO 2025-09-01 18:31:47,543 crm_comprehensive_views 17676 16880 CRM comprehensive dashboard response prepared successfully
INFO 2025-09-01 18:31:47,544 middleware 17676 16880 Response: 200 for GET /api/dashboard/crm-comprehensive/
INFO 2025-09-01 18:31:47,544 basehttp 17676 16880 "GET /api/dashboard/crm-comprehensive/ HTTP/1.1" 200 1809
INFO 2025-09-01 18:32:26,551 middleware 30884 25088 Request: GET /api/dashboard/crm-comprehensive/
INFO 2025-09-01 18:32:26,553 crm_comprehensive_views 30884 25088 Starting CRM comprehensive dashboard data retrieval...
INFO 2025-09-01 18:32:26,553 crm_comprehensive_views 30884 25088 Fetching data from CRM...
INFO 2025-09-01 18:32:26,554 crm_comprehensive_views 30884 25088 Trying CRM endpoint: employees
INFO 2025-09-01 18:32:26,554 crm_comprehensive_views 30884 25088 Making CRM API request to: https://crm.deluxebilisim.com/api/employees
INFO 2025-09-01 18:32:27,716 crm_comprehensive_views 30884 25088 CRM API response status: 404
WARNING 2025-09-01 18:32:27,717 crm_comprehensive_views 30884 25088 CRM API endpoint not found: employees
INFO 2025-09-01 18:32:27,719 crm_comprehensive_views 30884 25088 Trying CRM endpoint: users
INFO 2025-09-01 18:32:27,720 crm_comprehensive_views 30884 25088 Making CRM API request to: https://crm.deluxebilisim.com/api/users
INFO 2025-09-01 18:32:28,938 crm_comprehensive_views 30884 25088 CRM API response status: 404
WARNING 2025-09-01 18:32:28,939 crm_comprehensive_views 30884 25088 CRM API endpoint not found: users
INFO 2025-09-01 18:32:28,941 crm_comprehensive_views 30884 25088 Trying CRM endpoint: staff
INFO 2025-09-01 18:32:28,942 crm_comprehensive_views 30884 25088 Making CRM API request to: https://crm.deluxebilisim.com/api/staff
INFO 2025-09-01 18:32:29,930 crm_comprehensive_views 30884 25088 CRM API response status: 404
WARNING 2025-09-01 18:32:29,931 crm_comprehensive_views 30884 25088 CRM API endpoint not found: staff
INFO 2025-09-01 18:32:29,933 crm_comprehensive_views 30884 25088 Trying CRM endpoint: personnel
INFO 2025-09-01 18:32:29,933 crm_comprehensive_views 30884 25088 Making CRM API request to: https://crm.deluxebilisim.com/api/personnel
INFO 2025-09-01 18:32:30,934 crm_comprehensive_views 30884 25088 CRM API response status: 404
WARNING 2025-09-01 18:32:30,935 crm_comprehensive_views 30884 25088 CRM API endpoint not found: personnel
INFO 2025-09-01 18:32:30,937 crm_comprehensive_views 30884 25088 Trying CRM endpoint: team
INFO 2025-09-01 18:32:30,937 crm_comprehensive_views 30884 25088 Making CRM API request to: https://crm.deluxebilisim.com/api/team
INFO 2025-09-01 18:32:31,904 crm_comprehensive_views 30884 25088 CRM API response status: 404
WARNING 2025-09-01 18:32:31,904 crm_comprehensive_views 30884 25088 CRM API endpoint not found: team
INFO 2025-09-01 18:32:31,907 crm_comprehensive_views 30884 25088 Trying CRM endpoint: members
INFO 2025-09-01 18:32:31,907 crm_comprehensive_views 30884 25088 Making CRM API request to: https://crm.deluxebilisim.com/api/members
INFO 2025-09-01 18:32:32,873 crm_comprehensive_views 30884 25088 CRM API response status: 404
WARNING 2025-09-01 18:32:32,874 crm_comprehensive_views 30884 25088 CRM API endpoint not found: members
WARNING 2025-09-01 18:32:32,876 crm_comprehensive_views 30884 25088 No employees found in any CRM endpoint
INFO 2025-09-01 18:32:32,876 crm_comprehensive_views 30884 25088 Trying CRM projects endpoint: projects
INFO 2025-09-01 18:32:32,876 crm_comprehensive_views 30884 25088 Making CRM API request to: https://crm.deluxebilisim.com/api/projects
INFO 2025-09-01 18:32:33,875 crm_comprehensive_views 30884 25088 CRM API response status: 404
WARNING 2025-09-01 18:32:33,876 crm_comprehensive_views 30884 25088 CRM API endpoint not found: projects
INFO 2025-09-01 18:32:33,878 crm_comprehensive_views 30884 25088 Trying CRM projects endpoint: deals
INFO 2025-09-01 18:32:33,878 crm_comprehensive_views 30884 25088 Making CRM API request to: https://crm.deluxebilisim.com/api/deals
INFO 2025-09-01 18:32:35,140 crm_comprehensive_views 30884 25088 CRM API response status: 404
WARNING 2025-09-01 18:32:35,141 crm_comprehensive_views 30884 25088 CRM API endpoint not found: deals
INFO 2025-09-01 18:32:35,143 crm_comprehensive_views 30884 25088 Trying CRM projects endpoint: opportunities
INFO 2025-09-01 18:32:35,144 crm_comprehensive_views 30884 25088 Making CRM API request to: https://crm.deluxebilisim.com/api/opportunities
INFO 2025-09-01 18:32:36,753 crm_comprehensive_views 30884 25088 CRM API response status: 404
WARNING 2025-09-01 18:32:36,753 crm_comprehensive_views 30884 25088 CRM API endpoint not found: opportunities
INFO 2025-09-01 18:32:36,756 crm_comprehensive_views 30884 25088 Trying CRM projects endpoint: cases
INFO 2025-09-01 18:32:36,757 crm_comprehensive_views 30884 25088 Making CRM API request to: https://crm.deluxebilisim.com/api/cases
INFO 2025-09-01 18:32:37,728 crm_comprehensive_views 30884 25088 CRM API response status: 404
WARNING 2025-09-01 18:32:37,729 crm_comprehensive_views 30884 25088 CRM API endpoint not found: cases
INFO 2025-09-01 18:32:37,731 crm_comprehensive_views 30884 25088 Trying CRM projects endpoint: workspaces
INFO 2025-09-01 18:32:37,732 crm_comprehensive_views 30884 25088 Making CRM API request to: https://crm.deluxebilisim.com/api/workspaces
INFO 2025-09-01 18:32:38,665 crm_comprehensive_views 30884 25088 CRM API response status: 404
WARNING 2025-09-01 18:32:38,666 crm_comprehensive_views 30884 25088 CRM API endpoint not found: workspaces
INFO 2025-09-01 18:32:38,668 crm_comprehensive_views 30884 25088 Trying CRM projects endpoint: campaigns
INFO 2025-09-01 18:32:38,668 crm_comprehensive_views 30884 25088 Making CRM API request to: https://crm.deluxebilisim.com/api/campaigns
INFO 2025-09-01 18:32:39,707 crm_comprehensive_views 30884 25088 CRM API response status: 404
WARNING 2025-09-01 18:32:39,708 crm_comprehensive_views 30884 25088 CRM API endpoint not found: campaigns
WARNING 2025-09-01 18:32:39,709 crm_comprehensive_views 30884 25088 No projects found in any CRM endpoint
INFO 2025-09-01 18:32:39,710 crm_comprehensive_views 30884 25088 Trying CRM tasks endpoint: tasks
INFO 2025-09-01 18:32:39,710 crm_comprehensive_views 30884 25088 Making CRM API request to: https://crm.deluxebilisim.com/api/tasks
INFO 2025-09-01 18:32:40,689 crm_comprehensive_views 30884 25088 CRM API response status: 404
WARNING 2025-09-01 18:32:40,689 crm_comprehensive_views 30884 25088 CRM API endpoint not found: tasks
INFO 2025-09-01 18:32:40,692 crm_comprehensive_views 30884 25088 Trying CRM tasks endpoint: activities
INFO 2025-09-01 18:32:40,692 crm_comprehensive_views 30884 25088 Making CRM API request to: https://crm.deluxebilisim.com/api/activities
INFO 2025-09-01 18:32:41,716 crm_comprehensive_views 30884 25088 CRM API response status: 404
WARNING 2025-09-01 18:32:41,716 crm_comprehensive_views 30884 25088 CRM API endpoint not found: activities
INFO 2025-09-01 18:32:41,718 crm_comprehensive_views 30884 25088 Trying CRM tasks endpoint: todos
INFO 2025-09-01 18:32:41,719 crm_comprehensive_views 30884 25088 Making CRM API request to: https://crm.deluxebilisim.com/api/todos
INFO 2025-09-01 18:32:42,686 crm_comprehensive_views 30884 25088 CRM API response status: 404
WARNING 2025-09-01 18:32:42,686 crm_comprehensive_views 30884 25088 CRM API endpoint not found: todos
INFO 2025-09-01 18:32:42,688 crm_comprehensive_views 30884 25088 Trying CRM tasks endpoint: assignments
INFO 2025-09-01 18:32:42,689 crm_comprehensive_views 30884 25088 Making CRM API request to: https://crm.deluxebilisim.com/api/assignments
INFO 2025-09-01 18:32:43,626 crm_comprehensive_views 30884 25088 CRM API response status: 404
WARNING 2025-09-01 18:32:43,627 crm_comprehensive_views 30884 25088 CRM API endpoint not found: assignments
INFO 2025-09-01 18:32:43,630 crm_comprehensive_views 30884 25088 Trying CRM tasks endpoint: work_items
INFO 2025-09-01 18:32:43,630 crm_comprehensive_views 30884 25088 Making CRM API request to: https://crm.deluxebilisim.com/api/work_items
INFO 2025-09-01 18:32:44,706 crm_comprehensive_views 30884 25088 CRM API response status: 404
WARNING 2025-09-01 18:32:44,706 crm_comprehensive_views 30884 25088 CRM API endpoint not found: work_items
INFO 2025-09-01 18:32:44,709 crm_comprehensive_views 30884 25088 Trying CRM tasks endpoint: tickets
INFO 2025-09-01 18:32:44,710 crm_comprehensive_views 30884 25088 Making CRM API request to: https://crm.deluxebilisim.com/api/tickets
INFO 2025-09-01 18:32:46,222 crm_comprehensive_views 30884 25088 CRM API response status: 404
WARNING 2025-09-01 18:32:46,222 crm_comprehensive_views 30884 25088 CRM API endpoint not found: tickets
WARNING 2025-09-01 18:32:46,225 crm_comprehensive_views 30884 25088 No tasks found in any CRM endpoint
INFO 2025-09-01 18:32:46,225 crm_comprehensive_views 30884 25088 Trying CRM summary endpoint: dashboard
INFO 2025-09-01 18:32:46,225 crm_comprehensive_views 30884 25088 Making CRM API request to: https://crm.deluxebilisim.com/api/dashboard
INFO 2025-09-01 18:32:47,307 crm_comprehensive_views 30884 25088 CRM API response status: 404
WARNING 2025-09-01 18:32:47,307 crm_comprehensive_views 30884 25088 CRM API endpoint not found: dashboard
INFO 2025-09-01 18:32:47,310 crm_comprehensive_views 30884 25088 Trying CRM summary endpoint: summary
INFO 2025-09-01 18:32:47,310 crm_comprehensive_views 30884 25088 Making CRM API request to: https://crm.deluxebilisim.com/api/summary
INFO 2025-09-01 18:32:48,323 crm_comprehensive_views 30884 25088 CRM API response status: 404
WARNING 2025-09-01 18:32:48,324 crm_comprehensive_views 30884 25088 CRM API endpoint not found: summary
INFO 2025-09-01 18:32:48,326 crm_comprehensive_views 30884 25088 Trying CRM summary endpoint: overview
INFO 2025-09-01 18:32:48,327 crm_comprehensive_views 30884 25088 Making CRM API request to: https://crm.deluxebilisim.com/api/overview
INFO 2025-09-01 18:32:49,387 crm_comprehensive_views 30884 25088 CRM API response status: 404
WARNING 2025-09-01 18:32:49,388 crm_comprehensive_views 30884 25088 CRM API endpoint not found: overview
INFO 2025-09-01 18:32:49,390 crm_comprehensive_views 30884 25088 Trying CRM summary endpoint: stats
INFO 2025-09-01 18:32:49,390 crm_comprehensive_views 30884 25088 Making CRM API request to: https://crm.deluxebilisim.com/api/stats
INFO 2025-09-01 18:32:50,491 crm_comprehensive_views 30884 25088 CRM API response status: 404
WARNING 2025-09-01 18:32:50,491 crm_comprehensive_views 30884 25088 CRM API endpoint not found: stats
INFO 2025-09-01 18:32:50,494 crm_comprehensive_views 30884 25088 Trying CRM summary endpoint: metrics
INFO 2025-09-01 18:32:50,494 crm_comprehensive_views 30884 25088 Making CRM API request to: https://crm.deluxebilisim.com/api/metrics
INFO 2025-09-01 18:32:51,636 crm_comprehensive_views 30884 25088 CRM API response status: 404
WARNING 2025-09-01 18:32:51,637 crm_comprehensive_views 30884 25088 CRM API endpoint not found: metrics
WARNING 2025-09-01 18:32:51,640 crm_comprehensive_views 30884 25088 No dashboard summary found in CRM
INFO 2025-09-01 18:32:51,641 crm_comprehensive_views 30884 25088 Fetching data from Database...
INFO 2025-09-01 18:32:51,649 crm_comprehensive_views 30884 25088 Using database employee count: 32
INFO 2025-09-01 18:32:51,651 crm_comprehensive_views 30884 25088 Data retrieved: 32 employees, 293 projects, 1570 tasks from Database + CRM
INFO 2025-09-01 18:32:51,653 crm_comprehensive_views 30884 25088 CRM comprehensive dashboard response prepared successfully
INFO 2025-09-01 18:32:51,654 middleware 30884 25088 Response: 200 for GET /api/dashboard/crm-comprehensive/
INFO 2025-09-01 18:32:51,656 basehttp 30884 25088 - Broken pipe from ('127.0.0.1', 63825)
INFO 2025-09-01 18:33:07,162 middleware 30884 29280 Request: GET /api/dashboard/crm-comprehensive/
INFO 2025-09-01 18:33:07,163 crm_comprehensive_views 30884 29280 Starting CRM comprehensive dashboard data retrieval...
INFO 2025-09-01 18:33:07,163 crm_comprehensive_views 30884 29280 Fetching data from CRM...
INFO 2025-09-01 18:33:07,164 crm_comprehensive_views 30884 29280 Trying CRM endpoint: employees
INFO 2025-09-01 18:33:07,164 crm_comprehensive_views 30884 29280 Making CRM API request to: https://crm.deluxebilisim.com/api/employees
INFO 2025-09-01 18:33:08,124 crm_comprehensive_views 30884 29280 CRM API response status: 404
WARNING 2025-09-01 18:33:08,125 crm_comprehensive_views 30884 29280 CRM API endpoint not found: employees
INFO 2025-09-01 18:33:08,127 crm_comprehensive_views 30884 29280 Trying CRM endpoint: users
INFO 2025-09-01 18:33:08,127 crm_comprehensive_views 30884 29280 Making CRM API request to: https://crm.deluxebilisim.com/api/users
INFO 2025-09-01 18:33:09,041 crm_comprehensive_views 30884 29280 CRM API response status: 404
WARNING 2025-09-01 18:33:09,042 crm_comprehensive_views 30884 29280 CRM API endpoint not found: users
INFO 2025-09-01 18:33:09,044 crm_comprehensive_views 30884 29280 Trying CRM endpoint: staff
INFO 2025-09-01 18:33:09,044 crm_comprehensive_views 30884 29280 Making CRM API request to: https://crm.deluxebilisim.com/api/staff
INFO 2025-09-01 18:33:09,981 crm_comprehensive_views 30884 29280 CRM API response status: 404
WARNING 2025-09-01 18:33:09,981 crm_comprehensive_views 30884 29280 CRM API endpoint not found: staff
INFO 2025-09-01 18:33:09,984 crm_comprehensive_views 30884 29280 Trying CRM endpoint: personnel
INFO 2025-09-01 18:33:09,984 crm_comprehensive_views 30884 29280 Making CRM API request to: https://crm.deluxebilisim.com/api/personnel
INFO 2025-09-01 18:33:10,951 crm_comprehensive_views 30884 29280 CRM API response status: 404
WARNING 2025-09-01 18:33:10,952 crm_comprehensive_views 30884 29280 CRM API endpoint not found: personnel
INFO 2025-09-01 18:33:10,954 crm_comprehensive_views 30884 29280 Trying CRM endpoint: team
INFO 2025-09-01 18:33:10,954 crm_comprehensive_views 30884 29280 Making CRM API request to: https://crm.deluxebilisim.com/api/team
INFO 2025-09-01 18:33:11,920 crm_comprehensive_views 30884 29280 CRM API response status: 404
WARNING 2025-09-01 18:33:11,921 crm_comprehensive_views 30884 29280 CRM API endpoint not found: team
INFO 2025-09-01 18:33:11,923 crm_comprehensive_views 30884 29280 Trying CRM endpoint: members
INFO 2025-09-01 18:33:11,923 crm_comprehensive_views 30884 29280 Making CRM API request to: https://crm.deluxebilisim.com/api/members
INFO 2025-09-01 18:33:12,878 crm_comprehensive_views 30884 29280 CRM API response status: 404
WARNING 2025-09-01 18:33:12,878 crm_comprehensive_views 30884 29280 CRM API endpoint not found: members
WARNING 2025-09-01 18:33:12,880 crm_comprehensive_views 30884 29280 No employees found in any CRM endpoint
INFO 2025-09-01 18:33:12,881 crm_comprehensive_views 30884 29280 Trying CRM projects endpoint: projects
INFO 2025-09-01 18:33:12,881 crm_comprehensive_views 30884 29280 Making CRM API request to: https://crm.deluxebilisim.com/api/projects
INFO 2025-09-01 18:33:13,855 crm_comprehensive_views 30884 29280 CRM API response status: 404
WARNING 2025-09-01 18:33:13,855 crm_comprehensive_views 30884 29280 CRM API endpoint not found: projects
INFO 2025-09-01 18:33:13,857 crm_comprehensive_views 30884 29280 Trying CRM projects endpoint: deals
INFO 2025-09-01 18:33:13,858 crm_comprehensive_views 30884 29280 Making CRM API request to: https://crm.deluxebilisim.com/api/deals
INFO 2025-09-01 18:33:14,979 crm_comprehensive_views 30884 29280 CRM API response status: 404
WARNING 2025-09-01 18:33:14,980 crm_comprehensive_views 30884 29280 CRM API endpoint not found: deals
INFO 2025-09-01 18:33:14,982 crm_comprehensive_views 30884 29280 Trying CRM projects endpoint: opportunities
INFO 2025-09-01 18:33:14,983 crm_comprehensive_views 30884 29280 Making CRM API request to: https://crm.deluxebilisim.com/api/opportunities
INFO 2025-09-01 18:33:15,911 crm_comprehensive_views 30884 29280 CRM API response status: 404
WARNING 2025-09-01 18:33:15,911 crm_comprehensive_views 30884 29280 CRM API endpoint not found: opportunities
INFO 2025-09-01 18:33:15,913 crm_comprehensive_views 30884 29280 Trying CRM projects endpoint: cases
INFO 2025-09-01 18:33:15,913 crm_comprehensive_views 30884 29280 Making CRM API request to: https://crm.deluxebilisim.com/api/cases
INFO 2025-09-01 18:33:16,884 crm_comprehensive_views 30884 29280 CRM API response status: 404
WARNING 2025-09-01 18:33:16,884 crm_comprehensive_views 30884 29280 CRM API endpoint not found: cases
INFO 2025-09-01 18:33:16,886 crm_comprehensive_views 30884 29280 Trying CRM projects endpoint: workspaces
INFO 2025-09-01 18:33:16,886 crm_comprehensive_views 30884 29280 Making CRM API request to: https://crm.deluxebilisim.com/api/workspaces
INFO 2025-09-01 18:33:17,832 crm_comprehensive_views 30884 29280 CRM API response status: 404
WARNING 2025-09-01 18:33:17,833 crm_comprehensive_views 30884 29280 CRM API endpoint not found: workspaces
INFO 2025-09-01 18:33:17,835 crm_comprehensive_views 30884 29280 Trying CRM projects endpoint: campaigns
INFO 2025-09-01 18:33:17,835 crm_comprehensive_views 30884 29280 Making CRM API request to: https://crm.deluxebilisim.com/api/campaigns
INFO 2025-09-01 18:33:18,822 crm_comprehensive_views 30884 29280 CRM API response status: 404
WARNING 2025-09-01 18:33:18,822 crm_comprehensive_views 30884 29280 CRM API endpoint not found: campaigns
WARNING 2025-09-01 18:33:18,824 crm_comprehensive_views 30884 29280 No projects found in any CRM endpoint
INFO 2025-09-01 18:33:18,825 crm_comprehensive_views 30884 29280 Trying CRM tasks endpoint: tasks
INFO 2025-09-01 18:33:18,825 crm_comprehensive_views 30884 29280 Making CRM API request to: https://crm.deluxebilisim.com/api/tasks
INFO 2025-09-01 18:33:19,790 crm_comprehensive_views 30884 29280 CRM API response status: 404
WARNING 2025-09-01 18:33:19,791 crm_comprehensive_views 30884 29280 CRM API endpoint not found: tasks
INFO 2025-09-01 18:33:19,793 crm_comprehensive_views 30884 29280 Trying CRM tasks endpoint: activities
INFO 2025-09-01 18:33:19,793 crm_comprehensive_views 30884 29280 Making CRM API request to: https://crm.deluxebilisim.com/api/activities
INFO 2025-09-01 18:33:20,787 crm_comprehensive_views 30884 29280 CRM API response status: 404
WARNING 2025-09-01 18:33:20,788 crm_comprehensive_views 30884 29280 CRM API endpoint not found: activities
INFO 2025-09-01 18:33:20,790 crm_comprehensive_views 30884 29280 Trying CRM tasks endpoint: todos
INFO 2025-09-01 18:33:20,790 crm_comprehensive_views 30884 29280 Making CRM API request to: https://crm.deluxebilisim.com/api/todos
INFO 2025-09-01 18:33:21,714 crm_comprehensive_views 30884 29280 CRM API response status: 404
WARNING 2025-09-01 18:33:21,714 crm_comprehensive_views 30884 29280 CRM API endpoint not found: todos
INFO 2025-09-01 18:33:21,718 crm_comprehensive_views 30884 29280 Trying CRM tasks endpoint: assignments
INFO 2025-09-01 18:33:21,719 crm_comprehensive_views 30884 29280 Making CRM API request to: https://crm.deluxebilisim.com/api/assignments
INFO 2025-09-01 18:33:22,653 crm_comprehensive_views 30884 29280 CRM API response status: 404
WARNING 2025-09-01 18:33:22,653 crm_comprehensive_views 30884 29280 CRM API endpoint not found: assignments
INFO 2025-09-01 18:33:22,655 crm_comprehensive_views 30884 29280 Trying CRM tasks endpoint: work_items
INFO 2025-09-01 18:33:22,656 crm_comprehensive_views 30884 29280 Making CRM API request to: https://crm.deluxebilisim.com/api/work_items
INFO 2025-09-01 18:33:23,928 crm_comprehensive_views 30884 29280 CRM API response status: 404
WARNING 2025-09-01 18:33:23,928 crm_comprehensive_views 30884 29280 CRM API endpoint not found: work_items
INFO 2025-09-01 18:33:23,930 crm_comprehensive_views 30884 29280 Trying CRM tasks endpoint: tickets
INFO 2025-09-01 18:33:23,930 crm_comprehensive_views 30884 29280 Making CRM API request to: https://crm.deluxebilisim.com/api/tickets
INFO 2025-09-01 18:33:25,273 crm_comprehensive_views 30884 29280 CRM API response status: 404
WARNING 2025-09-01 18:33:25,273 crm_comprehensive_views 30884 29280 CRM API endpoint not found: tickets
WARNING 2025-09-01 18:33:25,275 crm_comprehensive_views 30884 29280 No tasks found in any CRM endpoint
INFO 2025-09-01 18:33:25,276 crm_comprehensive_views 30884 29280 Trying CRM summary endpoint: dashboard
INFO 2025-09-01 18:33:25,276 crm_comprehensive_views 30884 29280 Making CRM API request to: https://crm.deluxebilisim.com/api/dashboard
INFO 2025-09-01 18:33:26,848 crm_comprehensive_views 30884 29280 CRM API response status: 404
WARNING 2025-09-01 18:33:26,849 crm_comprehensive_views 30884 29280 CRM API endpoint not found: dashboard
INFO 2025-09-01 18:33:26,852 crm_comprehensive_views 30884 29280 Trying CRM summary endpoint: summary
INFO 2025-09-01 18:33:26,852 crm_comprehensive_views 30884 29280 Making CRM API request to: https://crm.deluxebilisim.com/api/summary
INFO 2025-09-01 18:33:28,111 crm_comprehensive_views 30884 29280 CRM API response status: 404
WARNING 2025-09-01 18:33:28,111 crm_comprehensive_views 30884 29280 CRM API endpoint not found: summary
INFO 2025-09-01 18:33:28,113 crm_comprehensive_views 30884 29280 Trying CRM summary endpoint: overview
INFO 2025-09-01 18:33:28,114 crm_comprehensive_views 30884 29280 Making CRM API request to: https://crm.deluxebilisim.com/api/overview
INFO 2025-09-01 18:33:29,243 crm_comprehensive_views 30884 29280 CRM API response status: 404
WARNING 2025-09-01 18:33:29,243 crm_comprehensive_views 30884 29280 CRM API endpoint not found: overview
INFO 2025-09-01 18:33:29,246 crm_comprehensive_views 30884 29280 Trying CRM summary endpoint: stats
INFO 2025-09-01 18:33:29,246 crm_comprehensive_views 30884 29280 Making CRM API request to: https://crm.deluxebilisim.com/api/stats
INFO 2025-09-01 18:33:30,225 crm_comprehensive_views 30884 29280 CRM API response status: 404
WARNING 2025-09-01 18:33:30,225 crm_comprehensive_views 30884 29280 CRM API endpoint not found: stats
INFO 2025-09-01 18:33:30,227 crm_comprehensive_views 30884 29280 Trying CRM summary endpoint: metrics
INFO 2025-09-01 18:33:30,228 crm_comprehensive_views 30884 29280 Making CRM API request to: https://crm.deluxebilisim.com/api/metrics
INFO 2025-09-01 18:33:31,152 crm_comprehensive_views 30884 29280 CRM API response status: 404
WARNING 2025-09-01 18:33:31,152 crm_comprehensive_views 30884 29280 CRM API endpoint not found: metrics
WARNING 2025-09-01 18:33:31,154 crm_comprehensive_views 30884 29280 No dashboard summary found in CRM
INFO 2025-09-01 18:33:31,155 crm_comprehensive_views 30884 29280 Fetching data from Database...
INFO 2025-09-01 18:33:31,159 crm_comprehensive_views 30884 29280 Using database employee count: 32
INFO 2025-09-01 18:33:31,159 crm_comprehensive_views 30884 29280 Data retrieved: 32 employees, 293 projects, 1570 tasks from Database + CRM
INFO 2025-09-01 18:33:31,160 crm_comprehensive_views 30884 29280 CRM comprehensive dashboard response prepared successfully
INFO 2025-09-01 18:33:31,160 middleware 30884 29280 Response: 200 for GET /api/dashboard/crm-comprehensive/
INFO 2025-09-01 18:33:31,161 basehttp 30884 29280 "GET /api/dashboard/crm-comprehensive/ HTTP/1.1" 200 1850
INFO 2025-09-01 18:33:39,382 middleware 30884 16928 Request: GET /api/dashboard/crm-comprehensive/
INFO 2025-09-01 18:33:39,383 crm_comprehensive_views 30884 16928 Starting CRM comprehensive dashboard data retrieval...
INFO 2025-09-01 18:33:39,383 crm_comprehensive_views 30884 16928 Fetching data from CRM...
INFO 2025-09-01 18:33:39,383 crm_comprehensive_views 30884 16928 Trying CRM endpoint: employees
INFO 2025-09-01 18:33:39,384 crm_comprehensive_views 30884 16928 Making CRM API request to: https://crm.deluxebilisim.com/api/employees
INFO 2025-09-01 18:33:40,335 crm_comprehensive_views 30884 16928 CRM API response status: 404
WARNING 2025-09-01 18:33:40,335 crm_comprehensive_views 30884 16928 CRM API endpoint not found: employees
INFO 2025-09-01 18:33:40,337 crm_comprehensive_views 30884 16928 Trying CRM endpoint: users
INFO 2025-09-01 18:33:40,337 crm_comprehensive_views 30884 16928 Making CRM API request to: https://crm.deluxebilisim.com/api/users
INFO 2025-09-01 18:33:41,285 crm_comprehensive_views 30884 16928 CRM API response status: 404
WARNING 2025-09-01 18:33:41,286 crm_comprehensive_views 30884 16928 CRM API endpoint not found: users
INFO 2025-09-01 18:33:41,289 crm_comprehensive_views 30884 16928 Trying CRM endpoint: staff
INFO 2025-09-01 18:33:41,289 crm_comprehensive_views 30884 16928 Making CRM API request to: https://crm.deluxebilisim.com/api/staff
INFO 2025-09-01 18:33:42,257 crm_comprehensive_views 30884 16928 CRM API response status: 404
WARNING 2025-09-01 18:33:42,257 crm_comprehensive_views 30884 16928 CRM API endpoint not found: staff
INFO 2025-09-01 18:33:42,259 crm_comprehensive_views 30884 16928 Trying CRM endpoint: personnel
INFO 2025-09-01 18:33:42,260 crm_comprehensive_views 30884 16928 Making CRM API request to: https://crm.deluxebilisim.com/api/personnel
INFO 2025-09-01 18:33:43,225 crm_comprehensive_views 30884 16928 CRM API response status: 404
WARNING 2025-09-01 18:33:43,226 crm_comprehensive_views 30884 16928 CRM API endpoint not found: personnel
INFO 2025-09-01 18:33:43,229 crm_comprehensive_views 30884 16928 Trying CRM endpoint: team
INFO 2025-09-01 18:33:43,230 crm_comprehensive_views 30884 16928 Making CRM API request to: https://crm.deluxebilisim.com/api/team
INFO 2025-09-01 18:33:44,188 crm_comprehensive_views 30884 16928 CRM API response status: 404
WARNING 2025-09-01 18:33:44,188 crm_comprehensive_views 30884 16928 CRM API endpoint not found: team
INFO 2025-09-01 18:33:44,190 crm_comprehensive_views 30884 16928 Trying CRM endpoint: members
INFO 2025-09-01 18:33:44,190 crm_comprehensive_views 30884 16928 Making CRM API request to: https://crm.deluxebilisim.com/api/members
INFO 2025-09-01 18:33:45,308 crm_comprehensive_views 30884 16928 CRM API response status: 404
WARNING 2025-09-01 18:33:45,309 crm_comprehensive_views 30884 16928 CRM API endpoint not found: members
WARNING 2025-09-01 18:33:45,311 crm_comprehensive_views 30884 16928 No employees found in any CRM endpoint
INFO 2025-09-01 18:33:45,311 crm_comprehensive_views 30884 16928 Trying CRM projects endpoint: projects
INFO 2025-09-01 18:33:45,311 crm_comprehensive_views 30884 16928 Making CRM API request to: https://crm.deluxebilisim.com/api/projects
INFO 2025-09-01 18:33:46,308 crm_comprehensive_views 30884 16928 CRM API response status: 404
WARNING 2025-09-01 18:33:46,309 crm_comprehensive_views 30884 16928 CRM API endpoint not found: projects
INFO 2025-09-01 18:33:46,311 crm_comprehensive_views 30884 16928 Trying CRM projects endpoint: deals
INFO 2025-09-01 18:33:46,311 crm_comprehensive_views 30884 16928 Making CRM API request to: https://crm.deluxebilisim.com/api/deals
INFO 2025-09-01 18:33:47,245 crm_comprehensive_views 30884 16928 CRM API response status: 404
WARNING 2025-09-01 18:33:47,245 crm_comprehensive_views 30884 16928 CRM API endpoint not found: deals
INFO 2025-09-01 18:33:47,248 crm_comprehensive_views 30884 16928 Trying CRM projects endpoint: opportunities
INFO 2025-09-01 18:33:47,249 crm_comprehensive_views 30884 16928 Making CRM API request to: https://crm.deluxebilisim.com/api/opportunities
INFO 2025-09-01 18:33:48,161 crm_comprehensive_views 30884 16928 CRM API response status: 404
WARNING 2025-09-01 18:33:48,161 crm_comprehensive_views 30884 16928 CRM API endpoint not found: opportunities
INFO 2025-09-01 18:33:48,164 crm_comprehensive_views 30884 16928 Trying CRM projects endpoint: cases
INFO 2025-09-01 18:33:48,164 crm_comprehensive_views 30884 16928 Making CRM API request to: https://crm.deluxebilisim.com/api/cases
INFO 2025-09-01 18:33:49,111 crm_comprehensive_views 30884 16928 CRM API response status: 404
WARNING 2025-09-01 18:33:49,111 crm_comprehensive_views 30884 16928 CRM API endpoint not found: cases
INFO 2025-09-01 18:33:49,113 crm_comprehensive_views 30884 16928 Trying CRM projects endpoint: workspaces
INFO 2025-09-01 18:33:49,114 crm_comprehensive_views 30884 16928 Making CRM API request to: https://crm.deluxebilisim.com/api/workspaces
INFO 2025-09-01 18:33:50,246 crm_comprehensive_views 30884 16928 CRM API response status: 404
WARNING 2025-09-01 18:33:50,246 crm_comprehensive_views 30884 16928 CRM API endpoint not found: workspaces
INFO 2025-09-01 18:33:50,249 crm_comprehensive_views 30884 16928 Trying CRM projects endpoint: campaigns
INFO 2025-09-01 18:33:50,249 crm_comprehensive_views 30884 16928 Making CRM API request to: https://crm.deluxebilisim.com/api/campaigns
INFO 2025-09-01 18:33:51,239 crm_comprehensive_views 30884 16928 CRM API response status: 404
WARNING 2025-09-01 18:33:51,239 crm_comprehensive_views 30884 16928 CRM API endpoint not found: campaigns
WARNING 2025-09-01 18:33:51,242 crm_comprehensive_views 30884 16928 No projects found in any CRM endpoint
INFO 2025-09-01 18:33:51,242 crm_comprehensive_views 30884 16928 Trying CRM tasks endpoint: tasks
INFO 2025-09-01 18:33:51,242 crm_comprehensive_views 30884 16928 Making CRM API request to: https://crm.deluxebilisim.com/api/tasks
INFO 2025-09-01 18:33:52,211 crm_comprehensive_views 30884 16928 CRM API response status: 404
WARNING 2025-09-01 18:33:52,212 crm_comprehensive_views 30884 16928 CRM API endpoint not found: tasks
INFO 2025-09-01 18:33:52,214 crm_comprehensive_views 30884 16928 Trying CRM tasks endpoint: activities
INFO 2025-09-01 18:33:52,214 crm_comprehensive_views 30884 16928 Making CRM API request to: https://crm.deluxebilisim.com/api/activities
INFO 2025-09-01 18:33:53,183 crm_comprehensive_views 30884 16928 CRM API response status: 404
WARNING 2025-09-01 18:33:53,183 crm_comprehensive_views 30884 16928 CRM API endpoint not found: activities
INFO 2025-09-01 18:33:53,186 crm_comprehensive_views 30884 16928 Trying CRM tasks endpoint: todos
INFO 2025-09-01 18:33:53,186 crm_comprehensive_views 30884 16928 Making CRM API request to: https://crm.deluxebilisim.com/api/todos
INFO 2025-09-01 18:33:54,184 crm_comprehensive_views 30884 16928 CRM API response status: 404
WARNING 2025-09-01 18:33:54,185 crm_comprehensive_views 30884 16928 CRM API endpoint not found: todos
INFO 2025-09-01 18:33:54,187 crm_comprehensive_views 30884 16928 Trying CRM tasks endpoint: assignments
INFO 2025-09-01 18:33:54,187 crm_comprehensive_views 30884 16928 Making CRM API request to: https://crm.deluxebilisim.com/api/assignments
INFO 2025-09-01 18:33:55,154 crm_comprehensive_views 30884 16928 CRM API response status: 404
WARNING 2025-09-01 18:33:55,155 crm_comprehensive_views 30884 16928 CRM API endpoint not found: assignments
INFO 2025-09-01 18:33:55,158 crm_comprehensive_views 30884 16928 Trying CRM tasks endpoint: work_items
INFO 2025-09-01 18:33:55,158 crm_comprehensive_views 30884 16928 Making CRM API request to: https://crm.deluxebilisim.com/api/work_items
INFO 2025-09-01 18:33:56,184 crm_comprehensive_views 30884 16928 CRM API response status: 404
WARNING 2025-09-01 18:33:56,185 crm_comprehensive_views 30884 16928 CRM API endpoint not found: work_items
INFO 2025-09-01 18:33:56,187 crm_comprehensive_views 30884 16928 Trying CRM tasks endpoint: tickets
INFO 2025-09-01 18:33:56,187 crm_comprehensive_views 30884 16928 Making CRM API request to: https://crm.deluxebilisim.com/api/tickets
INFO 2025-09-01 18:33:57,158 crm_comprehensive_views 30884 16928 CRM API response status: 404
WARNING 2025-09-01 18:33:57,158 crm_comprehensive_views 30884 16928 CRM API endpoint not found: tickets
WARNING 2025-09-01 18:33:57,160 crm_comprehensive_views 30884 16928 No tasks found in any CRM endpoint
INFO 2025-09-01 18:33:57,161 crm_comprehensive_views 30884 16928 Trying CRM summary endpoint: dashboard
INFO 2025-09-01 18:33:57,161 crm_comprehensive_views 30884 16928 Making CRM API request to: https://crm.deluxebilisim.com/api/dashboard
INFO 2025-09-01 18:33:58,123 crm_comprehensive_views 30884 16928 CRM API response status: 404
WARNING 2025-09-01 18:33:58,123 crm_comprehensive_views 30884 16928 CRM API endpoint not found: dashboard
INFO 2025-09-01 18:33:58,125 crm_comprehensive_views 30884 16928 Trying CRM summary endpoint: summary
INFO 2025-09-01 18:33:58,126 crm_comprehensive_views 30884 16928 Making CRM API request to: https://crm.deluxebilisim.com/api/summary
INFO 2025-09-01 18:33:59,134 crm_comprehensive_views 30884 16928 CRM API response status: 404
WARNING 2025-09-01 18:33:59,134 crm_comprehensive_views 30884 16928 CRM API endpoint not found: summary
INFO 2025-09-01 18:33:59,137 crm_comprehensive_views 30884 16928 Trying CRM summary endpoint: overview
INFO 2025-09-01 18:33:59,138 crm_comprehensive_views 30884 16928 Making CRM API request to: https://crm.deluxebilisim.com/api/overview
INFO 2025-09-01 18:34:00,114 crm_comprehensive_views 30884 16928 CRM API response status: 404
WARNING 2025-09-01 18:34:00,115 crm_comprehensive_views 30884 16928 CRM API endpoint not found: overview
INFO 2025-09-01 18:34:00,117 crm_comprehensive_views 30884 16928 Trying CRM summary endpoint: stats
INFO 2025-09-01 18:34:00,118 crm_comprehensive_views 30884 16928 Making CRM API request to: https://crm.deluxebilisim.com/api/stats
INFO 2025-09-01 18:34:01,121 crm_comprehensive_views 30884 16928 CRM API response status: 404
WARNING 2025-09-01 18:34:01,122 crm_comprehensive_views 30884 16928 CRM API endpoint not found: stats
INFO 2025-09-01 18:34:01,125 crm_comprehensive_views 30884 16928 Trying CRM summary endpoint: metrics
INFO 2025-09-01 18:34:01,126 crm_comprehensive_views 30884 16928 Making CRM API request to: https://crm.deluxebilisim.com/api/metrics
INFO 2025-09-01 18:34:02,200 crm_comprehensive_views 30884 16928 CRM API response status: 404
WARNING 2025-09-01 18:34:02,200 crm_comprehensive_views 30884 16928 CRM API endpoint not found: metrics
WARNING 2025-09-01 18:34:02,202 crm_comprehensive_views 30884 16928 No dashboard summary found in CRM
INFO 2025-09-01 18:34:02,203 crm_comprehensive_views 30884 16928 Fetching data from Database...
INFO 2025-09-01 18:34:02,207 crm_comprehensive_views 30884 16928 Using database employee count: 32
INFO 2025-09-01 18:34:02,208 crm_comprehensive_views 30884 16928 Data retrieved: 32 employees, 293 projects, 1570 tasks from Database + CRM
INFO 2025-09-01 18:34:02,208 crm_comprehensive_views 30884 16928 CRM comprehensive dashboard response prepared successfully
INFO 2025-09-01 18:34:02,209 middleware 30884 16928 Response: 200 for GET /api/dashboard/crm-comprehensive/
INFO 2025-09-01 18:34:02,210 basehttp 30884 16928 - Broken pipe from ('127.0.0.1', 63898)
INFO 2025-09-01 18:34:30,146 middleware 30884 30220 Request: GET /api/dashboard/crm-comprehensive/
INFO 2025-09-01 18:34:30,146 crm_comprehensive_views 30884 30220 Starting CRM comprehensive dashboard data retrieval...
INFO 2025-09-01 18:34:30,147 crm_comprehensive_views 30884 30220 Fetching data from CRM...
INFO 2025-09-01 18:34:30,147 crm_comprehensive_views 30884 30220 Trying CRM endpoint: employees
INFO 2025-09-01 18:34:30,147 crm_comprehensive_views 30884 30220 Making CRM API request to: https://crm.deluxebilisim.com/api/employees
INFO 2025-09-01 18:34:31,547 crm_comprehensive_views 30884 30220 CRM API response status: 404
WARNING 2025-09-01 18:34:31,548 crm_comprehensive_views 30884 30220 CRM API endpoint not found: employees
INFO 2025-09-01 18:34:31,550 crm_comprehensive_views 30884 30220 Trying CRM endpoint: users
INFO 2025-09-01 18:34:31,551 crm_comprehensive_views 30884 30220 Making CRM API request to: https://crm.deluxebilisim.com/api/users
INFO 2025-09-01 18:34:32,597 crm_comprehensive_views 30884 30220 CRM API response status: 404
WARNING 2025-09-01 18:34:32,597 crm_comprehensive_views 30884 30220 CRM API endpoint not found: users
INFO 2025-09-01 18:34:32,600 crm_comprehensive_views 30884 30220 Trying CRM endpoint: staff
INFO 2025-09-01 18:34:32,600 crm_comprehensive_views 30884 30220 Making CRM API request to: https://crm.deluxebilisim.com/api/staff
INFO 2025-09-01 18:34:33,543 crm_comprehensive_views 30884 30220 CRM API response status: 404
WARNING 2025-09-01 18:34:33,544 crm_comprehensive_views 30884 30220 CRM API endpoint not found: staff
INFO 2025-09-01 18:34:33,546 crm_comprehensive_views 30884 30220 Trying CRM endpoint: personnel
INFO 2025-09-01 18:34:33,546 crm_comprehensive_views 30884 30220 Making CRM API request to: https://crm.deluxebilisim.com/api/personnel
INFO 2025-09-01 18:34:34,520 crm_comprehensive_views 30884 30220 CRM API response status: 404
WARNING 2025-09-01 18:34:34,521 crm_comprehensive_views 30884 30220 CRM API endpoint not found: personnel
INFO 2025-09-01 18:34:34,523 crm_comprehensive_views 30884 30220 Trying CRM endpoint: team
INFO 2025-09-01 18:34:34,523 crm_comprehensive_views 30884 30220 Making CRM API request to: https://crm.deluxebilisim.com/api/team
INFO 2025-09-01 18:34:35,484 crm_comprehensive_views 30884 30220 CRM API response status: 404
WARNING 2025-09-01 18:34:35,485 crm_comprehensive_views 30884 30220 CRM API endpoint not found: team
INFO 2025-09-01 18:34:35,487 crm_comprehensive_views 30884 30220 Trying CRM endpoint: members
INFO 2025-09-01 18:34:35,488 crm_comprehensive_views 30884 30220 Making CRM API request to: https://crm.deluxebilisim.com/api/members
INFO 2025-09-01 18:34:36,509 crm_comprehensive_views 30884 30220 CRM API response status: 404
WARNING 2025-09-01 18:34:36,510 crm_comprehensive_views 30884 30220 CRM API endpoint not found: members
WARNING 2025-09-01 18:34:36,512 crm_comprehensive_views 30884 30220 No employees found in any CRM endpoint
INFO 2025-09-01 18:34:36,512 crm_comprehensive_views 30884 30220 Trying CRM projects endpoint: projects
INFO 2025-09-01 18:34:36,512 crm_comprehensive_views 30884 30220 Making CRM API request to: https://crm.deluxebilisim.com/api/projects
INFO 2025-09-01 18:34:37,562 crm_comprehensive_views 30884 30220 CRM API response status: 404
WARNING 2025-09-01 18:34:37,562 crm_comprehensive_views 30884 30220 CRM API endpoint not found: projects
INFO 2025-09-01 18:34:37,564 crm_comprehensive_views 30884 30220 Trying CRM projects endpoint: deals
INFO 2025-09-01 18:34:37,564 crm_comprehensive_views 30884 30220 Making CRM API request to: https://crm.deluxebilisim.com/api/deals
INFO 2025-09-01 18:34:38,580 crm_comprehensive_views 30884 30220 CRM API response status: 404
WARNING 2025-09-01 18:34:38,580 crm_comprehensive_views 30884 30220 CRM API endpoint not found: deals
INFO 2025-09-01 18:34:38,583 crm_comprehensive_views 30884 30220 Trying CRM projects endpoint: opportunities
INFO 2025-09-01 18:34:38,583 crm_comprehensive_views 30884 30220 Making CRM API request to: https://crm.deluxebilisim.com/api/opportunities
INFO 2025-09-01 18:34:39,600 crm_comprehensive_views 30884 30220 CRM API response status: 404
WARNING 2025-09-01 18:34:39,601 crm_comprehensive_views 30884 30220 CRM API endpoint not found: opportunities
INFO 2025-09-01 18:34:39,604 crm_comprehensive_views 30884 30220 Trying CRM projects endpoint: cases
INFO 2025-09-01 18:34:39,605 crm_comprehensive_views 30884 30220 Making CRM API request to: https://crm.deluxebilisim.com/api/cases
INFO 2025-09-01 18:34:40,667 crm_comprehensive_views 30884 30220 CRM API response status: 404
WARNING 2025-09-01 18:34:40,668 crm_comprehensive_views 30884 30220 CRM API endpoint not found: cases
INFO 2025-09-01 18:34:40,671 crm_comprehensive_views 30884 30220 Trying CRM projects endpoint: workspaces
INFO 2025-09-01 18:34:40,671 crm_comprehensive_views 30884 30220 Making CRM API request to: https://crm.deluxebilisim.com/api/workspaces
INFO 2025-09-01 18:34:41,598 crm_comprehensive_views 30884 30220 CRM API response status: 404
WARNING 2025-09-01 18:34:41,599 crm_comprehensive_views 30884 30220 CRM API endpoint not found: workspaces
INFO 2025-09-01 18:34:41,601 crm_comprehensive_views 30884 30220 Trying CRM projects endpoint: campaigns
INFO 2025-09-01 18:34:41,602 crm_comprehensive_views 30884 30220 Making CRM API request to: https://crm.deluxebilisim.com/api/campaigns
INFO 2025-09-01 18:34:42,575 crm_comprehensive_views 30884 30220 CRM API response status: 404
WARNING 2025-09-01 18:34:42,576 crm_comprehensive_views 30884 30220 CRM API endpoint not found: campaigns
WARNING 2025-09-01 18:34:42,578 crm_comprehensive_views 30884 30220 No projects found in any CRM endpoint
INFO 2025-09-01 18:34:42,578 crm_comprehensive_views 30884 30220 Trying CRM tasks endpoint: tasks
INFO 2025-09-01 18:34:42,578 crm_comprehensive_views 30884 30220 Making CRM API request to: https://crm.deluxebilisim.com/api/tasks
INFO 2025-09-01 18:34:43,643 crm_comprehensive_views 30884 30220 CRM API response status: 404
WARNING 2025-09-01 18:34:43,644 crm_comprehensive_views 30884 30220 CRM API endpoint not found: tasks
INFO 2025-09-01 18:34:43,646 crm_comprehensive_views 30884 30220 Trying CRM tasks endpoint: activities
INFO 2025-09-01 18:34:43,646 crm_comprehensive_views 30884 30220 Making CRM API request to: https://crm.deluxebilisim.com/api/activities
INFO 2025-09-01 18:34:44,671 crm_comprehensive_views 30884 30220 CRM API response status: 404
WARNING 2025-09-01 18:34:44,672 crm_comprehensive_views 30884 30220 CRM API endpoint not found: activities
INFO 2025-09-01 18:34:44,674 crm_comprehensive_views 30884 30220 Trying CRM tasks endpoint: todos
INFO 2025-09-01 18:34:44,674 crm_comprehensive_views 30884 30220 Making CRM API request to: https://crm.deluxebilisim.com/api/todos
INFO 2025-09-01 18:34:45,636 crm_comprehensive_views 30884 30220 CRM API response status: 404
WARNING 2025-09-01 18:34:45,636 crm_comprehensive_views 30884 30220 CRM API endpoint not found: todos
INFO 2025-09-01 18:34:45,639 crm_comprehensive_views 30884 30220 Trying CRM tasks endpoint: assignments
INFO 2025-09-01 18:34:45,639 crm_comprehensive_views 30884 30220 Making CRM API request to: https://crm.deluxebilisim.com/api/assignments
INFO 2025-09-01 18:34:46,596 crm_comprehensive_views 30884 30220 CRM API response status: 404
WARNING 2025-09-01 18:34:46,597 crm_comprehensive_views 30884 30220 CRM API endpoint not found: assignments
INFO 2025-09-01 18:34:46,599 crm_comprehensive_views 30884 30220 Trying CRM tasks endpoint: work_items
INFO 2025-09-01 18:34:46,600 crm_comprehensive_views 30884 30220 Making CRM API request to: https://crm.deluxebilisim.com/api/work_items
INFO 2025-09-01 18:34:47,556 crm_comprehensive_views 30884 30220 CRM API response status: 404
WARNING 2025-09-01 18:34:47,557 crm_comprehensive_views 30884 30220 CRM API endpoint not found: work_items
INFO 2025-09-01 18:34:47,559 crm_comprehensive_views 30884 30220 Trying CRM tasks endpoint: tickets
INFO 2025-09-01 18:34:47,559 crm_comprehensive_views 30884 30220 Making CRM API request to: https://crm.deluxebilisim.com/api/tickets
INFO 2025-09-01 18:34:48,591 crm_comprehensive_views 30884 30220 CRM API response status: 404
WARNING 2025-09-01 18:34:48,591 crm_comprehensive_views 30884 30220 CRM API endpoint not found: tickets
WARNING 2025-09-01 18:34:48,593 crm_comprehensive_views 30884 30220 No tasks found in any CRM endpoint
INFO 2025-09-01 18:34:48,594 crm_comprehensive_views 30884 30220 Trying CRM summary endpoint: dashboard
INFO 2025-09-01 18:34:48,594 crm_comprehensive_views 30884 30220 Making CRM API request to: https://crm.deluxebilisim.com/api/dashboard
INFO 2025-09-01 18:34:49,582 crm_comprehensive_views 30884 30220 CRM API response status: 404
WARNING 2025-09-01 18:34:49,582 crm_comprehensive_views 30884 30220 CRM API endpoint not found: dashboard
INFO 2025-09-01 18:34:49,584 crm_comprehensive_views 30884 30220 Trying CRM summary endpoint: summary
INFO 2025-09-01 18:34:49,585 crm_comprehensive_views 30884 30220 Making CRM API request to: https://crm.deluxebilisim.com/api/summary
INFO 2025-09-01 18:34:50,560 crm_comprehensive_views 30884 30220 CRM API response status: 404
WARNING 2025-09-01 18:34:50,560 crm_comprehensive_views 30884 30220 CRM API endpoint not found: summary
INFO 2025-09-01 18:34:50,562 crm_comprehensive_views 30884 30220 Trying CRM summary endpoint: overview
INFO 2025-09-01 18:34:50,562 crm_comprehensive_views 30884 30220 Making CRM API request to: https://crm.deluxebilisim.com/api/overview
INFO 2025-09-01 18:34:51,671 crm_comprehensive_views 30884 30220 CRM API response status: 404
WARNING 2025-09-01 18:34:51,671 crm_comprehensive_views 30884 30220 CRM API endpoint not found: overview
INFO 2025-09-01 18:34:51,673 crm_comprehensive_views 30884 30220 Trying CRM summary endpoint: stats
INFO 2025-09-01 18:34:51,673 crm_comprehensive_views 30884 30220 Making CRM API request to: https://crm.deluxebilisim.com/api/stats
INFO 2025-09-01 18:34:52,664 crm_comprehensive_views 30884 30220 CRM API response status: 404
WARNING 2025-09-01 18:34:52,664 crm_comprehensive_views 30884 30220 CRM API endpoint not found: stats
INFO 2025-09-01 18:34:52,667 crm_comprehensive_views 30884 30220 Trying CRM summary endpoint: metrics
INFO 2025-09-01 18:34:52,667 crm_comprehensive_views 30884 30220 Making CRM API request to: https://crm.deluxebilisim.com/api/metrics
INFO 2025-09-01 18:34:53,661 crm_comprehensive_views 30884 30220 CRM API response status: 404
WARNING 2025-09-01 18:34:53,661 crm_comprehensive_views 30884 30220 CRM API endpoint not found: metrics
WARNING 2025-09-01 18:34:53,663 crm_comprehensive_views 30884 30220 No dashboard summary found in CRM
INFO 2025-09-01 18:34:53,663 crm_comprehensive_views 30884 30220 Fetching data from Database...
INFO 2025-09-01 18:34:53,668 crm_comprehensive_views 30884 30220 Using database employee count: 32
INFO 2025-09-01 18:34:53,669 crm_comprehensive_views 30884 30220 Data retrieved: 32 employees, 293 projects, 1570 tasks from Database + CRM
INFO 2025-09-01 18:34:53,669 crm_comprehensive_views 30884 30220 CRM comprehensive dashboard response prepared successfully
INFO 2025-09-01 18:34:53,670 middleware 30884 30220 Response: 200 for GET /api/dashboard/crm-comprehensive/
INFO 2025-09-01 18:34:53,670 basehttp 30884 30220 "GET /api/dashboard/crm-comprehensive/ HTTP/1.1" 200 1850
INFO 2025-09-01 18:42:45,006 middleware 30884 18696 Request: GET /api/dashboard/employees/
INFO 2025-09-01 18:42:45,852 users_screenshots_view 30884 18696 S3 client initialized successfully for users_screenshots API
INFO 2025-09-01 18:42:45,979 users_screenshots_view 30884 18696 Starting to process users_screenshots folder...
INFO 2025-09-01 18:42:47,870 users_screenshots_view 30884 18696 Processing page with 534 objects
INFO 2025-09-01 18:42:47,872 users_screenshots_view 30884 18696 S3 Processing Summary:
INFO 2025-09-01 18:42:47,873 users_screenshots_view 30884 18696   - Total users found: 3
INFO 2025-09-01 18:42:47,873 users_screenshots_view 30884 18696   - Active users: 3
INFO 2025-09-01 18:42:47,873 users_screenshots_view 30884 18696   - Total files: 533
INFO 2025-09-01 18:42:47,874 users_screenshots_view 30884 18696   - Users data: ['haseebcodejourney_at_gmail.com', 'kiranaiza4_at_gmail.com', 'nawaz_at_dxdglobal.com']
INFO 2025-09-01 18:42:47,901 users_screenshots_view 30884 18696 Processed users_screenshots: 3 users, 533 files, 97.09MB
INFO 2025-09-01 18:42:47,902 users_screenshots_view 30884 18696 Users screenshots data retrieved successfully - Total: 3, Active: 3, Growth: 100.0%
INFO 2025-09-01 18:42:47,902 middleware 30884 18696 Response: 200 for GET /api/dashboard/employees/
INFO 2025-09-01 18:42:47,903 basehttp 30884 18696 "GET /api/dashboard/employees/ HTTP/1.1" 200 1508
INFO 2025-09-06 14:56:03,402 autoreload 26340 16932 Watching for file changes with StatReloader
INFO 2025-09-06 14:56:08,273 middleware 26340 9752 Request: GET /
INFO 2025-09-06 14:56:08,626 middleware 26340 9752 Response: 404 for GET /
WARNING 2025-09-06 14:56:08,642 log 26340 9752 Not Found: /
WARNING 2025-09-06 14:56:08,642 basehttp 26340 9752 "GET / HTTP/1.1" 404 3930
INFO 2025-09-06 14:56:08,964 middleware 26340 9752 Request: GET /favicon.ico
INFO 2025-09-06 14:56:08,969 middleware 26340 9752 Response: 404 for GET /favicon.ico
WARNING 2025-09-06 14:56:08,970 log 26340 9752 Not Found: /favicon.ico
WARNING 2025-09-06 14:56:08,971 basehttp 26340 9752 "GET /favicon.ico HTTP/1.1" 404 3981
INFO 2025-09-06 14:57:11,334 middleware 26340 10276 Request: GET /health
INFO 2025-09-06 14:57:11,369 middleware 26340 10276 Response: 404 for GET /health
INFO 2025-09-06 14:57:11,381 basehttp 26340 10276 "GET /health HTTP/1.1" 301 0
INFO 2025-09-06 14:57:17,973 middleware 26340 692 Request: GET /api/live-tracking/fast-screenshots/
INFO 2025-09-06 14:57:18,001 middleware 26340 692 Response: 404 for GET /api/live-tracking/fast-screenshots/
WARNING 2025-09-06 14:57:18,003 log 26340 692 Not Found: /api/live-tracking/fast-screenshots/
WARNING 2025-09-06 14:57:18,005 basehttp 26340 692 "GET /api/live-tracking/fast-screenshots/?limit=100&start_date=2025-09-05&end_date=2025-09-06 HTTP/1.1" 404 5236
INFO 2025-09-06 15:00:17,245 autoreload 26340 16932 C:\Users\sweid\Desktop\backend\dxdfocurpropanel\manage.py changed, reloading.
INFO 2025-09-06 15:00:57,882 middleware 22960 26604 Request: GET /api/live-tracking/fast-screenshots/
INFO 2025-09-06 15:00:57,906 middleware 22960 26604 Response: 404 for GET /api/live-tracking/fast-screenshots/
WARNING 2025-09-06 15:00:57,910 log 22960 26604 Not Found: /api/live-tracking/fast-screenshots/
WARNING 2025-09-06 15:00:57,911 basehttp 22960 26604 "GET /api/live-tracking/fast-screenshots/?limit=100&start_date=2025-09-05&end_date=2025-09-06 HTTP/1.1" 404 5236
INFO 2025-09-06 15:01:00,291 middleware 22960 26604 Request: GET /api/live-tracking/fast-screenshots/
INFO 2025-09-06 15:01:00,299 middleware 22960 26604 Response: 404 for GET /api/live-tracking/fast-screenshots/
WARNING 2025-09-06 15:01:00,300 log 22960 26604 Not Found: /api/live-tracking/fast-screenshots/
WARNING 2025-09-06 15:01:00,301 basehttp 22960 26604 "GET /api/live-tracking/fast-screenshots/?limit=100&start_date=2025-09-05&end_date=2025-09-06 HTTP/1.1" 404 5236
INFO 2025-09-06 15:02:18,886 middleware 22960 26604 Request: GET /api/live-tracking/fast-screenshots/
INFO 2025-09-06 15:02:18,898 middleware 22960 26604 Response: 404 for GET /api/live-tracking/fast-screenshots/
WARNING 2025-09-06 15:02:18,899 log 22960 26604 Not Found: /api/live-tracking/fast-screenshots/
WARNING 2025-09-06 15:02:18,900 basehttp 22960 26604 "GET /api/live-tracking/fast-screenshots/?limit=100&start_date=2025-09-05&end_date=2025-09-06 HTTP/1.1" 404 5236
INFO 2025-09-06 15:02:19,585 middleware 22960 26604 Request: GET /api/live-tracking/fast-screenshots/
INFO 2025-09-06 15:02:19,593 middleware 22960 26604 Response: 404 for GET /api/live-tracking/fast-screenshots/
WARNING 2025-09-06 15:02:19,593 log 22960 26604 Not Found: /api/live-tracking/fast-screenshots/
WARNING 2025-09-06 15:02:19,594 basehttp 22960 26604 "GET /api/live-tracking/fast-screenshots/?limit=100&start_date=2025-09-05&end_date=2025-09-06 HTTP/1.1" 404 5236
INFO 2025-09-06 15:07:21,105 middleware 22960 24336 Request: GET /api/live-tracking/fast-screenshots/
INFO 2025-09-06 15:07:21,131 middleware 22960 24336 Response: 404 for GET /api/live-tracking/fast-screenshots/
WARNING 2025-09-06 15:07:21,134 log 22960 24336 Not Found: /api/live-tracking/fast-screenshots/
WARNING 2025-09-06 15:07:21,135 basehttp 22960 24336 "GET /api/live-tracking/fast-screenshots/?limit=100&start_date=2025-09-05&end_date=2025-09-06 HTTP/1.1" 404 5236
INFO 2025-09-06 15:10:55,209 middleware 716 11068 Request: GET /api/live-tracking/fast-screenshots/
INFO 2025-09-06 15:10:56,703 users_screenshots_view 716 11068 S3 client initialized successfully for users_screenshots API
INFO 2025-09-06 15:10:56,787 users_screenshots_view 716 11068 Starting to process users_screenshots folder...
INFO 2025-09-06 15:10:58,400 users_screenshots_view 716 11068 Processing page with 534 objects
INFO 2025-09-06 15:10:58,401 users_screenshots_view 716 11068 S3 Processing Summary:
INFO 2025-09-06 15:10:58,402 users_screenshots_view 716 11068   - Total users found: 3
INFO 2025-09-06 15:10:58,402 users_screenshots_view 716 11068   - Active users: 3
INFO 2025-09-06 15:10:58,402 users_screenshots_view 716 11068   - Total files: 533
INFO 2025-09-06 15:10:58,402 users_screenshots_view 716 11068   - Users data: ['haseebcodejourney_at_gmail.com', 'kiranaiza4_at_gmail.com', 'nawaz_at_dxdglobal.com']
INFO 2025-09-06 15:10:58,446 users_screenshots_view 716 11068 Processed users_screenshots: 3 users, 533 files, 97.09MB
INFO 2025-09-06 15:10:58,447 users_screenshots_view 716 11068 Users screenshots data retrieved successfully - Total: 3, Active: 3, Growth: 0.0%
INFO 2025-09-06 15:10:58,447 middleware 716 11068 Response: 200 for GET /api/live-tracking/fast-screenshots/
INFO 2025-09-06 15:10:58,448 basehttp 716 11068 "GET /api/live-tracking/fast-screenshots/?limit=100&start_date=2025-09-05&end_date=2025-09-06 HTTP/1.1" 200 1502
INFO 2025-09-06 15:12:26,060 middleware 716 11068 Request: GET /api/live-tracking/fast-screenshots/
INFO 2025-09-06 15:12:26,069 users_screenshots_view 716 11068 S3 client initialized successfully for users_screenshots API
INFO 2025-09-06 15:12:26,070 users_screenshots_view 716 11068 Starting to process users_screenshots folder...
INFO 2025-09-06 15:12:28,445 users_screenshots_view 716 11068 Processing page with 534 objects
INFO 2025-09-06 15:12:28,447 users_screenshots_view 716 11068 S3 Processing Summary:
INFO 2025-09-06 15:12:28,447 users_screenshots_view 716 11068   - Total users found: 3
INFO 2025-09-06 15:12:28,448 users_screenshots_view 716 11068   - Active users: 3
INFO 2025-09-06 15:12:28,448 users_screenshots_view 716 11068   - Total files: 533
INFO 2025-09-06 15:12:28,449 users_screenshots_view 716 11068   - Users data: ['haseebcodejourney_at_gmail.com', 'kiranaiza4_at_gmail.com', 'nawaz_at_dxdglobal.com']
INFO 2025-09-06 15:12:28,450 users_screenshots_view 716 11068 Processed users_screenshots: 3 users, 533 files, 97.09MB
INFO 2025-09-06 15:12:28,451 users_screenshots_view 716 11068 Users screenshots data retrieved successfully - Total: 3, Active: 3, Growth: 0.0%
INFO 2025-09-06 15:12:28,452 middleware 716 11068 Response: 200 for GET /api/live-tracking/fast-screenshots/
INFO 2025-09-06 15:12:28,455 basehttp 716 11068 "GET /api/live-tracking/fast-screenshots/?limit=100&start_date=2025-09-05&end_date=2025-09-06 HTTP/1.1" 200 1502
INFO 2025-09-06 15:18:58,796 middleware 716 24104 Request: GET /api/live-tracking/fast-screenshots/
INFO 2025-09-06 15:18:58,881 users_screenshots_view 716 24104 S3 client initialized successfully for users_screenshots API
INFO 2025-09-06 15:18:58,885 users_screenshots_view 716 24104 Starting to process users_screenshots folder...
INFO 2025-09-06 15:19:01,848 users_screenshots_view 716 24104 Processing page with 534 objects
INFO 2025-09-06 15:19:01,851 users_screenshots_view 716 24104 S3 Processing Summary:
INFO 2025-09-06 15:19:01,851 users_screenshots_view 716 24104   - Total users found: 3
INFO 2025-09-06 15:19:01,851 users_screenshots_view 716 24104   - Active users: 3
INFO 2025-09-06 15:19:01,852 users_screenshots_view 716 24104   - Total files: 533
INFO 2025-09-06 15:19:01,852 users_screenshots_view 716 24104   - Users data: ['haseebcodejourney_at_gmail.com', 'kiranaiza4_at_gmail.com', 'nawaz_at_dxdglobal.com']
INFO 2025-09-06 15:19:01,853 users_screenshots_view 716 24104 Processed users_screenshots: 3 users, 533 files, 97.09MB
INFO 2025-09-06 15:19:01,854 users_screenshots_view 716 24104 Users screenshots data retrieved successfully - Total: 3, Active: 3, Growth: 0.0%
INFO 2025-09-06 15:19:01,860 middleware 716 24104 Response: 200 for GET /api/live-tracking/fast-screenshots/
INFO 2025-09-06 15:19:01,866 basehttp 716 24104 "GET /api/live-tracking/fast-screenshots/?limit=100&start_date=2025-09-05&end_date=2025-09-06 HTTP/1.1" 200 1502
INFO 2025-09-06 15:19:54,483 middleware 716 24104 Request: GET /api/live-tracking/fast-screenshots/
INFO 2025-09-06 15:19:54,496 users_screenshots_view 716 24104 S3 client initialized successfully for users_screenshots API
INFO 2025-09-06 15:19:54,498 users_screenshots_view 716 24104 Starting to process users_screenshots folder...
INFO 2025-09-06 15:19:57,297 users_screenshots_view 716 24104 Processing page with 534 objects
INFO 2025-09-06 15:19:57,300 users_screenshots_view 716 24104 S3 Processing Summary:
INFO 2025-09-06 15:19:57,300 users_screenshots_view 716 24104   - Total users found: 3
INFO 2025-09-06 15:19:57,301 users_screenshots_view 716 24104   - Active users: 3
INFO 2025-09-06 15:19:57,301 users_screenshots_view 716 24104   - Total files: 533
INFO 2025-09-06 15:19:57,301 users_screenshots_view 716 24104   - Users data: ['haseebcodejourney_at_gmail.com', 'kiranaiza4_at_gmail.com', 'nawaz_at_dxdglobal.com']
INFO 2025-09-06 15:19:57,302 users_screenshots_view 716 24104 Processed users_screenshots: 3 users, 533 files, 97.09MB
INFO 2025-09-06 15:19:57,302 users_screenshots_view 716 24104 Users screenshots data retrieved successfully - Total: 3, Active: 3, Growth: 0.0%
INFO 2025-09-06 15:19:57,303 middleware 716 24104 Response: 200 for GET /api/live-tracking/fast-screenshots/
INFO 2025-09-06 15:19:57,305 basehttp 716 24104 "GET /api/live-tracking/fast-screenshots/?limit=100&start_date=2025-09-05&end_date=2025-09-06 HTTP/1.1" 200 1502
INFO 2025-09-06 15:22:17,733 middleware 716 24104 Request: GET /api/live-tracking/fast-screenshots/
INFO 2025-09-06 15:22:17,746 users_screenshots_view 716 24104 S3 client initialized successfully for users_screenshots API
INFO 2025-09-06 15:22:17,747 users_screenshots_view 716 24104 Starting to process users_screenshots folder...
INFO 2025-09-06 15:22:19,817 users_screenshots_view 716 24104 Processing page with 534 objects
INFO 2025-09-06 15:22:19,819 users_screenshots_view 716 24104 S3 Processing Summary:
INFO 2025-09-06 15:22:19,819 users_screenshots_view 716 24104   - Total users found: 3
INFO 2025-09-06 15:22:19,820 users_screenshots_view 716 24104   - Active users: 3
INFO 2025-09-06 15:22:19,820 users_screenshots_view 716 24104   - Total files: 533
INFO 2025-09-06 15:22:19,820 users_screenshots_view 716 24104   - Users data: ['haseebcodejourney_at_gmail.com', 'kiranaiza4_at_gmail.com', 'nawaz_at_dxdglobal.com']
INFO 2025-09-06 15:22:19,821 users_screenshots_view 716 24104 Processed users_screenshots: 3 users, 533 files, 97.09MB
INFO 2025-09-06 15:22:19,821 users_screenshots_view 716 24104 Users screenshots data retrieved successfully - Total: 3, Active: 3, Growth: 0.0%
INFO 2025-09-06 15:22:19,822 middleware 716 24104 Response: 200 for GET /api/live-tracking/fast-screenshots/
INFO 2025-09-06 15:22:19,823 basehttp 716 24104 "GET /api/live-tracking/fast-screenshots/?limit=100&start_date=2025-09-05&end_date=2025-09-06 HTTP/1.1" 200 1502
INFO 2025-09-06 15:24:17,057 middleware 716 24104 Request: GET /api/live-tracking/fast-screenshots/
INFO 2025-09-06 15:24:17,067 users_screenshots_view 716 24104 S3 client initialized successfully for users_screenshots API
INFO 2025-09-06 15:24:17,069 users_screenshots_view 716 24104 Starting to process users_screenshots folder...
INFO 2025-09-06 15:24:19,745 users_screenshots_view 716 24104 Processing page with 534 objects
INFO 2025-09-06 15:24:19,747 users_screenshots_view 716 24104 S3 Processing Summary:
INFO 2025-09-06 15:24:19,747 users_screenshots_view 716 24104   - Total users found: 3
INFO 2025-09-06 15:24:19,747 users_screenshots_view 716 24104   - Active users: 3
INFO 2025-09-06 15:24:19,748 users_screenshots_view 716 24104   - Total files: 533
INFO 2025-09-06 15:24:19,748 users_screenshots_view 716 24104   - Users data: ['haseebcodejourney_at_gmail.com', 'kiranaiza4_at_gmail.com', 'nawaz_at_dxdglobal.com']
INFO 2025-09-06 15:24:19,749 users_screenshots_view 716 24104 Processed users_screenshots: 3 users, 533 files, 97.09MB
INFO 2025-09-06 15:24:19,750 users_screenshots_view 716 24104 Users screenshots data retrieved successfully - Total: 3, Active: 3, Growth: 0.0%
INFO 2025-09-06 15:24:19,751 middleware 716 24104 Response: 200 for GET /api/live-tracking/fast-screenshots/
INFO 2025-09-06 15:24:19,752 basehttp 716 24104 "GET /api/live-tracking/fast-screenshots/?limit=100&start_date=2025-09-05&end_date=2025-09-06 HTTP/1.1" 200 1502
INFO 2025-09-06 15:25:19,240 middleware 716 24104 Request: GET /api/live-tracking/fast-screenshots/
INFO 2025-09-06 15:25:19,255 users_screenshots_view 716 24104 S3 client initialized successfully for users_screenshots API
INFO 2025-09-06 15:25:19,256 users_screenshots_view 716 24104 Starting to process users_screenshots folder...
INFO 2025-09-06 15:25:21,141 users_screenshots_view 716 24104 Processing page with 534 objects
INFO 2025-09-06 15:25:21,143 users_screenshots_view 716 24104 S3 Processing Summary:
INFO 2025-09-06 15:25:21,143 users_screenshots_view 716 24104   - Total users found: 3
INFO 2025-09-06 15:25:21,143 users_screenshots_view 716 24104   - Active users: 3
INFO 2025-09-06 15:25:21,143 users_screenshots_view 716 24104   - Total files: 533
INFO 2025-09-06 15:25:21,144 users_screenshots_view 716 24104   - Users data: ['haseebcodejourney_at_gmail.com', 'kiranaiza4_at_gmail.com', 'nawaz_at_dxdglobal.com']
INFO 2025-09-06 15:25:21,144 users_screenshots_view 716 24104 Processed users_screenshots: 3 users, 533 files, 97.09MB
INFO 2025-09-06 15:25:21,145 users_screenshots_view 716 24104 Users screenshots data retrieved successfully - Total: 3, Active: 3, Growth: 0.0%
INFO 2025-09-06 15:25:21,146 middleware 716 24104 Response: 200 for GET /api/live-tracking/fast-screenshots/
INFO 2025-09-06 15:25:21,147 basehttp 716 24104 "GET /api/live-tracking/fast-screenshots/?limit=100&start_date=2025-09-05&end_date=2025-09-06 HTTP/1.1" 200 1502
INFO 2025-09-06 15:25:29,296 middleware 716 24104 Request: GET /api/live-tracking/fast-screenshots/
INFO 2025-09-06 15:25:29,305 users_screenshots_view 716 24104 S3 client initialized successfully for users_screenshots API
INFO 2025-09-06 15:25:29,306 users_screenshots_view 716 24104 Starting to process users_screenshots folder...
INFO 2025-09-06 15:25:32,473 users_screenshots_view 716 24104 Processing page with 534 objects
INFO 2025-09-06 15:25:32,476 users_screenshots_view 716 24104 S3 Processing Summary:
INFO 2025-09-06 15:25:32,477 users_screenshots_view 716 24104   - Total users found: 3
INFO 2025-09-06 15:25:32,477 users_screenshots_view 716 24104   - Active users: 3
INFO 2025-09-06 15:25:32,478 users_screenshots_view 716 24104   - Total files: 533
INFO 2025-09-06 15:25:32,478 users_screenshots_view 716 24104   - Users data: ['haseebcodejourney_at_gmail.com', 'kiranaiza4_at_gmail.com', 'nawaz_at_dxdglobal.com']
INFO 2025-09-06 15:25:32,479 users_screenshots_view 716 24104 Processed users_screenshots: 3 users, 533 files, 97.09MB
INFO 2025-09-06 15:25:32,480 users_screenshots_view 716 24104 Users screenshots data retrieved successfully - Total: 3, Active: 3, Growth: 0.0%
INFO 2025-09-06 15:25:32,481 middleware 716 24104 Response: 200 for GET /api/live-tracking/fast-screenshots/
INFO 2025-09-06 15:25:32,483 basehttp 716 24104 "GET /api/live-tracking/fast-screenshots/?limit=100&start_date=2024-12-31&end_date=2025-12-31 HTTP/1.1" 200 1502
INFO 2025-09-06 15:29:26,829 middleware 716 24104 Request: GET /api/live-tracking/fast-screenshots/
INFO 2025-09-06 15:29:26,844 users_screenshots_view 716 24104 S3 client initialized successfully for users_screenshots API
INFO 2025-09-06 15:29:26,846 users_screenshots_view 716 24104 Starting to process users_screenshots folder...
INFO 2025-09-06 15:29:29,095 users_screenshots_view 716 24104 Processing page with 534 objects
INFO 2025-09-06 15:29:29,098 users_screenshots_view 716 24104 S3 Processing Summary:
INFO 2025-09-06 15:29:29,098 users_screenshots_view 716 24104   - Total users found: 3
INFO 2025-09-06 15:29:29,098 users_screenshots_view 716 24104   - Active users: 3
INFO 2025-09-06 15:29:29,099 users_screenshots_view 716 24104   - Total files: 533
INFO 2025-09-06 15:29:29,099 users_screenshots_view 716 24104   - Users data: ['haseebcodejourney_at_gmail.com', 'kiranaiza4_at_gmail.com', 'nawaz_at_dxdglobal.com']
INFO 2025-09-06 15:29:29,100 users_screenshots_view 716 24104 Processed users_screenshots: 3 users, 533 files, 97.09MB
INFO 2025-09-06 15:29:29,101 users_screenshots_view 716 24104 Users screenshots data retrieved successfully - Total: 3, Active: 3, Growth: 0.0%
INFO 2025-09-06 15:29:29,102 middleware 716 24104 Response: 200 for GET /api/live-tracking/fast-screenshots/
INFO 2025-09-06 15:29:29,103 basehttp 716 24104 "GET /api/live-tracking/fast-screenshots/?limit=100&start_date=2025-09-05&end_date=2025-09-06 HTTP/1.1" 200 1502
INFO 2025-09-06 15:36:23,056 middleware 716 18900 Request: GET /api/live-tracking/fast-screenshots/
INFO 2025-09-06 15:36:23,077 users_screenshots_view 716 18900 S3 client initialized successfully for users_screenshots API
INFO 2025-09-06 15:36:23,079 users_screenshots_view 716 18900 Starting to process users_screenshots folder...
INFO 2025-09-06 15:36:24,684 users_screenshots_view 716 18900 Processing page with 534 objects
INFO 2025-09-06 15:36:24,687 users_screenshots_view 716 18900 S3 Processing Summary:
INFO 2025-09-06 15:36:24,687 users_screenshots_view 716 18900   - Total users found: 3
INFO 2025-09-06 15:36:24,687 users_screenshots_view 716 18900   - Active users: 3
INFO 2025-09-06 15:36:24,688 users_screenshots_view 716 18900   - Total files: 533
INFO 2025-09-06 15:36:24,688 users_screenshots_view 716 18900   - Users data: ['haseebcodejourney_at_gmail.com', 'kiranaiza4_at_gmail.com', 'nawaz_at_dxdglobal.com']
INFO 2025-09-06 15:36:24,690 users_screenshots_view 716 18900 Processed users_screenshots: 3 users, 533 files, 97.09MB
INFO 2025-09-06 15:36:24,691 users_screenshots_view 716 18900 Users screenshots data retrieved successfully - Total: 3, Active: 3, Growth: 0.0%
INFO 2025-09-06 15:36:24,693 middleware 716 18900 Response: 200 for GET /api/live-tracking/fast-screenshots/
INFO 2025-09-06 15:36:24,695 basehttp 716 18900 "GET /api/live-tracking/fast-screenshots/?limit=100&start_date=2025-09-05&end_date=2025-09-06 HTTP/1.1" 200 1502
INFO 2025-09-06 15:45:20,751 middleware 716 1124 Request: GET /api/live-tracking/fast-screenshots/
INFO 2025-09-06 15:45:20,837 users_screenshots_view 716 1124 S3 client initialized successfully for users_screenshots API
INFO 2025-09-06 15:45:20,840 users_screenshots_view 716 1124 Starting to process users_screenshots folder...
INFO 2025-09-06 15:45:24,038 users_screenshots_view 716 1124 Processing page with 534 objects
INFO 2025-09-06 15:45:24,042 users_screenshots_view 716 1124 S3 Processing Summary:
INFO 2025-09-06 15:45:24,043 users_screenshots_view 716 1124   - Total users found: 3
INFO 2025-09-06 15:45:24,044 users_screenshots_view 716 1124   - Active users: 3
INFO 2025-09-06 15:45:24,044 users_screenshots_view 716 1124   - Total files: 533
INFO 2025-09-06 15:45:24,046 users_screenshots_view 716 1124   - Users data: ['haseebcodejourney_at_gmail.com', 'kiranaiza4_at_gmail.com', 'nawaz_at_dxdglobal.com']
INFO 2025-09-06 15:45:24,048 users_screenshots_view 716 1124 Processed users_screenshots: 3 users, 533 files, 97.09MB
INFO 2025-09-06 15:45:24,049 users_screenshots_view 716 1124 Users screenshots data retrieved successfully - Total: 3, Active: 3, Growth: 0.0%
INFO 2025-09-06 15:45:24,053 middleware 716 1124 Response: 200 for GET /api/live-tracking/fast-screenshots/
INFO 2025-09-06 15:45:24,056 basehttp 716 1124 "GET /api/live-tracking/fast-screenshots/?limit=100&start_date=2025-09-05&end_date=2025-09-06 HTTP/1.1" 200 1502
INFO 2025-09-06 15:46:56,610 middleware 716 1124 Request: GET /api/live-tracking/fast-screenshots/
INFO 2025-09-06 15:46:56,627 users_screenshots_view 716 1124 S3 client initialized successfully for users_screenshots API
INFO 2025-09-06 15:46:56,628 users_screenshots_view 716 1124 Starting to process users_screenshots folder...
INFO 2025-09-06 15:46:58,813 users_screenshots_view 716 1124 Processing page with 534 objects
INFO 2025-09-06 15:46:58,814 users_screenshots_view 716 1124 S3 Processing Summary:
INFO 2025-09-06 15:46:58,815 users_screenshots_view 716 1124   - Total users found: 3
INFO 2025-09-06 15:46:58,815 users_screenshots_view 716 1124   - Active users: 3
INFO 2025-09-06 15:46:58,815 users_screenshots_view 716 1124   - Total files: 533
INFO 2025-09-06 15:46:58,815 users_screenshots_view 716 1124   - Users data: ['haseebcodejourney_at_gmail.com', 'kiranaiza4_at_gmail.com', 'nawaz_at_dxdglobal.com']
INFO 2025-09-06 15:46:58,816 users_screenshots_view 716 1124 Processed users_screenshots: 3 users, 533 files, 97.09MB
INFO 2025-09-06 15:46:58,817 users_screenshots_view 716 1124 Users screenshots data retrieved successfully - Total: 3, Active: 3, Growth: 0.0%
INFO 2025-09-06 15:46:58,819 middleware 716 1124 Response: 200 for GET /api/live-tracking/fast-screenshots/
INFO 2025-09-06 15:46:58,820 basehttp 716 1124 "GET /api/live-tracking/fast-screenshots/?limit=100&start_date=2025-09-05&end_date=2025-09-06 HTTP/1.1" 200 1502
INFO 2025-09-06 15:47:11,032 middleware 716 1124 Request: GET /api/live-tracking/fast-screenshots/
INFO 2025-09-06 15:47:11,047 users_screenshots_view 716 1124 S3 client initialized successfully for users_screenshots API
INFO 2025-09-06 15:47:11,049 users_screenshots_view 716 1124 Starting to process users_screenshots folder...
INFO 2025-09-06 15:47:12,945 users_screenshots_view 716 1124 Processing page with 534 objects
INFO 2025-09-06 15:47:12,947 users_screenshots_view 716 1124 S3 Processing Summary:
INFO 2025-09-06 15:47:12,947 users_screenshots_view 716 1124   - Total users found: 3
INFO 2025-09-06 15:47:12,948 users_screenshots_view 716 1124   - Active users: 3
INFO 2025-09-06 15:47:12,948 users_screenshots_view 716 1124   - Total files: 533
INFO 2025-09-06 15:47:12,949 users_screenshots_view 716 1124   - Users data: ['haseebcodejourney_at_gmail.com', 'kiranaiza4_at_gmail.com', 'nawaz_at_dxdglobal.com']
INFO 2025-09-06 15:47:12,950 users_screenshots_view 716 1124 Processed users_screenshots: 3 users, 533 files, 97.09MB
INFO 2025-09-06 15:47:12,950 users_screenshots_view 716 1124 Users screenshots data retrieved successfully - Total: 3, Active: 3, Growth: 0.0%
INFO 2025-09-06 15:47:12,951 middleware 716 1124 Response: 200 for GET /api/live-tracking/fast-screenshots/
INFO 2025-09-06 15:47:12,953 basehttp 716 1124 "GET /api/live-tracking/fast-screenshots/?limit=100&start_date=2025-08-30&end_date=2025-09-06 HTTP/1.1" 200 1502
INFO 2025-09-06 15:47:18,953 middleware 716 1124 Request: GET /api/live-tracking/fast-screenshots/
INFO 2025-09-06 15:47:18,973 users_screenshots_view 716 1124 S3 client initialized successfully for users_screenshots API
INFO 2025-09-06 15:47:18,975 users_screenshots_view 716 1124 Starting to process users_screenshots folder...
INFO 2025-09-06 15:47:21,126 users_screenshots_view 716 1124 Processing page with 534 objects
INFO 2025-09-06 15:47:21,129 users_screenshots_view 716 1124 S3 Processing Summary:
INFO 2025-09-06 15:47:21,129 users_screenshots_view 716 1124   - Total users found: 3
INFO 2025-09-06 15:47:21,130 users_screenshots_view 716 1124   - Active users: 3
INFO 2025-09-06 15:47:21,130 users_screenshots_view 716 1124   - Total files: 533
INFO 2025-09-06 15:47:21,131 users_screenshots_view 716 1124   - Users data: ['haseebcodejourney_at_gmail.com', 'kiranaiza4_at_gmail.com', 'nawaz_at_dxdglobal.com']
INFO 2025-09-06 15:47:21,132 users_screenshots_view 716 1124 Processed users_screenshots: 3 users, 533 files, 97.09MB
INFO 2025-09-06 15:47:21,133 users_screenshots_view 716 1124 Users screenshots data retrieved successfully - Total: 3, Active: 3, Growth: 0.0%
INFO 2025-09-06 15:47:21,134 middleware 716 1124 Response: 200 for GET /api/live-tracking/fast-screenshots/
INFO 2025-09-06 15:47:21,136 basehttp 716 1124 "GET /api/live-tracking/fast-screenshots/?limit=100&start_date=2024-12-31&end_date=2025-12-31 HTTP/1.1" 200 1502
INFO 2025-09-06 15:47:28,565 middleware 716 1124 Request: GET /api/live-tracking/fast-screenshots/
INFO 2025-09-06 15:47:28,600 users_screenshots_view 716 1124 S3 client initialized successfully for users_screenshots API
INFO 2025-09-06 15:47:28,603 users_screenshots_view 716 1124 Starting to process users_screenshots folder...
INFO 2025-09-06 15:47:32,098 users_screenshots_view 716 1124 Processing page with 534 objects
INFO 2025-09-06 15:47:32,102 users_screenshots_view 716 1124 S3 Processing Summary:
INFO 2025-09-06 15:47:32,102 users_screenshots_view 716 1124   - Total users found: 3
INFO 2025-09-06 15:47:32,103 users_screenshots_view 716 1124   - Active users: 3
INFO 2025-09-06 15:47:32,103 users_screenshots_view 716 1124   - Total files: 533
INFO 2025-09-06 15:47:32,104 users_screenshots_view 716 1124   - Users data: ['haseebcodejourney_at_gmail.com', 'kiranaiza4_at_gmail.com', 'nawaz_at_dxdglobal.com']
INFO 2025-09-06 15:47:32,105 users_screenshots_view 716 1124 Processed users_screenshots: 3 users, 533 files, 97.09MB
INFO 2025-09-06 15:47:32,106 users_screenshots_view 716 1124 Users screenshots data retrieved successfully - Total: 3, Active: 3, Growth: 0.0%
INFO 2025-09-06 15:47:32,108 middleware 716 1124 Response: 200 for GET /api/live-tracking/fast-screenshots/
INFO 2025-09-06 15:47:32,111 basehttp 716 1124 "GET /api/live-tracking/fast-screenshots/?limit=100&start_date=2025-08-30&end_date=2025-09-06 HTTP/1.1" 200 1502
INFO 2025-09-06 15:50:26,307 middleware 716 1124 Request: GET /api/live-tracking/fast-screenshots/
INFO 2025-09-06 15:50:26,356 users_screenshots_view 716 1124 S3 client initialized successfully for users_screenshots API
INFO 2025-09-06 15:50:26,362 users_screenshots_view 716 1124 Starting to process users_screenshots folder...
INFO 2025-09-06 15:50:28,369 users_screenshots_view 716 1124 Processing page with 534 objects
INFO 2025-09-06 15:50:28,371 users_screenshots_view 716 1124 S3 Processing Summary:
INFO 2025-09-06 15:50:28,372 users_screenshots_view 716 1124   - Total users found: 3
INFO 2025-09-06 15:50:28,372 users_screenshots_view 716 1124   - Active users: 3
INFO 2025-09-06 15:50:28,373 users_screenshots_view 716 1124   - Total files: 533
INFO 2025-09-06 15:50:28,373 users_screenshots_view 716 1124   - Users data: ['haseebcodejourney_at_gmail.com', 'kiranaiza4_at_gmail.com', 'nawaz_at_dxdglobal.com']
INFO 2025-09-06 15:50:28,375 users_screenshots_view 716 1124 Processed users_screenshots: 3 users, 533 files, 97.09MB
INFO 2025-09-06 15:50:28,377 users_screenshots_view 716 1124 Users screenshots data retrieved successfully - Total: 3, Active: 3, Growth: 0.0%
INFO 2025-09-06 15:50:28,379 middleware 716 1124 Response: 200 for GET /api/live-tracking/fast-screenshots/
INFO 2025-09-06 15:50:28,382 basehttp 716 1124 "GET /api/live-tracking/fast-screenshots/?limit=100&start_date=2025-08-30&end_date=2025-09-06 HTTP/1.1" 200 1502
INFO 2025-09-06 15:50:56,735 middleware 716 1124 Request: GET /api/live-tracking/fast-screenshots/
INFO 2025-09-06 15:50:56,753 users_screenshots_view 716 1124 S3 client initialized successfully for users_screenshots API
INFO 2025-09-06 15:50:56,756 users_screenshots_view 716 1124 Starting to process users_screenshots folder...
INFO 2025-09-06 15:50:58,797 users_screenshots_view 716 1124 Processing page with 534 objects
INFO 2025-09-06 15:50:58,799 users_screenshots_view 716 1124 S3 Processing Summary:
INFO 2025-09-06 15:50:58,800 users_screenshots_view 716 1124   - Total users found: 3
INFO 2025-09-06 15:50:58,800 users_screenshots_view 716 1124   - Active users: 3
INFO 2025-09-06 15:50:58,800 users_screenshots_view 716 1124   - Total files: 533
INFO 2025-09-06 15:50:58,801 users_screenshots_view 716 1124   - Users data: ['haseebcodejourney_at_gmail.com', 'kiranaiza4_at_gmail.com', 'nawaz_at_dxdglobal.com']
INFO 2025-09-06 15:50:58,802 users_screenshots_view 716 1124 Processed users_screenshots: 3 users, 533 files, 97.09MB
INFO 2025-09-06 15:50:58,803 users_screenshots_view 716 1124 Users screenshots data retrieved successfully - Total: 3, Active: 3, Growth: 0.0%
INFO 2025-09-06 15:50:58,804 middleware 716 1124 Response: 200 for GET /api/live-tracking/fast-screenshots/
INFO 2025-09-06 15:50:58,806 basehttp 716 1124 "GET /api/live-tracking/fast-screenshots/?limit=100&start_date=2025-09-05&end_date=2025-09-06 HTTP/1.1" 200 1502
INFO 2025-09-06 15:51:02,332 middleware 716 1124 Request: GET /api/live-tracking/fast-screenshots/
INFO 2025-09-06 15:51:02,350 users_screenshots_view 716 1124 S3 client initialized successfully for users_screenshots API
INFO 2025-09-06 15:51:02,352 users_screenshots_view 716 1124 Starting to process users_screenshots folder...
INFO 2025-09-06 15:51:04,415 users_screenshots_view 716 1124 Processing page with 534 objects
INFO 2025-09-06 15:51:04,418 users_screenshots_view 716 1124 S3 Processing Summary:
INFO 2025-09-06 15:51:04,418 users_screenshots_view 716 1124   - Total users found: 3
INFO 2025-09-06 15:51:04,419 users_screenshots_view 716 1124   - Active users: 3
INFO 2025-09-06 15:51:04,419 users_screenshots_view 716 1124   - Total files: 533
INFO 2025-09-06 15:51:04,420 users_screenshots_view 716 1124   - Users data: ['haseebcodejourney_at_gmail.com', 'kiranaiza4_at_gmail.com', 'nawaz_at_dxdglobal.com']
INFO 2025-09-06 15:51:04,420 users_screenshots_view 716 1124 Processed users_screenshots: 3 users, 533 files, 97.09MB
INFO 2025-09-06 15:51:04,421 users_screenshots_view 716 1124 Users screenshots data retrieved successfully - Total: 3, Active: 3, Growth: 0.0%
INFO 2025-09-06 15:51:04,422 middleware 716 1124 Response: 200 for GET /api/live-tracking/fast-screenshots/
INFO 2025-09-06 15:51:04,424 basehttp 716 1124 "GET /api/live-tracking/fast-screenshots/?limit=100&start_date=2025-08-30&end_date=2025-09-06 HTTP/1.1" 200 1502
INFO 2025-09-06 15:55:28,754 middleware 27264 22200 Request: GET /api/live-tracking/fast-screenshots/
INFO 2025-09-06 15:55:30,092 users_screenshots_view 27264 22200 S3 client initialized successfully for users_screenshots API
INFO 2025-09-06 15:55:32,289 middleware 27264 22200 Response: 200 for GET /api/live-tracking/fast-screenshots/
INFO 2025-09-06 15:55:32,291 basehttp 27264 22200 "GET /api/live-tracking/fast-screenshots/?limit=100&start_date=2025-09-05&end_date=2025-09-06 HTTP/1.1" 200 2493
INFO 2025-09-06 15:55:33,351 middleware 27264 22200 Request: GET /api/live-tracking/fast-screenshots/
INFO 2025-09-06 15:55:33,365 users_screenshots_view 27264 22200 S3 client initialized successfully for users_screenshots API
INFO 2025-09-06 15:55:35,116 middleware 27264 22200 Response: 200 for GET /api/live-tracking/fast-screenshots/
INFO 2025-09-06 15:55:35,118 basehttp 27264 22200 "GET /api/live-tracking/fast-screenshots/?limit=100&start_date=2025-08-30&end_date=2025-09-06 HTTP/1.1" 200 2493
INFO 2025-09-06 15:55:51,853 middleware 27264 22200 Request: GET /api/live-tracking/fast-screenshots/
INFO 2025-09-06 15:55:51,865 users_screenshots_view 27264 22200 S3 client initialized successfully for users_screenshots API
INFO 2025-09-06 15:55:53,646 middleware 27264 22200 Response: 200 for GET /api/live-tracking/fast-screenshots/
INFO 2025-09-06 15:55:53,647 basehttp 27264 22200 "GET /api/live-tracking/fast-screenshots/?limit=100&start_date=2025-08-30&end_date=2025-09-06 HTTP/1.1" 200 2493
INFO 2025-09-06 15:59:34,809 middleware 4424 3292 Request: GET /api/live-tracking/fast-screenshots/
INFO 2025-09-06 15:59:35,915 users_screenshots_view 4424 3292 S3 client initialized successfully for users_screenshots API
INFO 2025-09-06 15:59:36,028 users_screenshots_view 4424 3292 Starting to process users_screenshots folder...
INFO 2025-09-06 15:59:37,133 middleware 4424 6924 Request: GET /api/live-tracking/fast-screenshots/
INFO 2025-09-06 15:59:37,147 users_screenshots_view 4424 6924 S3 client initialized successfully for users_screenshots API
INFO 2025-09-06 15:59:37,148 users_screenshots_view 4424 6924 Starting to process users_screenshots folder...
INFO 2025-09-06 15:59:39,270 users_screenshots_view 4424 3292 Processing page with 534 objects
INFO 2025-09-06 15:59:39,307 users_screenshots_view 4424 3292 S3 Processing Summary:
INFO 2025-09-06 15:59:39,335 users_screenshots_view 4424 3292   - Total users found: 3
INFO 2025-09-06 15:59:39,358 users_screenshots_view 4424 3292   - Active users: 3
INFO 2025-09-06 15:59:39,390 users_screenshots_view 4424 3292   - Total files: 533
INFO 2025-09-06 15:59:39,420 users_screenshots_view 4424 3292   - Users data: ['haseebcodejourney_at_gmail.com', 'kiranaiza4_at_gmail.com', 'nawaz_at_dxdglobal.com']
INFO 2025-09-06 15:59:39,450 users_screenshots_view 4424 6924 Processing page with 534 objects
INFO 2025-09-06 15:59:39,453 users_screenshots_view 4424 6924 S3 Processing Summary:
INFO 2025-09-06 15:59:39,453 users_screenshots_view 4424 6924   - Total users found: 3
INFO 2025-09-06 15:59:39,454 users_screenshots_view 4424 6924   - Active users: 3
INFO 2025-09-06 15:59:39,454 users_screenshots_view 4424 6924   - Total files: 533
INFO 2025-09-06 15:59:39,469 users_screenshots_view 4424 6924   - Users data: ['haseebcodejourney_at_gmail.com', 'kiranaiza4_at_gmail.com', 'nawaz_at_dxdglobal.com']
INFO 2025-09-06 15:59:39,472 users_screenshots_view 4424 3292 Processed users_screenshots: 3 users, 533 files, 97.09MB
INFO 2025-09-06 15:59:39,473 users_screenshots_view 4424 6924 Processed users_screenshots: 3 users, 533 files, 97.09MB
INFO 2025-09-06 15:59:39,474 users_screenshots_view 4424 3292 Users screenshots data retrieved successfully - Total: 3, Active: 3, Growth: 0.0%
INFO 2025-09-06 15:59:39,475 users_screenshots_view 4424 6924 Users screenshots data retrieved successfully - Total: 3, Active: 3, Growth: 0.0%
INFO 2025-09-06 15:59:39,477 middleware 4424 3292 Response: 200 for GET /api/live-tracking/fast-screenshots/
INFO 2025-09-06 15:59:39,479 middleware 4424 6924 Response: 200 for GET /api/live-tracking/fast-screenshots/
INFO 2025-09-06 15:59:39,482 basehttp 4424 3292 "GET /api/live-tracking/fast-screenshots/?limit=100&start_date=2025-09-05&end_date=2025-09-06 HTTP/1.1" 200 1502
INFO 2025-09-06 15:59:39,483 basehttp 4424 6924 "GET /api/live-tracking/fast-screenshots/?limit=100&start_date=2025-08-30&end_date=2025-09-06 HTTP/1.1" 200 1502
INFO 2025-09-06 16:04:47,653 middleware 18396 22432 Request: GET /api/live-tracking/fast-screenshots/
INFO 2025-09-06 16:04:48,324 users_screenshots_view 18396 22432 S3 client initialized successfully for users_screenshots API
INFO 2025-09-06 16:04:48,408 users_screenshots_view 18396 22432 Starting to process users_screenshots folder...
INFO 2025-09-06 16:04:49,822 middleware 18396 26024 Request: GET /api/live-tracking/fast-screenshots/
INFO 2025-09-06 16:04:49,835 users_screenshots_view 18396 26024 S3 client initialized successfully for users_screenshots API
INFO 2025-09-06 16:04:49,837 users_screenshots_view 18396 26024 Starting to process users_screenshots folder...
INFO 2025-09-06 16:04:50,610 users_screenshots_view 18396 22432 Processing page with 534 objects
INFO 2025-09-06 16:04:50,613 users_screenshots_view 18396 22432 S3 Processing Summary:
INFO 2025-09-06 16:04:50,613 users_screenshots_view 18396 22432   - Total users found: 3
INFO 2025-09-06 16:04:50,614 users_screenshots_view 18396 22432   - Active users: 3
INFO 2025-09-06 16:04:50,614 users_screenshots_view 18396 22432   - Total files: 533
INFO 2025-09-06 16:04:50,615 users_screenshots_view 18396 22432   - Users data: ['haseebcodejourney_at_gmail.com', 'kiranaiza4_at_gmail.com', 'nawaz_at_dxdglobal.com']
ERROR 2025-09-06 16:04:50,635 users_screenshots_view 18396 22432 Error getting comprehensive screenshots data: name 'latest_file_key' is not defined
INFO 2025-09-06 16:04:50,636 users_screenshots_view 18396 22432 Users screenshots data retrieved successfully - Total: 0, Active: 0, Growth: 0%
INFO 2025-09-06 16:04:50,638 middleware 18396 22432 Response: 200 for GET /api/live-tracking/fast-screenshots/
INFO 2025-09-06 16:04:50,639 basehttp 18396 22432 "GET /api/live-tracking/fast-screenshots/?limit=100&start_date=2025-09-05&end_date=2025-09-06 HTTP/1.1" 200 978
INFO 2025-09-06 16:04:51,566 users_screenshots_view 18396 26024 Processing page with 534 objects
INFO 2025-09-06 16:04:51,568 users_screenshots_view 18396 26024 S3 Processing Summary:
INFO 2025-09-06 16:04:51,569 users_screenshots_view 18396 26024   - Total users found: 3
INFO 2025-09-06 16:04:51,569 users_screenshots_view 18396 26024   - Active users: 3
INFO 2025-09-06 16:04:51,570 users_screenshots_view 18396 26024   - Total files: 533
INFO 2025-09-06 16:04:51,570 users_screenshots_view 18396 26024   - Users data: ['haseebcodejourney_at_gmail.com', 'kiranaiza4_at_gmail.com', 'nawaz_at_dxdglobal.com']
ERROR 2025-09-06 16:04:51,571 users_screenshots_view 18396 26024 Error getting comprehensive screenshots data: name 'latest_file_key' is not defined
INFO 2025-09-06 16:04:51,572 users_screenshots_view 18396 26024 Users screenshots data retrieved successfully - Total: 0, Active: 0, Growth: 0%
INFO 2025-09-06 16:04:51,573 middleware 18396 26024 Response: 200 for GET /api/live-tracking/fast-screenshots/
INFO 2025-09-06 16:04:51,574 basehttp 18396 26024 "GET /api/live-tracking/fast-screenshots/?limit=100&start_date=2025-08-30&end_date=2025-09-06 HTTP/1.1" 200 978
INFO 2025-09-06 16:05:07,547 middleware 18396 26024 Request: GET /api/live-tracking/fast-screenshots/
INFO 2025-09-06 16:05:07,574 users_screenshots_view 18396 26024 S3 client initialized successfully for users_screenshots API
INFO 2025-09-06 16:05:07,576 users_screenshots_view 18396 26024 Starting to process users_screenshots folder...
INFO 2025-09-06 16:05:12,106 users_screenshots_view 18396 26024 Processing page with 534 objects
INFO 2025-09-06 16:05:12,108 users_screenshots_view 18396 26024 S3 Processing Summary:
INFO 2025-09-06 16:05:12,109 users_screenshots_view 18396 26024   - Total users found: 3
INFO 2025-09-06 16:05:12,110 users_screenshots_view 18396 26024   - Active users: 3
INFO 2025-09-06 16:05:12,111 users_screenshots_view 18396 26024   - Total files: 533
INFO 2025-09-06 16:05:12,112 users_screenshots_view 18396 26024   - Users data: ['haseebcodejourney_at_gmail.com', 'kiranaiza4_at_gmail.com', 'nawaz_at_dxdglobal.com']
ERROR 2025-09-06 16:05:12,113 users_screenshots_view 18396 26024 Error getting comprehensive screenshots data: name 'latest_file_key' is not defined
INFO 2025-09-06 16:05:12,114 users_screenshots_view 18396 26024 Users screenshots data retrieved successfully - Total: 0, Active: 0, Growth: 0%
INFO 2025-09-06 16:05:12,115 middleware 18396 26024 Response: 200 for GET /api/live-tracking/fast-screenshots/
INFO 2025-09-06 16:05:12,117 basehttp 18396 26024 "GET /api/live-tracking/fast-screenshots/?limit=100&start_date=2025-09-05&end_date=2025-09-06 HTTP/1.1" 200 978
INFO 2025-09-06 16:05:13,829 middleware 18396 26024 Request: GET /api/live-tracking/fast-screenshots/
INFO 2025-09-06 16:05:13,846 users_screenshots_view 18396 26024 S3 client initialized successfully for users_screenshots API
INFO 2025-09-06 16:05:13,847 users_screenshots_view 18396 26024 Starting to process users_screenshots folder...
INFO 2025-09-06 16:05:16,423 users_screenshots_view 18396 26024 Processing page with 534 objects
INFO 2025-09-06 16:05:16,426 users_screenshots_view 18396 26024 S3 Processing Summary:
INFO 2025-09-06 16:05:16,426 users_screenshots_view 18396 26024   - Total users found: 3
INFO 2025-09-06 16:05:16,427 users_screenshots_view 18396 26024   - Active users: 3
INFO 2025-09-06 16:05:16,428 users_screenshots_view 18396 26024   - Total files: 533
INFO 2025-09-06 16:05:16,428 users_screenshots_view 18396 26024   - Users data: ['haseebcodejourney_at_gmail.com', 'kiranaiza4_at_gmail.com', 'nawaz_at_dxdglobal.com']
ERROR 2025-09-06 16:05:16,429 users_screenshots_view 18396 26024 Error getting comprehensive screenshots data: name 'latest_file_key' is not defined
INFO 2025-09-06 16:05:16,430 users_screenshots_view 18396 26024 Users screenshots data retrieved successfully - Total: 0, Active: 0, Growth: 0%
INFO 2025-09-06 16:05:16,431 middleware 18396 26024 Response: 200 for GET /api/live-tracking/fast-screenshots/
INFO 2025-09-06 16:05:16,433 basehttp 18396 26024 "GET /api/live-tracking/fast-screenshots/?limit=100&start_date=2025-08-30&end_date=2025-09-06 HTTP/1.1" 200 978
INFO 2025-09-06 16:05:58,541 middleware 16620 24004 Request: GET /api/live-tracking/fast-screenshots/
INFO 2025-09-06 16:05:59,028 users_screenshots_view 16620 24004 S3 client initialized successfully for users_screenshots API
INFO 2025-09-06 16:05:59,070 users_screenshots_view 16620 24004 Starting to process users_screenshots folder...
INFO 2025-09-06 16:06:02,006 users_screenshots_view 16620 24004 Processing page with 534 objects
INFO 2025-09-06 16:06:02,009 users_screenshots_view 16620 24004 S3 Processing Summary:
INFO 2025-09-06 16:06:02,009 users_screenshots_view 16620 24004   - Total users found: 3
INFO 2025-09-06 16:06:02,010 users_screenshots_view 16620 24004   - Active users: 3
INFO 2025-09-06 16:06:02,010 users_screenshots_view 16620 24004   - Total files: 533
INFO 2025-09-06 16:06:02,011 users_screenshots_view 16620 24004   - Users data: ['haseebcodejourney_at_gmail.com', 'kiranaiza4_at_gmail.com', 'nawaz_at_dxdglobal.com']
INFO 2025-09-06 16:06:02,035 users_screenshots_view 16620 24004 Processed users_screenshots: 3 users, 533 files, 97.09MB
INFO 2025-09-06 16:06:02,036 users_screenshots_view 16620 24004 Users screenshots data retrieved successfully - Total: 3, Active: 3, Growth: 0.0%
INFO 2025-09-06 16:06:02,038 middleware 16620 24004 Response: 200 for GET /api/live-tracking/fast-screenshots/
INFO 2025-09-06 16:06:02,039 basehttp 16620 24004 "GET /api/live-tracking/fast-screenshots/?limit=100&start_date=2025-09-05&end_date=2025-09-06 HTTP/1.1" 200 2720
INFO 2025-09-06 16:06:08,192 middleware 16620 18436 Request: GET /api/live-tracking/fast-screenshots/
INFO 2025-09-06 16:06:08,203 users_screenshots_view 16620 18436 S3 client initialized successfully for users_screenshots API
INFO 2025-09-06 16:06:08,205 users_screenshots_view 16620 18436 Starting to process users_screenshots folder...
INFO 2025-09-06 16:06:12,020 users_screenshots_view 16620 18436 Processing page with 534 objects
INFO 2025-09-06 16:06:12,023 users_screenshots_view 16620 18436 S3 Processing Summary:
INFO 2025-09-06 16:06:12,023 users_screenshots_view 16620 18436   - Total users found: 3
INFO 2025-09-06 16:06:12,023 users_screenshots_view 16620 18436   - Active users: 3
INFO 2025-09-06 16:06:12,024 users_screenshots_view 16620 18436   - Total files: 533
INFO 2025-09-06 16:06:12,024 users_screenshots_view 16620 18436   - Users data: ['haseebcodejourney_at_gmail.com', 'kiranaiza4_at_gmail.com', 'nawaz_at_dxdglobal.com']
INFO 2025-09-06 16:06:12,030 users_screenshots_view 16620 18436 Processed users_screenshots: 3 users, 533 files, 97.09MB
INFO 2025-09-06 16:06:12,031 users_screenshots_view 16620 18436 Users screenshots data retrieved successfully - Total: 3, Active: 3, Growth: 0.0%
INFO 2025-09-06 16:06:12,032 middleware 16620 18436 Response: 200 for GET /api/live-tracking/fast-screenshots/
INFO 2025-09-06 16:06:12,034 basehttp 16620 18436 "GET /api/live-tracking/fast-screenshots/?limit=100&start_date=2025-09-05&end_date=2025-09-06 HTTP/1.1" 200 2720
INFO 2025-09-06 16:06:14,593 middleware 16620 18436 Request: GET /api/live-tracking/fast-screenshots/
INFO 2025-09-06 16:06:14,620 users_screenshots_view 16620 18436 S3 client initialized successfully for users_screenshots API
INFO 2025-09-06 16:06:14,622 users_screenshots_view 16620 18436 Starting to process users_screenshots folder...
INFO 2025-09-06 16:06:16,568 users_screenshots_view 16620 18436 Processing page with 534 objects
INFO 2025-09-06 16:06:16,570 users_screenshots_view 16620 18436 S3 Processing Summary:
INFO 2025-09-06 16:06:16,571 users_screenshots_view 16620 18436   - Total users found: 3
INFO 2025-09-06 16:06:16,571 users_screenshots_view 16620 18436   - Active users: 3
INFO 2025-09-06 16:06:16,572 users_screenshots_view 16620 18436   - Total files: 533
INFO 2025-09-06 16:06:16,572 users_screenshots_view 16620 18436   - Users data: ['haseebcodejourney_at_gmail.com', 'kiranaiza4_at_gmail.com', 'nawaz_at_dxdglobal.com']
INFO 2025-09-06 16:06:16,579 users_screenshots_view 16620 18436 Processed users_screenshots: 3 users, 533 files, 97.09MB
INFO 2025-09-06 16:06:16,580 users_screenshots_view 16620 18436 Users screenshots data retrieved successfully - Total: 3, Active: 3, Growth: 0.0%
INFO 2025-09-06 16:06:16,581 middleware 16620 18436 Response: 200 for GET /api/live-tracking/fast-screenshots/
INFO 2025-09-06 16:06:16,584 basehttp 16620 18436 "GET /api/live-tracking/fast-screenshots/?limit=100&start_date=2025-08-30&end_date=2025-09-06 HTTP/1.1" 200 2720
INFO 2025-09-06 16:06:57,118 middleware 16620 18436 Request: GET /api/live-tracking/fast-screenshots/
INFO 2025-09-06 16:06:57,133 users_screenshots_view 16620 18436 S3 client initialized successfully for users_screenshots API
INFO 2025-09-06 16:06:57,135 users_screenshots_view 16620 18436 Starting to process users_screenshots folder...
INFO 2025-09-06 16:07:00,292 users_screenshots_view 16620 18436 Processing page with 534 objects
INFO 2025-09-06 16:07:00,294 users_screenshots_view 16620 18436 S3 Processing Summary:
INFO 2025-09-06 16:07:00,295 users_screenshots_view 16620 18436   - Total users found: 3
INFO 2025-09-06 16:07:00,295 users_screenshots_view 16620 18436   - Active users: 3
INFO 2025-09-06 16:07:00,296 users_screenshots_view 16620 18436   - Total files: 533
INFO 2025-09-06 16:07:00,297 users_screenshots_view 16620 18436   - Users data: ['haseebcodejourney_at_gmail.com', 'kiranaiza4_at_gmail.com', 'nawaz_at_dxdglobal.com']
INFO 2025-09-06 16:07:00,302 users_screenshots_view 16620 18436 Processed users_screenshots: 3 users, 533 files, 97.09MB
INFO 2025-09-06 16:07:00,302 users_screenshots_view 16620 18436 Users screenshots data retrieved successfully - Total: 3, Active: 3, Growth: 0.0%
INFO 2025-09-06 16:07:00,304 middleware 16620 18436 Response: 200 for GET /api/live-tracking/fast-screenshots/
INFO 2025-09-06 16:07:00,306 basehttp 16620 18436 "GET /api/live-tracking/fast-screenshots/?limit=100&start_date=2025-09-05&end_date=2025-09-06 HTTP/1.1" 200 2720
INFO 2025-09-06 16:07:01,358 middleware 16620 18436 Request: GET /api/live-tracking/fast-screenshots/
INFO 2025-09-06 16:07:01,371 users_screenshots_view 16620 18436 S3 client initialized successfully for users_screenshots API
INFO 2025-09-06 16:07:01,372 users_screenshots_view 16620 18436 Starting to process users_screenshots folder...
INFO 2025-09-06 16:07:03,182 users_screenshots_view 16620 18436 Processing page with 534 objects
INFO 2025-09-06 16:07:03,185 users_screenshots_view 16620 18436 S3 Processing Summary:
INFO 2025-09-06 16:07:03,185 users_screenshots_view 16620 18436   - Total users found: 3
INFO 2025-09-06 16:07:03,186 users_screenshots_view 16620 18436   - Active users: 3
INFO 2025-09-06 16:07:03,187 users_screenshots_view 16620 18436   - Total files: 533
INFO 2025-09-06 16:07:03,187 users_screenshots_view 16620 18436   - Users data: ['haseebcodejourney_at_gmail.com', 'kiranaiza4_at_gmail.com', 'nawaz_at_dxdglobal.com']
INFO 2025-09-06 16:07:03,194 users_screenshots_view 16620 18436 Processed users_screenshots: 3 users, 533 files, 97.09MB
INFO 2025-09-06 16:07:03,195 users_screenshots_view 16620 18436 Users screenshots data retrieved successfully - Total: 3, Active: 3, Growth: 0.0%
INFO 2025-09-06 16:07:03,196 middleware 16620 18436 Response: 200 for GET /api/live-tracking/fast-screenshots/
INFO 2025-09-06 16:07:03,198 basehttp 16620 18436 "GET /api/live-tracking/fast-screenshots/?limit=100&start_date=2025-08-30&end_date=2025-09-06 HTTP/1.1" 200 2720
INFO 2025-09-06 16:10:59,992 middleware 16620 18436 Request: GET /api/live-tracking/fast-screenshots/
INFO 2025-09-06 16:11:00,052 users_screenshots_view 16620 18436 S3 client initialized successfully for users_screenshots API
INFO 2025-09-06 16:11:00,055 users_screenshots_view 16620 18436 Starting to process users_screenshots folder...
INFO 2025-09-06 16:11:02,024 users_screenshots_view 16620 18436 Processing page with 534 objects
INFO 2025-09-06 16:11:02,027 users_screenshots_view 16620 18436 S3 Processing Summary:
INFO 2025-09-06 16:11:02,027 users_screenshots_view 16620 18436   - Total users found: 3
INFO 2025-09-06 16:11:02,027 users_screenshots_view 16620 18436   - Active users: 3
INFO 2025-09-06 16:11:02,028 users_screenshots_view 16620 18436   - Total files: 533
INFO 2025-09-06 16:11:02,028 users_screenshots_view 16620 18436   - Users data: ['haseebcodejourney_at_gmail.com', 'kiranaiza4_at_gmail.com', 'nawaz_at_dxdglobal.com']
INFO 2025-09-06 16:11:02,033 users_screenshots_view 16620 18436 Processed users_screenshots: 3 users, 533 files, 97.09MB
INFO 2025-09-06 16:11:02,033 users_screenshots_view 16620 18436 Users screenshots data retrieved successfully - Total: 3, Active: 3, Growth: 0.0%
INFO 2025-09-06 16:11:02,035 middleware 16620 18436 Response: 200 for GET /api/live-tracking/fast-screenshots/
INFO 2025-09-06 16:11:02,036 basehttp 16620 18436 "GET /api/live-tracking/fast-screenshots/?limit=100&start_date=2025-09-05&end_date=2025-09-06 HTTP/1.1" 200 2720
INFO 2025-09-06 16:11:02,980 middleware 16620 18436 Request: GET /api/live-tracking/fast-screenshots/
INFO 2025-09-06 16:11:03,020 users_screenshots_view 16620 18436 S3 client initialized successfully for users_screenshots API
INFO 2025-09-06 16:11:03,021 users_screenshots_view 16620 18436 Starting to process users_screenshots folder...
INFO 2025-09-06 16:11:04,853 users_screenshots_view 16620 18436 Processing page with 534 objects
INFO 2025-09-06 16:11:04,856 users_screenshots_view 16620 18436 S3 Processing Summary:
INFO 2025-09-06 16:11:04,856 users_screenshots_view 16620 18436   - Total users found: 3
INFO 2025-09-06 16:11:04,857 users_screenshots_view 16620 18436   - Active users: 3
INFO 2025-09-06 16:11:04,857 users_screenshots_view 16620 18436   - Total files: 533
INFO 2025-09-06 16:11:04,857 users_screenshots_view 16620 18436   - Users data: ['haseebcodejourney_at_gmail.com', 'kiranaiza4_at_gmail.com', 'nawaz_at_dxdglobal.com']
INFO 2025-09-06 16:11:04,863 users_screenshots_view 16620 18436 Processed users_screenshots: 3 users, 533 files, 97.09MB
INFO 2025-09-06 16:11:04,864 users_screenshots_view 16620 18436 Users screenshots data retrieved successfully - Total: 3, Active: 3, Growth: 0.0%
INFO 2025-09-06 16:11:04,865 middleware 16620 18436 Response: 200 for GET /api/live-tracking/fast-screenshots/
INFO 2025-09-06 16:11:04,867 basehttp 16620 18436 "GET /api/live-tracking/fast-screenshots/?limit=100&start_date=2025-08-30&end_date=2025-09-06 HTTP/1.1" 200 2720
INFO 2025-09-06 16:11:28,209 middleware 16620 18436 Request: GET /api/live-tracking/fast-screenshots/
INFO 2025-09-06 16:11:28,219 users_screenshots_view 16620 18436 S3 client initialized successfully for users_screenshots API
INFO 2025-09-06 16:11:28,220 users_screenshots_view 16620 18436 Starting to process users_screenshots folder...
INFO 2025-09-06 16:11:30,277 users_screenshots_view 16620 18436 Processing page with 534 objects
INFO 2025-09-06 16:11:30,279 users_screenshots_view 16620 18436 S3 Processing Summary:
INFO 2025-09-06 16:11:30,279 users_screenshots_view 16620 18436   - Total users found: 3
INFO 2025-09-06 16:11:30,280 users_screenshots_view 16620 18436   - Active users: 3
INFO 2025-09-06 16:11:30,280 users_screenshots_view 16620 18436   - Total files: 533
INFO 2025-09-06 16:11:30,280 users_screenshots_view 16620 18436   - Users data: ['haseebcodejourney_at_gmail.com', 'kiranaiza4_at_gmail.com', 'nawaz_at_dxdglobal.com']
INFO 2025-09-06 16:11:30,285 users_screenshots_view 16620 18436 Processed users_screenshots: 3 users, 533 files, 97.09MB
INFO 2025-09-06 16:11:30,286 users_screenshots_view 16620 18436 Users screenshots data retrieved successfully - Total: 3, Active: 3, Growth: 0.0%
INFO 2025-09-06 16:11:30,286 middleware 16620 18436 Response: 200 for GET /api/live-tracking/fast-screenshots/
INFO 2025-09-06 16:11:30,287 basehttp 16620 18436 "GET /api/live-tracking/fast-screenshots/?limit=100&start_date=2025-09-05&end_date=2025-09-06 HTTP/1.1" 200 2720
INFO 2025-09-06 16:11:31,091 middleware 16620 18436 Request: GET /api/live-tracking/fast-screenshots/
INFO 2025-09-06 16:11:31,107 users_screenshots_view 16620 18436 S3 client initialized successfully for users_screenshots API
INFO 2025-09-06 16:11:31,108 users_screenshots_view 16620 18436 Starting to process users_screenshots folder...
INFO 2025-09-06 16:11:32,530 users_screenshots_view 16620 18436 Processing page with 534 objects
INFO 2025-09-06 16:11:32,532 users_screenshots_view 16620 18436 S3 Processing Summary:
INFO 2025-09-06 16:11:32,533 users_screenshots_view 16620 18436   - Total users found: 3
INFO 2025-09-06 16:11:32,533 users_screenshots_view 16620 18436   - Active users: 3
INFO 2025-09-06 16:11:32,534 users_screenshots_view 16620 18436   - Total files: 533
INFO 2025-09-06 16:11:32,535 users_screenshots_view 16620 18436   - Users data: ['haseebcodejourney_at_gmail.com', 'kiranaiza4_at_gmail.com', 'nawaz_at_dxdglobal.com']
INFO 2025-09-06 16:11:32,541 users_screenshots_view 16620 18436 Processed users_screenshots: 3 users, 533 files, 97.09MB
INFO 2025-09-06 16:11:32,542 users_screenshots_view 16620 18436 Users screenshots data retrieved successfully - Total: 3, Active: 3, Growth: 0.0%
INFO 2025-09-06 16:11:32,543 middleware 16620 18436 Response: 200 for GET /api/live-tracking/fast-screenshots/
INFO 2025-09-06 16:11:32,544 basehttp 16620 18436 "GET /api/live-tracking/fast-screenshots/?limit=100&start_date=2025-08-30&end_date=2025-09-06 HTTP/1.1" 200 2720
INFO 2025-09-06 16:15:56,640 middleware 16620 18436 Request: GET /api/live-tracking/fast-screenshots/
INFO 2025-09-06 16:15:56,664 users_screenshots_view 16620 18436 S3 client initialized successfully for users_screenshots API
INFO 2025-09-06 16:15:56,667 users_screenshots_view 16620 18436 Starting to process users_screenshots folder...
INFO 2025-09-06 16:15:59,538 users_screenshots_view 16620 18436 Processing page with 534 objects
INFO 2025-09-06 16:15:59,540 users_screenshots_view 16620 18436 S3 Processing Summary:
INFO 2025-09-06 16:15:59,541 users_screenshots_view 16620 18436   - Total users found: 3
INFO 2025-09-06 16:15:59,541 users_screenshots_view 16620 18436   - Active users: 3
INFO 2025-09-06 16:15:59,542 users_screenshots_view 16620 18436   - Total files: 533
INFO 2025-09-06 16:15:59,543 users_screenshots_view 16620 18436   - Users data: ['haseebcodejourney_at_gmail.com', 'kiranaiza4_at_gmail.com', 'nawaz_at_dxdglobal.com']
INFO 2025-09-06 16:15:59,551 users_screenshots_view 16620 18436 Processed users_screenshots: 3 users, 533 files, 97.09MB
INFO 2025-09-06 16:15:59,552 users_screenshots_view 16620 18436 Users screenshots data retrieved successfully - Total: 3, Active: 3, Growth: 0.0%
INFO 2025-09-06 16:15:59,555 middleware 16620 18436 Response: 200 for GET /api/live-tracking/fast-screenshots/
INFO 2025-09-06 16:15:59,557 basehttp 16620 18436 "GET /api/live-tracking/fast-screenshots/?limit=100&start_date=2025-09-05&end_date=2025-09-06 HTTP/1.1" 200 2720
INFO 2025-09-06 16:16:03,684 middleware 16620 18436 Request: GET /api/live-tracking/fast-screenshots/
INFO 2025-09-06 16:16:03,719 users_screenshots_view 16620 18436 S3 client initialized successfully for users_screenshots API
INFO 2025-09-06 16:16:03,721 users_screenshots_view 16620 18436 Starting to process users_screenshots folder...
INFO 2025-09-06 16:16:06,395 users_screenshots_view 16620 18436 Processing page with 534 objects
INFO 2025-09-06 16:16:06,398 users_screenshots_view 16620 18436 S3 Processing Summary:
INFO 2025-09-06 16:16:06,398 users_screenshots_view 16620 18436   - Total users found: 3
INFO 2025-09-06 16:16:06,399 users_screenshots_view 16620 18436   - Active users: 3
INFO 2025-09-06 16:16:06,399 users_screenshots_view 16620 18436   - Total files: 533
INFO 2025-09-06 16:16:06,400 users_screenshots_view 16620 18436   - Users data: ['haseebcodejourney_at_gmail.com', 'kiranaiza4_at_gmail.com', 'nawaz_at_dxdglobal.com']
INFO 2025-09-06 16:16:06,406 users_screenshots_view 16620 18436 Processed users_screenshots: 3 users, 533 files, 97.09MB
INFO 2025-09-06 16:16:06,407 users_screenshots_view 16620 18436 Users screenshots data retrieved successfully - Total: 3, Active: 3, Growth: 0.0%
INFO 2025-09-06 16:16:06,408 middleware 16620 18436 Response: 200 for GET /api/live-tracking/fast-screenshots/
INFO 2025-09-06 16:16:06,410 basehttp 16620 18436 "GET /api/live-tracking/fast-screenshots/?limit=100&start_date=2025-08-30&end_date=2025-09-06 HTTP/1.1" 200 2720
INFO 2025-09-06 16:22:02,790 middleware 16620 25920 Request: GET /api/live-tracking/fast-screenshots/
INFO 2025-09-06 16:22:02,803 users_screenshots_view 16620 25920 S3 client initialized successfully for users_screenshots API
INFO 2025-09-06 16:22:02,806 users_screenshots_view 16620 25920 Starting to process users_screenshots folder...
INFO 2025-09-06 16:22:05,218 users_screenshots_view 16620 25920 Processing page with 534 objects
INFO 2025-09-06 16:22:05,221 users_screenshots_view 16620 25920 S3 Processing Summary:
INFO 2025-09-06 16:22:05,221 users_screenshots_view 16620 25920   - Total users found: 3
INFO 2025-09-06 16:22:05,221 users_screenshots_view 16620 25920   - Active users: 3
INFO 2025-09-06 16:22:05,222 users_screenshots_view 16620 25920   - Total files: 533
INFO 2025-09-06 16:22:05,222 users_screenshots_view 16620 25920   - Users data: ['haseebcodejourney_at_gmail.com', 'kiranaiza4_at_gmail.com', 'nawaz_at_dxdglobal.com']
INFO 2025-09-06 16:22:05,228 users_screenshots_view 16620 25920 Processed users_screenshots: 3 users, 533 files, 97.09MB
INFO 2025-09-06 16:22:05,229 users_screenshots_view 16620 25920 Users screenshots data retrieved successfully - Total: 3, Active: 3, Growth: 0.0%
INFO 2025-09-06 16:22:05,230 middleware 16620 25920 Response: 200 for GET /api/live-tracking/fast-screenshots/
INFO 2025-09-06 16:22:05,231 basehttp 16620 25920 "GET /api/live-tracking/fast-screenshots/?limit=100&start_date=2025-09-05&end_date=2025-09-06 HTTP/1.1" 200 2720
INFO 2025-09-06 16:22:11,691 middleware 16620 25920 Request: GET /api/live-tracking/fast-screenshots/
INFO 2025-09-06 16:22:11,704 users_screenshots_view 16620 25920 S3 client initialized successfully for users_screenshots API
INFO 2025-09-06 16:22:11,707 users_screenshots_view 16620 25920 Starting to process users_screenshots folder...
INFO 2025-09-06 16:22:16,780 users_screenshots_view 16620 25920 Processing page with 534 objects
INFO 2025-09-06 16:22:16,782 users_screenshots_view 16620 25920 S3 Processing Summary:
INFO 2025-09-06 16:22:16,782 users_screenshots_view 16620 25920   - Total users found: 3
INFO 2025-09-06 16:22:16,783 users_screenshots_view 16620 25920   - Active users: 3
INFO 2025-09-06 16:22:16,783 users_screenshots_view 16620 25920   - Total files: 533
INFO 2025-09-06 16:22:16,784 users_screenshots_view 16620 25920   - Users data: ['haseebcodejourney_at_gmail.com', 'kiranaiza4_at_gmail.com', 'nawaz_at_dxdglobal.com']
INFO 2025-09-06 16:22:16,793 users_screenshots_view 16620 25920 Processed users_screenshots: 3 users, 533 files, 97.09MB
INFO 2025-09-06 16:22:16,794 users_screenshots_view 16620 25920 Users screenshots data retrieved successfully - Total: 3, Active: 3, Growth: 0.0%
INFO 2025-09-06 16:22:16,795 middleware 16620 25920 Response: 200 for GET /api/live-tracking/fast-screenshots/
INFO 2025-09-06 16:22:16,798 basehttp 16620 25920 "GET /api/live-tracking/fast-screenshots/?limit=100&start_date=2025-08-30&end_date=2025-09-06 HTTP/1.1" 200 2720
INFO 2025-09-06 16:36:42,774 middleware 16620 17088 Request: GET /api/live-tracking/fast-screenshots/
INFO 2025-09-06 16:36:42,898 users_screenshots_view 16620 17088 S3 client initialized successfully for users_screenshots API
INFO 2025-09-06 16:36:42,903 users_screenshots_view 16620 17088 Starting to process users_screenshots folder...
INFO 2025-09-06 16:36:45,266 users_screenshots_view 16620 17088 Processing page with 534 objects
INFO 2025-09-06 16:36:45,270 users_screenshots_view 16620 17088 S3 Processing Summary:
INFO 2025-09-06 16:36:45,270 users_screenshots_view 16620 17088   - Total users found: 3
INFO 2025-09-06 16:36:45,270 users_screenshots_view 16620 17088   - Active users: 3
INFO 2025-09-06 16:36:45,271 users_screenshots_view 16620 17088   - Total files: 533
INFO 2025-09-06 16:36:45,278 users_screenshots_view 16620 17088   - Users data: ['haseebcodejourney_at_gmail.com', 'kiranaiza4_at_gmail.com', 'nawaz_at_dxdglobal.com']
INFO 2025-09-06 16:36:45,370 users_screenshots_view 16620 17088 Processed users_screenshots: 3 users, 533 files, 97.09MB
INFO 2025-09-06 16:36:45,373 users_screenshots_view 16620 17088 Users screenshots data retrieved successfully - Total: 3, Active: 3, Growth: 0.0%
INFO 2025-09-06 16:36:45,391 middleware 16620 17088 Response: 200 for GET /api/live-tracking/fast-screenshots/
INFO 2025-09-06 16:36:45,406 basehttp 16620 17088 "GET /api/live-tracking/fast-screenshots/?limit=100&start_date=2025-09-05&end_date=2025-09-06 HTTP/1.1" 200 2720
INFO 2025-09-06 16:36:45,407 middleware 16620 25752 Request: GET /api/live-tracking/fast-screenshots/
INFO 2025-09-06 16:36:45,517 users_screenshots_view 16620 25752 S3 client initialized successfully for users_screenshots API
INFO 2025-09-06 16:36:45,523 users_screenshots_view 16620 25752 Starting to process users_screenshots folder...
INFO 2025-09-06 16:36:46,688 users_screenshots_view 16620 25752 Processing page with 534 objects
INFO 2025-09-06 16:36:46,689 users_screenshots_view 16620 25752 S3 Processing Summary:
INFO 2025-09-06 16:36:46,690 users_screenshots_view 16620 25752   - Total users found: 3
INFO 2025-09-06 16:36:46,690 users_screenshots_view 16620 25752   - Active users: 3
INFO 2025-09-06 16:36:46,690 users_screenshots_view 16620 25752   - Total files: 533
INFO 2025-09-06 16:36:46,690 users_screenshots_view 16620 25752   - Users data: ['haseebcodejourney_at_gmail.com', 'kiranaiza4_at_gmail.com', 'nawaz_at_dxdglobal.com']
INFO 2025-09-06 16:36:46,697 users_screenshots_view 16620 25752 Processed users_screenshots: 3 users, 533 files, 97.09MB
INFO 2025-09-06 16:36:46,697 users_screenshots_view 16620 25752 Users screenshots data retrieved successfully - Total: 3, Active: 3, Growth: 0.0%
INFO 2025-09-06 16:36:46,698 middleware 16620 25752 Response: 200 for GET /api/live-tracking/fast-screenshots/
INFO 2025-09-06 16:36:46,699 basehttp 16620 25752 "GET /api/live-tracking/fast-screenshots/?limit=100&start_date=2025-09-05&end_date=2025-09-06 HTTP/1.1" 200 2720
INFO 2025-09-06 16:55:28,667 middleware 16620 2912 Request: GET /api/live-tracking/fast-screenshots/
INFO 2025-09-06 16:55:28,762 users_screenshots_view 16620 2912 S3 client initialized successfully for users_screenshots API
INFO 2025-09-06 16:55:28,768 users_screenshots_view 16620 2912 Starting to process users_screenshots folder...
INFO 2025-09-06 16:55:30,836 users_screenshots_view 16620 2912 Processing page with 534 objects
INFO 2025-09-06 16:55:30,838 users_screenshots_view 16620 2912 S3 Processing Summary:
INFO 2025-09-06 16:55:30,838 users_screenshots_view 16620 2912   - Total users found: 3
INFO 2025-09-06 16:55:30,838 users_screenshots_view 16620 2912   - Active users: 3
INFO 2025-09-06 16:55:30,838 users_screenshots_view 16620 2912   - Total files: 533
INFO 2025-09-06 16:55:30,839 users_screenshots_view 16620 2912   - Users data: ['haseebcodejourney_at_gmail.com', 'kiranaiza4_at_gmail.com', 'nawaz_at_dxdglobal.com']
INFO 2025-09-06 16:55:30,842 users_screenshots_view 16620 2912 Processed users_screenshots: 3 users, 533 files, 97.09MB
INFO 2025-09-06 16:55:30,842 users_screenshots_view 16620 2912 Users screenshots data retrieved successfully - Total: 3, Active: 3, Growth: 0.0%
INFO 2025-09-06 16:55:30,845 middleware 16620 2912 Response: 200 for GET /api/live-tracking/fast-screenshots/
INFO 2025-09-06 16:55:30,846 basehttp 16620 2912 "GET /api/live-tracking/fast-screenshots/?limit=100&start_date=2025-09-05&end_date=2025-09-06 HTTP/1.1" 200 2720
INFO 2025-09-06 16:55:30,849 middleware 16620 19280 Request: GET /api/live-tracking/fast-screenshots/
INFO 2025-09-06 16:55:30,856 users_screenshots_view 16620 19280 S3 client initialized successfully for users_screenshots API
INFO 2025-09-06 16:55:30,857 users_screenshots_view 16620 19280 Starting to process users_screenshots folder...
INFO 2025-09-06 16:55:32,002 users_screenshots_view 16620 19280 Processing page with 534 objects
INFO 2025-09-06 16:55:32,003 users_screenshots_view 16620 19280 S3 Processing Summary:
INFO 2025-09-06 16:55:32,004 users_screenshots_view 16620 19280   - Total users found: 3
INFO 2025-09-06 16:55:32,004 users_screenshots_view 16620 19280   - Active users: 3
INFO 2025-09-06 16:55:32,004 users_screenshots_view 16620 19280   - Total files: 533
INFO 2025-09-06 16:55:32,004 users_screenshots_view 16620 19280   - Users data: ['haseebcodejourney_at_gmail.com', 'kiranaiza4_at_gmail.com', 'nawaz_at_dxdglobal.com']
INFO 2025-09-06 16:55:32,008 users_screenshots_view 16620 19280 Processed users_screenshots: 3 users, 533 files, 97.09MB
INFO 2025-09-06 16:55:32,008 users_screenshots_view 16620 19280 Users screenshots data retrieved successfully - Total: 3, Active: 3, Growth: 0.0%
INFO 2025-09-06 16:55:32,009 middleware 16620 19280 Response: 200 for GET /api/live-tracking/fast-screenshots/
INFO 2025-09-06 16:55:32,009 basehttp 16620 19280 "GET /api/live-tracking/fast-screenshots/?limit=100&start_date=2025-09-05&end_date=2025-09-06 HTTP/1.1" 200 2720
